CustomerID,CustomerName,Age,Gender,AnnualIncome_INR,IncomeCurrency,SpendingScore_1_100,MembershipTier,JoinDate,LastPurchaseDate,VisitFrequency,AvgBasketValue_INR,TotalPurchases,OnlinePurchases,StorePurchases,PreferredCategory,City,Country,EmailProvider,DeviceType,PaymentMethod,LoyaltyPoints,SatisfactionRating_1_5,CouponUsed,ChurnNextMonth,HasPurchaseHistory
CUST100001,Diya Verma,42,Female,241279.0,INR,57,Silver,2024-02-24,2024-09-14,Rarely,758.43,40,3,38,Beauty,Bengaluru,India,gmail.com,Android,Credit Card,1438,2,Yes,0,1
CUST100002,Aditya Nair,52,Male,1135484.0,INR,61,Gold,2025-02-02,2025-10-10,Weekly,2132.28,7,4,2,Sports,Pune,India,hotmail.com,iOS,Upi,865,1,Yes,0,1
CUST100003,Saanvi Kumar,27,Male,241860.0,INR,64,Silver,2022-05-30,2023-12-17,Rarely,2269.85,9,0,10,Electronics,Lucknow,India,gmail.com,Mobile,Upi,2472,1,Yes,0,1
CUST100004,Vihaan Iyer,27,Female,470187.0,INR,86,Silver,2024-01-31,2024-07-18,Rarely,723.67,30,29,1,Food Court,Pune,India,gmail.com,Android,Credit Card,1700,3,Yes,0,1
CUST100005,Krishna Rao,25,Male,630873.0,INR,53,Basic,2022-01-25,2022-05-01,Monthly,12062.69,38,21,17,Fashion,Bengaluru,India,hotmail.com,Web,Credit Card,1203,2,Yes,0,1
CUST100006,Vihaan Iyer,41,Male,25000000.0,INR,51,Silver,2021-04-30,2022-12-14,Monthly,957.19,10,4,7,Gaming,Kolkata,India,gmail.com,Android,Wallet,2332,1,No,0,1
CUST100007,Reyansh Mehta,9,Female,844350.0,INR,68,Silver,2021-11-20,2023-02-11,Weekly,3903.16,13,6,7,Home Decor,Pune,India,outlook.com,iOS,Debit Card,1182,1,No,0,1
CUST100008, Sai Mishra ,27,Male,693450.0,INR,50,Gold,2023-01-17,2025-04-11,Rarely,1638.04,0,0,0,Food Court,Kolkata,India,yahoo.com,Desktop,Upi,855,2,No,0,1
CUST100009,Myra Nair,22,Female,1020287.0,INR,88,Platinum,2024-08-06,2026-01-09,Weekly,1817.0349999999999,9,2,6,Food Court,Ahmedabad,India,gmail.com,Web,Credit Card,553,3,Yes,0,1
CUST100010,Ishaan Chopra,49,Female,821121.0,INR,41,Gold,2024-01-28,2026-05-30,Rarely,2226.43,19,7,12,Food Court,Pune,India,outlook.com,Android,Upi,1057,5,Yes,0,1
CUST100011,Sai Sinha,11,Female,837540.0,INR,67,Basic,2024-11-26,2026-05-10,Monthly,283.96,9,1,7,Kids,Bangalore,India,company.com,iOS,Wallet,412,4,Yes,0,1
CUST100012,Ananya Joshi,33,Male,570610.0,INR,38,Basic,2024-11-25,2024-12-15,Daily,970.5,11,0,12,Kids,Jaipur,India,gmail.com,iOS,Credit Card,1497,3,Yes,0,1
CUST100013,Reyansh Rao,33,Female,609387.0,INR,74,Gold,2021-02-09,2023-03-18,Daily,1272.03,5,4,2,Fashion,Hyderabad,India,gmail.com,iOS,Credit Card,852,1,No,0,1
CUST100014,Kiara Kapoor,28,Male,1085571.0,USD,48,Platinum,2023-01-29,2023-04-09,Rarely,1276.17,20,16,3,Books,Bengaluru,India,company.com,Android,Card,679,4,Yes,0,1
CUST100015,Saanvi Verma,55,Other,444057.0,INR,62,Silver,2022-01-27,2022-04-24,Weekly,2088.18,7,6,1,Home Decor,Chennai,India,yahoo.com,Android,Upi,1001,3,No,0,1
CUST100016,Aadhya Khan,25,Female,213481.0,INR,23,Silver,2022-12-09,2022-12-09,Rarely,1194.35,16,15,1,Fashion,Mumbai,India,gmail.com,Web,Debit Card,613,1,No,0,0
CUST100017,Vivaan Iyer,39,Male,1225084.0,INR,54,Basic,2024-04-20,2025-07-03,Monthly,3803.1,4,2,3,Home Decor,Bengaluru,India,gmail.com,Android,Debit Card,840,2,No,0,1
CUST100018,Saanvi Rao,31,Female,648622.0,INR,32,Silver,2021-06-14,2023-02-16,Weekly,1802.16,6,2,4,Fashion,Bengaluru,India,gmail.com,Web,Credit Card,1472,3,Yes,0,1
CUST100019,Sara Patel,27,Other,1254616.0,INR,100,Gold,2023-11-28,2024-12-02,Rarely,1709.26,6,1,6,Electronics,Ahmedabad,India,gmail.com,iOS,Credit Card,1511,5,Yes,0,1
CUST100020,Aadhya Khan,17,Male,619742.0,INR,25,Basic,2022-07-02,2024-10-19,Rarely,682.0,2,0,3,Beauty,Delhi,India,company.com,Desktop,Credit Card,570,3,Yes,1,1
CUST100021,Amit Patel,30,Female,653437.0,INR,55,Gold,2023-03-26,2025-01-19,Rarely,806.78,37,16,22,Grocery,Mumbai,India,gmail.com,Web,Upi,848,1,Yes,0,1
CUST100022,Reyansh Joshi,28,Male,877245.0,INR,94,Basic,2023-07-31,2024-04-17,Weekly,695.0,17,4,13,Home Decor,Kolkata,India,rediffmail.com,iOS,Upi,1826,4,No,0,1
CUST100023,Saanvi Mehta,49,Other,911335.0,INR,35,Basic,2024-09-12,2025-01-30,Weekly,4085.16,4,0,4,Books,Hyderabad,India,outlook.com,Android,Credit Card,1355,4,No,0,1
CUST100024,Vihaan Iyer,39,Female,343253.0,INR,70,Platinum,2021-02-21,2022-11-17,Monthly,932.47,24,6,19,Kids,Chennai,India,outlook.com,Desktop,Credit Card,1636,1,No,0,1
CUST100025,Ananya Singh,44,Female,220648.0,INR,59,Silver,2021-09-08,2021-09-08,Daily,824.44,1,0,1,Electronics,Pune,India,yahoo.com,Android,Debit Card,1539,5,No,0,0
CUST100026,Kiara Singh,53,Female,531448.0,INR,53,Silver,2023-10-29,2024-06-11,Monthly,1834.74,24,11,13,Books,Lucknow,India,gmail.com,Mobile,Upi,406,4,No,1,1
CUST100027,Vivaan Kapoor,43,Other,1613314.0,INR,29,Gold,2025-02-03,2025-05-11,Monthly,3627.07,10,2,8,Beauty,Bengaluru,India,gmail.com,Web,Credit Card,222,1,Yes,0,1
CUST100028,Amit Chopra,41,Female,485516.0,USD,29,Basic,2024-11-21,2025-08-21,Rarely,2711.87,15,12,2,Books,Ahmedabad,India,outlook.com,Android,Credit Card,2015,4,Yes,0,1
CUST100029,Aditya Joshi,25,Female,374892.0,INR,40,Platinum,2022-03-28,2023-05-06,Monthly,1817.0349999999999,2,1,2,Gaming,Ahmedabad,India,rediffmail.com,iOS,Credit Card,1751,3,Yes,0,1
CUST100030,Reyansh Gupta,43,Male,1368516.0,INR,63,Gold,2022-09-28,2024-10-30,Monthly,1894.23,33,8,26,Sports,Mumbai,India,gmail.com,Web,Debit Card,1065,2,Yes,0,1
CUST100031, Rahul Gupta ,38,Other,558960.0,INR,26,Basic,2023-11-05,2024-12-02,Rarely,5901.35,0,0,0,Gaming,Pune,India,gmail.com,Desktop,Credit Card,2308,4,No,1,1
CUST100032,Diya Sharma,48,Other,515028.0,INR,42,Basic,2021-10-17,2022-10-10,Monthly,1076.75,34,32,2,Food Court,Lucknow,India,yahoo.com,iOS,Credit Card,1523,5,Yes,0,1
CUST100033,Pooja Joshi,43,Male,867954.0,USD,59,Platinum,2023-01-17,2024-12-09,Rarely,2423.89,3,2,1,Electronics,Jaipur,India,company.com,Web,Upi,136,2,No,0,1
CUST100034,Pooja Sinha,53,Male,1033209.0,INR,48,Gold,2023-03-23,2024-08-18,Monthly,1817.0349999999999,2,0,2,Kids,Jaipur,India,hotmail.com,iOS,Credit Card,2596,2,No,1,1
CUST100035,Aditya Verma,28,Female,1677274.0,INR,57,Gold,2022-01-19,2023-11-30,Rarely,1158.01,13,3,10,Books,Lucknow,India,gmail.com,Web,Debit Card,0,1,Yes,0,1
CUST100036,Myra Khan,10,Female,1256858.0,USD,58,Basic,2022-09-28,2024-03-08,Monthly,3717.51,6,0,6,Home Decor,Ahmedabad,India,yahoo.com,Desktop,Debit Card,490,3,Yes,0,1
CUST100037,Arjun Rao,29,Female,542522.0,INR,71,Basic,2024-08-02,2024-09-29,Rarely,2338.02,10,4,6,Kids,Bengaluru,India,gmail.com,Android,Credit Card,1310,4,Yes,0,1
CUST100038,Diya Chopra,23,Male,788894.0,INR,60,Platinum,2021-01-06,2022-09-06,Monthly,1151.93,4,2,3,Books,Ahmedabad,India,outlook.com,iOS,Credit Card,198,3,Yes,0,1
CUST100039,Ira Patel,15,Female,560830.0,INR,48,Silver,2023-10-27,2026-04-03,Weekly,2673.45,37,28,9,Gaming,Ahmedabad,India,gmail.com,iOS,Upi,1738,3,Yes,0,1
CUST100040,Arjun Verma,59,Male,1198552.0,INR,38,Gold,2024-11-03,2025-12-23,Rarely,1608.71,17,4,13,Sports,Pune,India,gmail.com,iOS,Credit Card,615,3,No,0,1
CUST100041,Diya Reddy,43,Male,648622.0,INR,7,Silver,2023-03-17,2024-08-15,Rarely,1793.32,99,46,53,Fashion,Mumbai,India,gmail.com,iOS,Debit Card,1595,1,No,0,1
CUST100042,Aarav Verma,24,Female,708383.0,INR,37,Platinum,2021-02-11,2023-07-15,Monthly,4061.04,0,0,0,Grocery,Chennai,India,hotmail.com,Android,Card,804,5,Yes,0,1
CUST100043,Ira Verma,35,Female,970171.0,INR,33,Silver,2024-11-15,2025-06-11,Monthly,1357.03,21,4,18,Food Court,Lucknow,India,hotmail.com,iOS,Wallet,643,4,Yes,0,1
CUST100044,Arjun Kumar,32,Male,498636.0,INR,59,Basic,2022-08-12,2025-02-06,Rarely,4173.67,2,1,2,Kids,Ahmedabad,India,gmail.com,iOS,Credit Card,701,5,Yes,0,1
CUST100045,Amit Das,47,Male,1286421.0,INR,55,Silver,2022-08-08,2024-05-30,Rarely,2856.94,37,17,20,Books,Mumbai,India,gmail.com,iOS,Card,1361,2,No,1,1
CUST100046,Pooja Mehta,32,Female,626150.0,INR,67,Silver,2025-03-31,2025-07-07,Rarely,4277.44,12,0,5,Books,Jaipur,India,yahoo.com,Mobile,Wallet,1189,2,No,0,1
CUST100047,Sai Khan,28,Male,1254311.0,USD,25,Gold,2023-05-02,2025-04-19,Monthly,4040.04,56,26,31,Sports,Pune,India,gmail.com,Mobile,Debit Card,1957,2,Yes,0,1
CUST100048,Aditya Kapoor,39,Male,770090.0,INR,71,Gold,2021-05-11,2022-11-16,Rarely,737.29,0,0,0,Beauty,Hyderabad,India,gmail.com,iOS,Card,1267,4,Yes,0,1
CUST100049,Saanvi Das,28,Male,622037.0,INR,65,Silver,2025-04-18,2025-04-26,Daily,3573.06,37,28,8,Books,Jaipur,India,gmail.com,Android,Credit Card,449,4,Yes,1,1
CUST100050,Ayaan Mehta,39,Male,799921.0,INR,100,Gold,2022-07-09,2023-09-27,Weekly,2758.34,20,15,5,Fashion,Lucknow,India,rediffmail.com,Android,Credit Card,931,4,Yes,0,1
CUST100051,Reyansh Verma,35,Female,1127917.0,INR,69,Silver,2022-12-05,2024-04-23,Monthly,6558.55,4,0,3,Grocery,Jaipur,India,rediffmail.com,iOS,Debit Card,440,3,No,0,1
CUST100052,Rahul Iyer,32,Male,1218257.0,INR,48,Silver,2022-12-23,2023-06-14,Monthly,1490.61,31,29,3,Grocery,Lucknow,India,company.com,Mobile,Upi,740,1,Yes,1,1
CUST100053,Myra Joshi,47,Male,1516458.0,INR,57,Silver,2022-06-01,2024-09-12,Daily,749.19,2,0,2,Beauty,Kolkata,India,gmail.com,Android,Cash,469,1,No,0,1
CUST100054,Pooja Joshi,16,Female,634430.0,INR,97,Silver,2024-03-06,2025-04-08,Monthly,995.52,14,0,14,Sports,Lucknow,India,gmail.com,Desktop,Credit Card,572,4,No,0,1
CUST100055,Aarav Das,47,Male,1732339.0,INR,70,Gold,2021-08-07,2021-11-08,Rarely,2826.5,3,2,1,Food Court,Kolkata,India,outlook.com,Web,Wallet,1025,1,No,0,1
CUST100056,Neha Nair,37,Female,421276.0,INR,59,Platinum,2021-08-08,2021-12-24,Monthly,2091.37,51,36,16,Sports,Bengaluru,India,gmail.com,Desktop,Upi,597,5,No,0,1
CUST100057,Rahul Patel,40,Female,167813.0,INR,54,Gold,2022-09-13,2023-05-18,Rarely,2331.08,1,0,2,Gaming,Lucknow,India,yahoo.com,Android,Credit Card,93,4,Yes,0,1
CUST100058,Ananya Patel,28,Female,774459.0,INR,37,Gold,2021-08-03,2022-06-01,Daily,1817.0349999999999,20,13,7,Electronics,Jaipur,India,outlook.com,iOS,Debit Card,1715,3,No,0,1
CUST100059,Kiara Joshi,35,Female,283960.0,INR,77,Gold,2021-10-01,2023-01-01,Rarely,1606.49,0,0,0,Gaming,Ahmedabad,India,gmail.com,iOS,Debit Card,710,2,Yes,0,1
CUST100060,Sara Rao,36,Female,245046.0,INR,44,Silver,2021-10-15,2022-04-24,Rarely,1817.0349999999999,8,1,7,Home Decor,Bengaluru,India,company.com,Mobile,Upi,1373,5,Yes,0,1
CUST100061,Kiara Singh,37,Male,320154.0,INR,14,Basic,2021-03-08,2022-06-11,Daily,2852.71,22,12,11,Kids,Pune,India,outlook.com,Web,Wallet,718,5,Yes,0,1
CUST100062,Aditya Kapoor,13,Female,286743.0,USD,57,Basic,2021-06-04,2023-03-14,Monthly,2341.94,12,6,6,Home Decor,Jaipur,India,outlook.com,Mobile,Upi,226,1,No,0,1
CUST100063,Aditya Singh,49,Female,622302.0,INR,77,Basic,2021-09-28,2023-07-25,Rarely,1817.0349999999999,10,0,11,Fashion,Hyderabad,India,yahoo.com,Android,Credit Card,943,4,No,0,1
CUST100064,Meera Joshi,36,Female,147996.0,USD,60,Gold,2024-03-06,2026-03-30,Rarely,504.71,2,1,1,Fashion,Bengaluru,India,gmail.com,iOS,Cash,124,1,Yes,0,1
CUST100065,Kiara Singh,33,Other,646475.0,INR,62,Gold,2024-10-30,2025-04-24,Rarely,2067.69,16,8,7,Electronics,Kolkata,India,yahoo.com,iOS,Credit Card,1273,5,Yes,0,1
CUST100066,Neha Patel,22,Male,255292.0,INR,38,Gold,2022-12-12,2024-05-30,Weekly,2454.3,3,0,3,Electronics,Hyderabad,India,yahoo.com,iOS,Cash,377,4,No,1,1
CUST100067,Aditya Kapoor,34,Female,570812.0,INR,79,Basic,2025-01-15,2025-12-08,Weekly,1123.31,35,19,17,Gaming,Hyderabad,India,company.com,Android,Upi,2133,1,Yes,0,1
CUST100068,Vihaan Chopra,18,Female,723894.0,INR,74,Platinum,2022-05-03,2023-07-06,Rarely,608.97,25,9,16,Beauty,Hyderabad,India,gmail.com,Web,Credit Card,1235,3,No,0,1
CUST100069,Vivaan Das,26,Other,865268.0,INR,59,Silver,2022-03-02,2023-06-07,Weekly,6651.08,10,3,6,Kids,Chennai,India,yahoo.com,Web,Credit Card,1810,3,Yes,0,1
CUST100070,Reyansh Gupta,47,Female,404157.0,USD,63,Platinum,2021-09-21,2021-12-24,Rarely,1817.0349999999999,15,13,1,Home Decor,Mumbai,India,company.com,Android,Credit Card,1095,4,Yes,1,1
CUST100071,Ira Reddy,21,Male,648622.0,INR,24,Silver,2022-10-21,2023-11-22,Rarely,1134.03,22,10,13,Books,Delhi,India,gmail.com,Web,Upi,2955,5,No,0,1
CUST100072,Aditya Verma,33,Female,745713.0,INR,100,Platinum,2023-09-06,2023-09-06,Weekly,2057.0,12,3,10,Books,Lucknow,India,rediffmail.com,Mobile,Upi,1098,3,Yes,0,0
CUST100073,Krishna Kumar,35,Female,719636.0,INR,39,Platinum,2024-06-06,2025-01-18,Monthly,9546.39,20,2,17,Electronics,Lucknow,India,gmail.com,iOS,Credit Card,718,3,No,0,1
CUST100074,Amit Kapoor,36,Other,1024852.0,INR,93,Silver,2024-01-26,2024-04-30,Weekly,989.95,6,1,4,Gaming,Lucknow,India,gmail.com,Android,Credit Card,1761,2,Yes,0,1
CUST100075,Priya Verma,29,Female,302703.0,USD,56,Silver,2022-06-27,2022-09-28,Weekly,1261.32,11,1,11,Beauty,Lucknow,India,company.com,Android,Card,857,3,No,0,1
CUST100076,Aadhya Sharma,31,Other,663077.0,INR,41,Silver,2021-03-29,2022-06-05,Monthly,1137.23,2,1,1,Beauty,Hyderabad,India,yahoo.com,iOS,Credit Card,387,3,Yes,0,1
CUST100077,Aadhya Nair,33,Female,914361.0,USD,43,Basic,2025-03-08,2025-11-06,Daily,1354.48,3,1,3,Grocery,Chennai,India,gmail.com,iOS,Credit Card,1286,4,No,0,1
CUST100078,Sai Nair,24,Male,420783.0,INR,50,Basic,2023-09-29,2025-05-29,Weekly,2448.05,31,15,15,Beauty,Lucknow,India,company.com,Web,Debit Card,700,1,Yes,1,1
CUST100079,Arjun Chopra,33,Female,1296777.0,INR,21,Silver,2024-10-18,2026-04-04,Rarely,989.51,40,34,7,Electronics,Pune,India,company.com,iOS,Wallet,1525,5,Yes,0,1
CUST100080,Ayaan Das,27,Female,1023442.0,INR,42,Gold,2024-08-09,2026-04-02,Rarely,1913.0,11,10,1,Fashion,Hyderabad,India,yahoo.com,Mobile,Cash,346,3,No,0,1
CUST100081,Aarav Khan,22,Female,981429.0,INR,50,Basic,2023-07-15,2024-04-20,Rarely,1817.0349999999999,7,6,2,Food Court,Kolkata,India,gmail.com,Web,Credit Card,1189,4,No,0,1
CUST100082,Kiara Reddy,39,Other,1414744.0,INR,31,Gold,2025-07-21,2025-07-21,Monthly,1440.01,12,2,19,Fashion,Mumbai,India,yahoo.com,iOS,Wallet,1095,1,Yes,1,0
CUST100083, Ayaan Sharma ,28,Female,801895.0,INR,85,Gold,2022-08-02,2022-11-26,Rarely,1871.57,2,1,0,Electronics,Hyderabad,India,yahoo.com,iOS,Cash,0,1,No,0,1
CUST100084,Arjun Reddy,26,Female,626112.0,INR,72,Platinum,2023-01-03,2024-03-26,Rarely,2319.08,29,9,19,Sports,Pune,India,rediffmail.com,Web,Upi,1332,4,Yes,0,1
CUST100085,Ananya Iyer,21,Female,1249913.0,INR,57,Silver,2024-12-05,2025-12-03,Weekly,1163.61,19,0,19,Beauty,Mumbai,India,company.com,Mobile,Card,1939,3,No,0,1
CUST100086, Pooja Iyer ,16,Female,317729.0,INR,73,Silver,2024-02-26,2024-09-24,Rarely,9008.45,14,0,13,Fashion,Chennai,India,outlook.com,Desktop,Credit Card,1602,3,No,0,1
CUST100087,Myra Mishra,33,Other,539991.0,INR,45,Basic,2024-10-09,2026-05-06,Rarely,3404.22,2,0,1,Home Decor,Bangalore,India,rediffmail.com,iOS,Wallet,1158,2,No,0,1
CUST100088,Aarav Joshi,28,Female,760152.0,INR,49,Silver,2022-10-23,2024-10-19,Weekly,1829.74,20,19,1,Electronics,Chennai,India,outlook.com,Android,Wallet,1778,4,Yes,0,1
CUST100089,Aadhya Gupta,33,Male,701204.0,INR,45,Platinum,2025-06-03,2026-05-19,Daily,4409.5,28,8,19,Fashion,Chennai,India,gmail.com,iOS,Wallet,1226,3,No,0,1
CUST100090,Ira Sharma,20,Female,1772626.0,INR,25,Basic,2023-03-12,2024-02-10,Monthly,3847.57,6,4,2,Gaming,Pune,India,gmail.com,Desktop,Credit Card,313,2,Yes,0,1
CUST100091, Aadhya Khan ,47,Male,1099328.0,INR,59,Silver,2021-07-16,2022-01-03,Daily,1399.12,12,3,9,Fashion,Pune,India,rediffmail.com,Mobile,Credit Card,267,4,Yes,1,1
CUST100092,Priya Verma,13,Male,648622.0,INR,56,Silver,2024-05-27,2024-08-23,Rarely,761.06,21,1,19,Grocery,Bengaluru,India,gmail.com,iOS,Wallet,337,5,Yes,0,1
CUST100093,Priya Das,39,Female,956877.0,INR,100,Silver,2022-08-19,2024-07-06,Daily,1611.42,17,4,12,Beauty,Chennai,India,hotmail.com,Android,Credit Card,1585,5,No,0,1
CUST100094,Ira Kapoor,37,Male,1262377.0,INR,45,Platinum,2024-01-09,2024-07-28,Rarely,3078.55,3,1,2,Gaming,Chennai,India,gmail.com,iOS,Credit Card,1973,2,Yes,0,1
CUST100095,Rahul Mehta,45,Other,739490.0,INR,22,Silver,2023-05-01,2023-05-01,Monthly,3239.72,10,1,9,Beauty,Delhi,India,gmail.com,Desktop,Cash,1336,4,No,0,0
CUST100096,Meera Gupta,31,Male,634625.0,INR,42,Silver,2023-01-12,2024-09-19,Rarely,1140.3,3,0,3,Electronics,Chennai,India,rediffmail.com,Android,Wallet,1195,4,Yes,0,1
CUST100097,Saanvi Kumar,56,Other,648622.0,INR,52,Platinum,2023-07-18,2025-03-19,Rarely,462.09,3,1,2,Grocery,Lucknow,India,gmail.com,Desktop,Upi,1807,5,Yes,0,1
CUST100098,Neha Khan,41,Female,178737.0,INR,33,Platinum,2025-04-18,2025-04-18,Weekly,1582.79,24,18,5,Home Decor,Kolkata,India,gmail.com,Desktop,Cash,1788,1,Yes,0,0
CUST100099,Aditya Mehta,40,Female,171328.0,INR,80,Silver,2025-03-12,2025-07-07,Weekly,6878.25,26,10,16,Beauty,Ahmedabad,India,gmail.com,Web,Card,1605,1,Yes,0,1
CUST100100,Krishna Iyer,14,Female,789104.0,INR,57,Basic,2023-03-30,2024-03-25,Weekly,863.82,4,0,4,Home Decor,Jaipur,India,yahoo.com,iOS,Credit Card,1354,5,No,0,1
CUST100101,Aditya Joshi,43,Male,818972.0,INR,2,Gold,2023-08-02,2025-03-24,Daily,5389.38,14,10,4,Sports,Bengaluru,India,gmail.com,Web,Cash,1189,4,No,0,1
CUST100102,Arjun Reddy,30,Female,1012675.0,USD,55,Basic,2024-06-11,2024-06-17,Weekly,3524.97,3,0,2,Books,Delhi,India,yahoo.com,iOS,Card,2102,5,No,1,1
CUST100103,Amit Singh,30,Male,252596.0,INR,61,Platinum,2022-03-08,2023-05-11,Daily,1275.86,5,1,4,Kids,Delhi,India,gmail.com,iOS,Upi,1475,3,No,0,1
CUST100106,Aarav Sinha,29,Other,685351.0,USD,26,Silver,2022-09-27,2023-09-17,Weekly,1817.0349999999999,10,7,4,Gaming,Pune,India,gmail.com,Android,Credit Card,987,2,No,0,1
CUST100107,Sai Kumar,43,Male,549820.0,INR,85,Basic,2025-07-15,2025-11-29,Weekly,612.69,9,2,7,Electronics,Delhi,India,gmail.com,Desktop,Wallet,1249,4,Yes,0,1
CUST100108,Myra Das,36,Female,551526.0,INR,85,Silver,2022-05-28,2024-09-10,Weekly,1926.47,1,0,0,Fashion,Chennai,India,gmail.com,Android,Upi,0,1,No,0,1
CUST100109, Aadhya Nair ,41,Female,610269.0,USD,52,Gold,2024-05-06,2024-10-11,Weekly,3606.99,15,5,10,Grocery,Delhi,India,gmail.com,iOS,Card,1286,3,Yes,0,1
CUST100110,Priya Sinha,28,Other,475337.0,INR,19,Silver,2023-01-22,2024-04-30,Monthly,1259.74,3,1,3,Books,Chennai,India,yahoo.com,Android,Debit Card,450,5,No,1,1
CUST100112,Myra Kapoor,16,Female,1176536.0,INR,48,Gold,2023-12-30,2025-09-04,Rarely,1832.02,1,0,2,Beauty,Bengaluru,India,gmail.com,iOS,Debit Card,544,3,Yes,0,1
CUST100113, Rahul Das ,41,Female,302652.0,INR,53,Silver,2021-11-16,2022-04-06,Daily,684.16,31,28,3,Books,Pune,India,yahoo.com,Android,Upi,1306,3,No,0,1
CUST100114,Riya Kapoor,27,Male,536392.0,USD,70,Silver,2023-06-04,2024-03-26,Monthly,2002.1,4,0,5,Kids,Hyderabad,India,gmail.com,Desktop,Upi,1820,4,Yes,0,1
CUST100115, Aadhya Sinha ,28,Male,526505.0,INR,34,Silver,2021-02-04,2023-07-18,Daily,1649.94,0,0,0,Home Decor,Bangalore,India,gmail.com,Desktop,Upi,1189,2,No,0,1
CUST100116,Vivaan Iyer,19,Male,247217.0,INR,85,Gold,2022-08-23,2025-01-27,Monthly,1471.36,0,0,0,Grocery,Hyderabad,India,gmail.com,Android,Upi,1510,5,Yes,1,1
CUST100117,Neha Chopra,50,Male,698537.0,USD,23,Platinum,2024-10-20,2025-09-06,Rarely,3336.53,40,26,13,Electronics,Pune,India,gmail.com,iOS,Debit Card,338,2,Yes,0,1
CUST100118,Myra Sinha,25,Male,648622.0,INR,97,Basic,2025-04-11,2026-02-18,Rarely,967.72,48,13,35,Grocery,Hyderabad,India,hotmail.com,Android,Credit Card,643,5,No,0,1
CUST100119,Ishaan Rao,42,Female,648622.0,INR,36,Silver,2025-03-01,2025-12-18,Rarely,2873.21,9,0,10,Gaming,Ahmedabad,India,outlook.com,Mobile,Card,467,1,Yes,0,1
CUST100120,Meera Singh,29,Female,805102.0,INR,41,Platinum,2024-12-28,2025-06-13,Rarely,945.24,16,11,5,Home Decor,Mumbai,India,outlook.com,iOS,Debit Card,1323,4,Yes,1,1
CUST_NEW0001,Aditya Reddy,46,Female,645689.0,INR,56,Platinum,2024-05-16,2026-01-20,Rarely,1617.92,12,2,11,Gaming,Hyderabad,India,gmail.com,Android,Credit Card,2440,3,Yes,0,1
CUST100123,Riya Singh,33,Male,782766.0,INR,40,Silver,2022-09-23,2023-07-27,Rarely,471.7,7,5,2,Beauty,Bengaluru,India,gmail.com,iOS,Upi,1855,3,Yes,1,1
CUST100124,Saanvi Singh,28,Female,1380257.0,USD,18,Silver,2021-06-27,2022-11-17,Weekly,2607.51,25,17,8,Fashion,Chennai,India,gmail.com,Mobile,Credit Card,468,1,Yes,0,1
CUST100125,Ira Khan,32,Female,157196.0,INR,61,Silver,2022-06-03,2023-01-28,Rarely,2081.03,26,19,6,Home Decor,Hyderabad,India,gmail.com,Web,Upi,2004,1,Yes,0,1
CUST100126,Kiara Mehta,30,Male,576395.0,USD,41,Platinum,2025-08-02,2025-11-11,Weekly,2237.7,17,11,7,Books,Bengaluru,India,yahoo.com,Mobile,Credit Card,0,4,No,0,1
CUST100127,Amit Sinha,31,Female,750074.0,INR,74,Basic,2023-04-01,2024-11-25,Rarely,4027.05,22,2,19,Sports,Mumbai,India,yahoo.com,iOS,Credit Card,657,4,Yes,0,1
CUST100129,Sai Mishra,14,Female,518410.0,INR,40,Basic,2023-06-14,2023-10-31,Rarely,3134.91,37,4,32,Kids,Delhi,India,gmail.com,Android,Upi,377,4,No,0,1
CUST100131,Ananya Patel,65,Male,1412016.0,INR,76,Platinum,2022-07-18,2024-12-12,Monthly,784.61,1,0,1,Beauty,Lucknow,India,company.com,Web,Cash,1296,3,Yes,0,1
CUST100132,Rahul Mehta,33,Female,1125441.0,INR,65,Gold,2023-08-30,2024-05-24,Monthly,1064.45,6,4,2,Sports,Hyderabad,India,gmail.com,Web,Debit Card,1769,3,Yes,1,1
CUST_NEW0002,Myra Nair,22,Female,648622.0,INR,88,Platinum,2024-08-06,2026-01-09,Weekly,1817.0349999999999,9,2,6,Food Court,Chennai,India,gmail.com,Web,Credit Card,553,3,Yes,0,1
CUST100134,Sara Joshi,33,Female,648622.0,INR,76,Gold,2023-07-03,2023-07-22,Monthly,2034.56,12,6,3,Sports,Ahmedabad,India,gmail.com,Web,Wallet,1189,5,No,0,1
CUST100135, Vivaan Khan ,19,Male,251334.0,INR,87,Silver,2021-08-07,2023-05-14,Daily,1177.6,6,1,4,Kids,Bangalore,India,hotmail.com,iOS,Upi,1447,1,No,0,1
CUST100136,Ananya Nair,18,Male,466720.0,INR,51,Platinum,2024-06-05,2024-11-26,Monthly,2843.23,3,0,3,Electronics,Hyderabad,India,gmail.com,iOS,Debit Card,872,4,Yes,0,1
CUST100137,Kiara Patel,47,Female,793857.0,INR,83,Silver,2024-08-27,2026-04-26,Weekly,1144.46,12,3,34,Food Court,Hyderabad,India,gmail.com,iOS,Upi,1227,4,Yes,0,1
CUST100138,Ayaan Rao,40,Female,500365.0,INR,32,Platinum,2022-03-06,2023-05-25,Rarely,730.01,11,1,9,Books,Delhi,India,hotmail.com,iOS,Cash,0,1,No,0,1
CUST100139,Sai Kapoor,37,Female,707596.0,INR,49,Platinum,2025-01-14,2025-07-31,Rarely,1521.84,4,2,2,Food Court,Kolkata,India,gmail.com,Desktop,Cash,1229,2,Yes,0,1
CUST100140,Ishaan Iyer,26,Female,1607754.0,INR,53,Silver,2023-05-22,2024-11-15,Weekly,3299.26,70,2,69,Sports,Delhi,India,outlook.com,Desktop,Debit Card,1170,4,Yes,0,1
CUST100141,Rahul Kapoor,33,Male,790169.0,INR,53,Basic,2024-03-24,2026-06-15,Monthly,3474.34,13,3,10,Kids,Ahmedabad,India,hotmail.com,Android,Upi,660,1,No,0,1
CUST100142,Rahul Sharma,42,Other,519295.0,INR,28,Silver,2024-10-10,2024-12-16,Rarely,1632.32,2,1,1,Beauty,Kolkata,India,gmail.com,iOS,Cash,1268,2,No,0,1
CUST100143,Neha Singh,27,Male,427475.0,INR,37,Silver,2025-05-06,2025-11-08,Weekly,1588.73,16,11,6,Sports,Jaipur,India,hotmail.com,iOS,Upi,917,2,Yes,0,1
CUST100144,Priya Kapoor,29,Male,500883.0,INR,39,Platinum,2024-08-18,2025-06-16,Rarely,2030.57,9,4,5,Books,Mumbai,India,hotmail.com,iOS,Cash,2586,1,Yes,0,1
CUST100145,Aadhya Das,47,Male,555731.0,INR,58,Platinum,2021-04-25,2023-03-08,Monthly,2362.12,12,2,10,Gaming,Delhi,India,gmail.com,Mobile,Upi,1395,4,No,1,1
CUST100146,Aarav Kumar,30,Female,648622.0,USD,74,Gold,2025-08-13,2025-08-13,Rarely,1057.63,14,9,5,Sports,Lucknow,India,company.com,iOS,Upi,855,3,No,0,0
CUST100147,Saanvi Das,35,Male,160575.0,USD,61,Platinum,2024-01-08,2024-10-18,Weekly,792.99,3,0,4,Fashion,Pune,India,hotmail.com,Android,Upi,1905,3,Yes,0,1
CUST100149,Diya Gupta,23,Female,648622.0,INR,41,Platinum,2021-11-25,2024-04-18,Weekly,4363.19,19,0,19,Beauty,Jaipur,India,rediffmail.com,iOS,Upi,2244,5,Yes,1,1
CUST100150,Saanvi Patel,34,Female,645995.0,USD,53,Platinum,2023-06-29,2024-02-15,Monthly,2171.74,12,4,9,Electronics,Mumbai,India,gmail.com,Android,Credit Card,934,4,Yes,0,1
CUST100151,Priya Chopra,30,Female,648622.0,INR,89,Basic,2021-09-08,2022-05-22,Rarely,783.38,18,7,12,Sports,Ahmedabad,India,gmail.com,iOS,Upi,474,2,No,1,1
CUST100152,Priya Verma,45,Female,472036.0,INR,68,Gold,2025-01-05,2026-02-07,Rarely,1777.34,19,14,5,Electronics,Kolkata,India,gmail.com,Web,Credit Card,1290,4,Yes,0,1
CUST100153,Neha Nair,30,Female,474216.0,INR,58,Gold,2024-01-08,2024-12-06,Rarely,990.36,1,0,1,Beauty,Chennai,India,yahoo.com,iOS,Cash,734,3,No,1,1
CUST100154,Sai Sharma,41,Other,576835.0,INR,90,Platinum,2023-05-25,2023-12-25,Daily,2159.87,1,0,0,Sports,Lucknow,India,rediffmail.com,Android,Upi,1884,3,No,0,1
CUST100155, Krishna Singh ,43,Male,465543.0,INR,82,Silver,2022-11-08,2024-06-02,Weekly,3303.6,31,1,30,Grocery,Delhi,India,gmail.com,iOS,Upi,1879,5,No,0,1
CUST100156,Vihaan Gupta,33,Male,2032880.0,INR,21,Basic,2025-05-07,2026-01-30,Rarely,2123.32,33,7,25,Grocery,Kolkata,India,yahoo.com,Web,Upi,1950,2,No,0,1
CUST100157,Ishaan Patel,52,Male,412540.0,INR,19,Basic,2021-04-22,2023-03-30,Monthly,6609.53,0,0,0,Electronics,Pune,India,rediffmail.com,Android,Wallet,1603,2,Yes,1,1
CUST100158,Sai Iyer,25,Female,620488.0,INR,45,Platinum,2024-05-18,2026-06-03,Rarely,1822.78,30,24,6,Books,Ahmedabad,India,outlook.com,iOS,Debit Card,0,5,No,0,1
CUST100159,Myra Singh,37,Female,2343829.0,INR,76,Silver,2023-01-24,2023-07-17,Monthly,2095.13,3,2,1,Food Court,Pune,India,outlook.com,Android,Wallet,1672,2,Yes,0,1
CUST100160, Arjun Kapoor ,54,Female,1195919.0,INR,51,Silver,2024-12-21,2026-02-27,Weekly,4163.87,2,0,3,Books,Ahmedabad,India,gmail.com,iOS,Credit Card,1224,3,Yes,1,1
CUST100161, Vihaan Sinha ,46,Male,1209758.0,INR,51,Silver,2022-06-25,2023-12-06,Rarely,3310.79,10,9,1,Electronics,Hyderabad,India,hotmail.com,iOS,Debit Card,1222,1,No,0,1
CUST100162,Rahul Mehta,36,Female,775979.0,INR,57,Gold,2021-07-13,2022-06-14,Monthly,938.98,26,4,21,Sports,Pune,India,outlook.com,Android,Upi,1199,1,No,0,1
CUST100163,Krishna Mishra,33,Female,722944.0,USD,27,Gold,2024-09-01,2025-02-05,Rarely,588.31,4,3,2,Beauty,Hyderabad,India,gmail.com,Mobile,Cash,1584,1,Yes,1,1
CUST100164,Krishna Patel,33,Female,1535443.0,INR,76,Gold,2022-08-09,2025-01-16,Rarely,1071.89,1,0,1,Electronics,Mumbai,India,rediffmail.com,iOS,Upi,1567,4,Yes,0,1
CUST100165,Aditya Singh,27,Male,452500.0,INR,42,Gold,2023-03-20,2023-07-17,Rarely,1650.46,16,13,2,Food Court,Ahmedabad,India,outlook.com,Android,Credit Card,576,5,Yes,0,1
CUST100166,Vivaan Sinha,46,Male,428291.0,INR,50,Silver,2023-10-07,2025-02-28,Rarely,5568.13,3,0,4,Sports,Jaipur,India,gmail.com,Android,Credit Card,1222,4,Yes,0,1
CUST_NEW0003,Kiara Kumar,23,Female,648622.0,INR,71,Silver,2022-04-04,2023-08-15,Monthly,2137.87,29,9,19,Food Court,Chennai,India,gmail.com,Mobile,Upi,605,4,No,0,1
CUST100169,Aarav Rao,28,Female,589123.0,INR,39,Silver,2022-06-29,2023-07-15,Rarely,1292.68,5,4,1,Books,Mumbai,India,gmail.com,Desktop,Upi,2408,4,Yes,0,1
CUST100170,Vivaan Kapoor,22,Female,1175828.0,INR,48,Platinum,2022-12-06,2022-12-14,Rarely,2726.83,20,11,9,Food Court,Lucknow,India,gmail.com,iOS,Upi,1832,4,Yes,1,1
CUST100171,Ayaan Verma,44,Female,167310.0,INR,37,Silver,2023-05-11,2024-11-02,Daily,3259.28,9,4,4,Kids,Hyderabad,India,gmail.com,Android,Upi,0,5,Yes,1,1
CUST100172,Diya Kumar,24,Other,624228.0,USD,26,Gold,2023-06-21,2025-05-26,Monthly,2425.79,13,5,8,Grocery,Kolkata,India,gmail.com,iOS,Upi,1057,4,Yes,0,1
CUST100173,Ayaan Joshi,43,Male,1037896.0,INR,77,Basic,2023-07-16,2024-06-25,Rarely,1737.94,12,1,11,Electronics,Mumbai,India,gmail.com,iOS,Credit Card,1584,2,Yes,1,1
CUST100174,Myra Mehta,26,Female,764959.0,INR,18,Silver,2022-02-26,2022-11-04,Weekly,4089.07,12,0,12,Home Decor,Lucknow,India,rediffmail.com,Web,Upi,1052,2,Yes,0,1
CUST100175,Rahul Singh,31,Other,1071363.0,USD,36,Basic,2023-10-07,2025-03-10,Daily,3940.99,41,2,39,Food Court,Hyderabad,India,outlook.com,Android,Upi,999,1,No,0,1
CUST100176,Kiara Chopra,62,Female,534592.0,INR,55,Gold,2022-12-21,2025-05-01,Monthly,3641.8,48,23,25,Sports,Jaipur,India,gmail.com,Web,Cash,1196,5,Yes,0,1
CUST100178,Krishna Kapoor,47,Female,832039.0,INR,64,Platinum,2025-02-22,2025-12-08,Weekly,1063.86,36,20,17,Grocery,Hyderabad,India,gmail.com,iOS,Upi,611,1,Yes,0,1
CUST100179,Ayaan Patel,39,Other,648622.0,INR,44,Basic,2022-11-06,2023-09-20,Weekly,3510.77,0,0,0,Gaming,Hyderabad,India,gmail.com,Desktop,Upi,1243,4,No,0,1
CUST100180,Aarav Patel,44,Female,605084.0,INR,95,Basic,2024-09-13,2026-06-13,Weekly,763.55,9,5,5,Kids,Mumbai,India,company.com,Mobile,Debit Card,1607,3,No,0,1
CUST100181,Reyansh Sinha,44,Female,673528.0,USD,75,Silver,2022-12-04,2023-09-28,Weekly,933.86,15,8,7,Gaming,Hyderabad,India,rediffmail.com,Web,Debit Card,2119,2,No,0,1
CUST100182,Krishna Gupta,33,Female,619557.0,INR,46,Basic,2023-03-31,2023-10-05,Monthly,3391.49,12,1,3,Fashion,Hyderabad,India,yahoo.com,Web,Cash,517,4,Yes,0,1
CUST100183,Myra Chopra,20,Other,407125.0,INR,10,Basic,2022-08-26,2024-11-11,Rarely,3894.87,16,15,1,Kids,Chennai,India,company.com,iOS,Credit Card,1448,1,Yes,0,1
CUST100184,Sai Rao,33,Male,612724.0,INR,35,Gold,2021-06-22,2022-04-20,Rarely,1940.45,3,2,1,Kids,Hyderabad,India,yahoo.com,iOS,Credit Card,1487,4,Yes,0,1
CUST100185,Aditya Khan,37,Female,236914.0,USD,73,Platinum,2024-04-02,2026-05-17,Daily,1461.58,5,3,2,Kids,Chennai,India,outlook.com,iOS,Upi,495,5,No,0,1
CUST100186,Sai Kumar,26,Female,501086.0,INR,23,Silver,2021-10-12,2022-03-18,Monthly,1969.2,13,4,8,Grocery,Chennai,India,rediffmail.com,iOS,Cash,1844,4,Yes,0,1
CUST100187,Aditya Joshi,23,Female,327568.0,INR,60,Silver,2021-05-21,2022-06-23,Weekly,1969.31,8,7,1,Sports,Bengaluru,India,gmail.com,iOS,Wallet,1050,5,Yes,0,1
CUST100188,Sara Kapoor,33,Female,1251933.0,INR,24,Gold,2022-01-11,2023-12-27,Weekly,979.48,3,0,4,Books,Chennai,India,gmail.com,Android,Upi,427,1,No,0,1
CUST100189,Aditya Sharma,23,Male,615359.0,INR,29,Basic,2023-09-20,2025-01-04,Rarely,742.81,3,0,3,Grocery,Bangalore,India,gmail.com,iOS,Credit Card,882,1,Yes,1,1
CUST100190,Rahul Nair,29,Other,569885.0,INR,44,Platinum,2021-01-30,2022-01-10,Rarely,725.21,5,4,1,Food Court,Pune,India,outlook.com,Android,Credit Card,1503,2,No,1,1
CUST100191,Meera Rao,30,Female,1519678.0,INR,57,Basic,2021-07-28,2023-07-27,Rarely,3581.12,1,0,1,Grocery,Delhi,India,yahoo.com,iOS,Cash,2153,3,Yes,0,1
CUST100192,Kiara Joshi,31,Female,648622.0,INR,44,Basic,2022-07-24,2023-06-14,Daily,2847.24,23,22,2,Sports,Lucknow,India,outlook.com,Android,Debit Card,826,1,No,0,1
CUST100193,Ira Singh,34,Female,884734.0,INR,63,Silver,2024-07-25,2025-02-16,Rarely,989.75,5,0,5,Home Decor,Delhi,India,gmail.com,Web,Card,1832,4,Yes,0,1
CUST100194,Amit Iyer,35,Male,987395.0,INR,100,Gold,2021-12-09,2022-11-10,Rarely,1593.11,8,3,4,Electronics,Hyderabad,India,outlook.com,iOS,Cash,567,3,Yes,0,1
CUST100195,Aarav Gupta,52,Male,3348145.0,INR,57,Gold,2023-05-25,2024-02-07,Monthly,3214.73,15,13,2,Kids,Mumbai,India,rediffmail.com,Web,Debit Card,1402,3,Yes,0,1
CUST100196,Vivaan Kumar,25,Female,633530.0,INR,41,Silver,2024-02-07,2024-10-21,Rarely,1314.3,4,2,2,Home Decor,Delhi,India,rediffmail.com,Web,Upi,1189,1,Yes,0,1
CUST100197,Rahul Verma,44,Male,835109.0,INR,7,Gold,2021-10-12,2021-11-07,Rarely,835.39,7,2,4,Sports,Chennai,India,yahoo.com,Web,Credit Card,2126,2,No,0,1
CUST100198,Ananya Joshi,34,Male,510472.0,INR,26,Silver,2024-10-10,2026-04-24,Rarely,1794.74,34,17,17,Fashion,Ahmedabad,India,company.com,iOS,Upi,1093,1,Yes,0,1
CUST100199,Sara Khan,43,Male,1200484.0,INR,62,Platinum,2021-06-29,2021-10-21,Monthly,1203.89,60,26,34,Food Court,Lucknow,India,gmail.com,Mobile,Upi,1153,5,No,0,1
CUST100200,Riya Joshi,24,Male,649811.0,INR,74,Platinum,2025-08-25,2025-12-13,Daily,2995.49,29,20,9,Books,Delhi,India,rediffmail.com,Desktop,Credit Card,1963,2,Yes,0,1
CUST_NEW0004,Priya Gupta,29,Male,648622.0,INR,28,Gold,2021-10-09,2023-01-04,Monthly,1686.16,36,1,35,Grocery,Chennai,India,rediffmail.com,Web,Credit Card,2114,5,Yes,1,1
CUST100202,Sai Joshi,45,Female,628023.0,INR,42,Platinum,2024-08-30,2025-11-28,Weekly,2350.48,21,16,4,Books,Kolkata,India,outlook.com,Desktop,Upi,683,5,No,0,1
CUST100203,Ishaan Reddy,20,Female,859397.0,INR,56,Silver,2022-01-04,2022-01-09,Weekly,645.91,2,1,0,Gaming,Jaipur,India,gmail.com,Web,Upi,691,3,Yes,0,1
CUST100204,Rahul Nair,61,Male,478883.0,INR,82,Silver,2023-05-15,2023-07-30,Rarely,625.32,16,3,13,Electronics,Hyderabad,India,gmail.com,Android,Credit Card,0,2,No,0,1
CUST100205,Kiara Joshi,25,Other,883876.0,INR,65,Silver,2021-09-10,2022-03-08,Monthly,1817.0349999999999,5,0,5,Electronics,Jaipur,India,gmail.com,Android,Upi,750,2,Yes,0,1
CUST100206,Priya Chopra,50,Male,563801.0,INR,39,Basic,2022-09-18,2023-11-08,Monthly,308.38,6,5,1,Kids,Lucknow,India,hotmail.com,Android,Credit Card,1780,5,Yes,0,1
CUST100207,Myra Nair,50,Female,297017.0,INR,53,Silver,2021-10-01,2023-03-11,Daily,929.37,47,35,12,Sports,Delhi,India,gmail.com,Mobile,Upi,1013,1,Yes,1,1
CUST100208,Arjun Verma,46,Male,1021831.0,INR,75,Gold,2021-01-15,2021-06-23,Weekly,479.87,1,0,1,Fashion,Chennai,India,outlook.com,Desktop,Credit Card,1649,4,No,0,1
CUST100209,Riya Patel,20,Male,321499.0,INR,8,Silver,2023-05-11,2026-03-05,Daily,1857.2,20,2,19,Food Court,Mumbai,India,hotmail.com,Desktop,Cash,2251,3,Yes,0,1
CUST100211,Ananya Das,36,Female,540200.0,INR,79,Basic,2023-01-11,2025-09-02,Monthly,777.51,0,0,0,Electronics,Chennai,India,gmail.com,iOS,Upi,783,4,Yes,0,1
CUST100212,Aadhya Chopra,9,Other,213584.0,INR,84,Silver,2023-12-27,2026-05-06,Daily,4011.64,21,2,18,Home Decor,Bangalore,India,gmail.com,iOS,Cash,1320,2,Yes,0,1
CUST100213,Priya Kumar,41,Other,1399422.0,INR,47,Platinum,2023-01-26,2023-12-24,Weekly,3029.7,31,16,14,Gaming,Pune,India,gmail.com,iOS,Cash,1135,2,Yes,0,1
CUST100214,Amit Chopra,0,Female,425837.0,INR,22,Silver,2024-12-03,2025-07-27,Rarely,2946.59,1,0,1,Grocery,Kolkata,India,gmail.com,Web,Cash,2229,3,Yes,1,1
CUST100215,Arjun Verma,43,Male,910256.0,INR,79,Platinum,2023-08-09,2023-08-09,Weekly,3234.31,4,1,4,Fashion,Pune,India,hotmail.com,iOS,Wallet,2101,4,Yes,0,0
CUST100216,Arjun Joshi,52,Female,120000.0,INR,67,Basic,2024-09-28,2025-08-02,Monthly,2361.9,10,3,7,Beauty,Bangalore,India,gmail.com,Web,Debit Card,1300,2,Yes,0,1
CUST100217,Riya Singh,18,Other,438677.0,INR,70,Gold,2024-01-09,2025-08-07,Daily,1289.53,29,18,11,Electronics,Ahmedabad,India,gmail.com,Desktop,Cash,917,2,No,0,1
CUST100218,Riya Mishra,39,Male,198308.0,USD,51,Silver,2024-05-01,2024-09-10,Rarely,2256.61,9,0,8,Grocery,Mumbai,India,outlook.com,Android,Credit Card,202,4,Yes,0,1
CUST100219,Vivaan Verma,14,Male,1437866.0,INR,41,Silver,2021-09-14,2023-10-14,Monthly,6303.17,9,1,7,Gaming,Ahmedabad,India,gmail.com,Web,Upi,264,4,Yes,0,1
CUST100220,Ananya Mishra,33,Female,922701.0,INR,51,Gold,2021-04-04,2021-05-23,Daily,2661.08,5,4,0,Grocery,Hyderabad,India,gmail.com,iOS,Debit Card,1072,4,Yes,0,1
CUST100221,Ira Patel,41,Male,279974.0,USD,50,Gold,2022-08-19,2023-08-22,Monthly,1665.3,22,21,1,Fashion,Bengaluru,India,yahoo.com,iOS,Debit Card,670,5,Yes,0,1
CUST100222,Arjun Kumar,24,Male,316062.0,INR,80,Silver,2024-07-03,2025-05-20,Weekly,847.02,8,2,7,Beauty,Ahmedabad,India,gmail.com,Mobile,Card,1066,2,Yes,0,1
CUST100223,Krishna Mehta,39,Male,547544.0,INR,63,Platinum,2021-08-23,2022-06-04,Rarely,431.13,1,0,2,Home Decor,Ahmedabad,India,hotmail.com,iOS,Debit Card,1646,3,Yes,1,1
CUST100224,Ananya Kumar,32,Female,355332.0,INR,41,Platinum,2024-11-20,2026-06-27,Rarely,5214.32,11,7,4,Sports,Kolkata,India,yahoo.com,Android,Cash,1189,3,Yes,0,1
CUST100225,Sara Joshi,36,Other,463145.0,INR,25,Platinum,2021-09-13,2023-08-30,Monthly,5016.69,20,19,1,Fashion,Jaipur,India,gmail.com,Desktop,Credit Card,592,2,Yes,0,1
CUST100226, Sara Iyer ,36,Male,329486.0,USD,72,Silver,2023-05-11,2023-12-25,Daily,1817.0349999999999,9,2,8,Kids,Jaipur,India,rediffmail.com,Android,Upi,1309,3,Yes,0,1
CUST100227,Kiara Kapoor,43,Male,707188.0,INR,20,Silver,2021-07-23,2023-07-20,Rarely,1872.55,68,11,57,Electronics,Kolkata,India,gmail.com,Web,Cash,1189,2,Yes,0,1
CUST_NEW0005,Vihaan Sinha,35,Male,648622.0,USD,63,Gold,2024-04-01,2024-07-15,Monthly,2832.67,19,5,14,Food Court,Hyderabad,India,company.com,Web,Debit Card,113,3,No,0,1
CUST100229,Reyansh Patel,19,Female,375173.0,INR,23,Silver,2021-09-07,2022-03-23,Weekly,328.3,95,56,38,Beauty,Lucknow,India,outlook.com,Android,Wallet,2063,2,Yes,1,1
CUST100230,Myra Sharma,42,Female,274118.0,INR,9,Gold,2023-05-30,2023-12-20,Weekly,2692.55,9,6,3,Food Court,Lucknow,India,gmail.com,Web,Debit Card,1302,3,Yes,1,1
CUST100231,Sai Khan,27,Female,348132.0,INR,22,Silver,2021-07-30,2023-02-24,Daily,1817.0349999999999,4,0,4,Gaming,Chennai,India,outlook.com,Desktop,Upi,0,4,No,1,1
CUST100232,Amit Verma,34,Female,1823225.0,INR,55,Silver,2023-07-20,2024-12-06,Monthly,1145.26,14,4,9,Home Decor,Jaipur,India,gmail.com,iOS,Wallet,542,4,No,0,1
CUST100233,Aditya Sinha,33,Female,344889.0,INR,68,Basic,2023-05-12,2025-05-28,Weekly,3060.95,35,26,10,Sports,Kolkata,India,gmail.com,iOS,Upi,455,1,No,0,1
CUST100234,Priya Chopra,50,Female,1702254.0,INR,88,Gold,2022-07-24,2023-09-30,Monthly,2805.17,8,3,5,Beauty,Ahmedabad,India,gmail.com,Desktop,Upi,2256,4,Yes,0,1
CUST100235,Riya Nair,46,Male,648622.0,INR,73,Gold,2021-04-13,2023-02-03,Monthly,1849.06,9,5,5,Home Decor,Chennai,India,gmail.com,Mobile,Wallet,993,5,No,0,1
CUST100236,Sai Singh,23,Other,538885.0,INR,64,Silver,2025-04-07,2026-06-17,Weekly,3252.16,0,0,0,Sports,Mumbai,India,company.com,iOS,Upi,988,3,Yes,0,1
CUST100237,Saanvi Gupta,28,Female,1661764.0,INR,10,Gold,2022-03-28,2024-02-01,Monthly,834.88,20,14,5,Beauty,Pune,India,gmail.com,iOS,Upi,114,4,Yes,1,1
CUST100238,Krishna Singh,12,Male,880188.0,INR,57,Silver,2024-02-18,2025-12-29,Monthly,1877.22,47,6,41,Electronics,Ahmedabad,India,outlook.com,Android,Credit Card,1253,1,Yes,1,1
CUST100239,Sara Kumar,59,Male,310920.0,USD,65,Gold,2021-12-21,2023-07-21,Daily,6885.77,9,8,1,Books,Delhi,India,company.com,Desktop,Credit Card,764,1,Yes,0,1
CUST100240,Meera Sinha,33,Male,1369769.0,INR,41,Silver,2022-08-24,2022-10-17,Weekly,8515.16,5,2,3,Kids,Hyderabad,India,outlook.com,iOS,Card,834,2,No,0,1
CUST100241,Arjun Sharma,31,Male,621109.0,INR,73,Basic,2021-08-01,2022-11-29,Daily,1862.03,0,0,0,Kids,Mumbai,India,gmail.com,iOS,Credit Card,1142,5,No,0,1
CUST100242,Saanvi Patel,49,Male,462850.0,INR,34,Gold,2024-06-23,2025-09-21,Monthly,10342.83,0,0,1,Sports,Pune,India,gmail.com,Desktop,Credit Card,1540,5,Yes,1,1
CUST100243,Sai Joshi,25,Female,925903.0,USD,72,Gold,2024-04-04,2025-03-26,Rarely,3342.38,26,13,13,Grocery,Ahmedabad,India,gmail.com,Android,Debit Card,2373,2,No,0,1
CUST100244,Sai Chopra,31,Female,250274.0,INR,63,Basic,2025-06-06,2025-09-12,Monthly,1503.57,20,4,16,Books,Kolkata,India,outlook.com,iOS,Card,1911,5,No,0,1
CUST100245,Vivaan Khan,28,Male,661871.0,INR,50,Gold,2024-12-11,2025-12-12,Weekly,3719.34,0,0,0,Food Court,Bengaluru,India,company.com,iOS,Upi,0,1,Yes,1,1
CUST_NEW0006,Riya Reddy,27,Other,648622.0,USD,4,Platinum,2022-12-19,2024-03-04,Daily,1789.86,5,0,4,Electronics,Hyderabad,India,gmail.com,Web,Cash,700,4,Yes,0,1
CUST100247,Reyansh Sinha,35,Other,234486.0,INR,84,Gold,2021-04-27,2021-07-14,Weekly,3414.57,28,15,12,Sports,Delhi,India,gmail.com,Android,Upi,870,4,Yes,0,1
CUST100249,Arjun Sharma,18,Female,933278.0,INR,48,Silver,2025-08-26,2026-04-05,Rarely,2974.3,5,3,2,Kids,Kolkata,India,rediffmail.com,Android,Wallet,1260,5,No,0,1
CUST100250,Riya Singh,25,Male,334657.0,INR,76,Platinum,2023-11-09,2025-06-25,Monthly,507.65,10,0,9,Food Court,Lucknow,India,outlook.com,iOS,Card,118,3,Yes,1,1
CUST100251,Rahul Verma,50,Male,478574.0,INR,67,Silver,2021-06-08,2022-11-09,Rarely,1817.0349999999999,35,12,22,Electronics,Delhi,India,hotmail.com,Web,Upi,1559,5,No,0,1
CUST100252,Aadhya Khan,41,Female,494244.0,INR,76,Basic,2024-01-09,2026-01-28,Weekly,3380.6,18,17,1,Beauty,Lucknow,India,gmail.com,iOS,Credit Card,2092,3,No,0,1
CUST100253,Arjun Chopra,36,Female,648622.0,USD,93,Platinum,2021-10-31,2023-12-06,Rarely,710.19,28,9,18,Kids,Lucknow,India,yahoo.com,Web,Upi,2039,2,Yes,0,1
CUST100254,Saanvi Mishra,18,Female,1046324.0,USD,56,Gold,2023-07-18,2024-08-09,Rarely,2598.47,23,16,6,Grocery,Hyderabad,India,gmail.com,iOS,Upi,192,5,Yes,0,1
CUST100255,Saanvi Singh,33,Female,474877.0,INR,79,Gold,2023-08-11,2025-12-19,Rarely,1005.44,5,3,1,Fashion,Bengaluru,India,gmail.com,iOS,Debit Card,839,1,Yes,0,1
CUST100256,Krishna Sinha,40,Female,874274.0,INR,65,Platinum,2021-03-20,2022-06-06,Weekly,2654.17,10,7,2,Food Court,Bangalore,India,rediffmail.com,iOS,Card,1689,5,No,0,1
CUST100257,Priya Kumar,50,Female,868617.0,USD,63,Platinum,2023-10-01,2025-12-24,Weekly,7699.24,7,3,4,Sports,Mumbai,India,gmail.com,iOS,Upi,762,4,No,0,1
CUST100258,Aditya Khan,48,Male,467472.0,INR,34,Silver,2022-09-24,2023-12-26,Monthly,578.26,43,11,32,Food Court,Kolkata,India,outlook.com,iOS,Credit Card,1433,5,Yes,0,1
CUST100259,Aarav Kapoor,33,Male,237635.0,INR,44,Gold,2021-03-28,2021-09-04,Rarely,1816.72,0,0,0,Food Court,Mumbai,India,gmail.com,Android,Wallet,1367,3,Yes,0,1
CUST100260,Riya Iyer,30,Female,529979.0,USD,40,Silver,2023-07-16,2024-03-01,Rarely,5882.66,6,4,2,Gaming,Pune,India,gmail.com,Desktop,Wallet,1491,1,Yes,0,1
CUST100261,Rahul Chopra,27,Male,1353354.0,INR,80,Silver,2023-11-20,2023-11-20,Monthly,819.06,12,4,10,Beauty,Hyderabad,India,gmail.com,Web,Debit Card,1418,4,No,0,0
CUST100262,Kiara Rao,30,Male,478094.0,INR,59,Gold,2023-08-29,2023-08-29,Daily,395.16,24,23,1,Books,Delhi,India,gmail.com,Desktop,Wallet,1764,5,No,0,0
CUST100263,Aarav Khan,19,Female,326391.0,INR,43,Platinum,2024-08-13,2025-09-09,Weekly,658.56,4,0,3,Sports,Pune,India,yahoo.com,Android,Upi,2184,2,Yes,0,1
CUST100264,Ira Nair,44,Female,278382.0,INR,81,Silver,2024-02-22,2025-05-19,Monthly,9835.83,4,0,4,Food Court,Ahmedabad,India,gmail.com,iOS,Upi,1618,3,No,0,1
CUST100265,Reyansh Sharma,31,Male,432513.0,INR,51,Gold,2024-08-19,2026-02-28,Rarely,1757.84,21,5,15,Gaming,Hyderabad,India,rediffmail.com,Desktop,Upi,240,1,Yes,1,1
CUST100266,Rahul Verma,40,Female,822875.0,INR,52,Basic,2021-08-30,2022-08-14,Rarely,1035.51,12,2,9,Food Court,Mumbai,India,rediffmail.com,iOS,Debit Card,1627,1,Yes,0,1
CUST100267,Saanvi Nair,35,Female,1009065.0,USD,69,Silver,2025-05-01,2026-03-25,Rarely,1817.0349999999999,21,5,17,Electronics,Kolkata,India,gmail.com,Web,Credit Card,1466,3,Yes,0,1
CUST100268,Priya Joshi,50,Female,1085230.0,INR,77,Silver,2021-11-30,2023-03-23,Rarely,961.48,7,4,2,Home Decor,Chennai,India,outlook.com,iOS,Debit Card,1233,3,No,0,1
CUST100269,Aarav Sinha,43,Female,854124.0,INR,100,Basic,2022-12-10,2024-03-23,Rarely,2791.8,57,55,2,Food Court,Jaipur,India,company.com,Android,Credit Card,238,2,Yes,0,1
CUST100270,Reyansh Das,40,Male,564864.0,INR,34,Platinum,2024-04-16,2024-05-13,Rarely,1698.66,16,8,8,Home Decor,Mumbai,India,company.com,Android,Wallet,25,2,No,0,1
CUST100271,Neha Khan,23,Female,377828.0,INR,70,Gold,2023-02-26,2025-01-28,Weekly,1041.14,9,7,2,Kids,Mumbai,India,gmail.com,Web,Wallet,268,1,No,0,1
CUST100272,Sai Patel,21,Female,648622.0,INR,71,Platinum,2022-08-30,2024-10-23,Monthly,1112.72,0,0,0,Home Decor,Ahmedabad,India,hotmail.com,iOS,Card,667,1,Yes,0,1
CUST100273,Amit Gupta,48,Male,2004384.0,INR,62,Silver,2025-03-10,2025-07-19,Daily,1625.52,12,8,4,Home Decor,Chennai,India,hotmail.com,Android,Credit Card,682,1,Yes,0,1
CUST100274, Krishna Joshi ,33,Male,521459.0,INR,51,Silver,2022-11-05,2024-05-12,Rarely,2453.45,6,4,3,Kids,Ahmedabad,India,gmail.com,Web,Wallet,1410,4,Yes,0,1
CUST100276,Saanvi Nair,2,Other,2416002.0,INR,50,Basic,2024-06-21,2025-02-05,Rarely,1310.4,15,6,10,Electronics,Ahmedabad,India,gmail.com,Web,Wallet,929,3,Yes,0,1
CUST100277,Aadhya Sinha,23,Male,887555.0,INR,43,Silver,2021-05-24,2021-05-31,Weekly,552.53,3,1,1,Grocery,Delhi,India,gmail.com,Mobile,Credit Card,2015,5,Yes,1,1
CUST100278,Vivaan Singh,47,Female,1160008.0,INR,51,Silver,2021-07-18,2022-06-20,Rarely,2913.04,19,2,17,Books,Pune,India,outlook.com,iOS,Card,588,4,Yes,0,1
CUST100279,Sai Sinha,33,Female,405727.0,INR,21,Gold,2021-01-25,2021-10-17,Monthly,2041.18,18,0,18,Food Court,Mumbai,India,yahoo.com,Android,Upi,1696,4,Yes,0,1
CUST100280,Krishna Patel,24,Other,1139398.0,INR,64,Gold,2024-01-01,2026-05-16,Daily,1823.73,9,0,9,Home Decor,Hyderabad,India,hotmail.com,Mobile,Card,2117,4,Yes,0,1
CUST100281,Saanvi Sinha,27,Female,470032.0,INR,83,Silver,2021-01-20,2022-09-07,Rarely,2156.41,3,1,2,Books,Hyderabad,India,gmail.com,Mobile,Credit Card,1225,3,Yes,0,1
CUST100282,Sai Nair,19,Female,661718.0,INR,57,Platinum,2022-01-10,2022-07-27,Weekly,2643.95,1,0,1,Electronics,Ahmedabad,India,rediffmail.com,iOS,Cash,230,2,Yes,0,1
CUST100283,Saanvi Rao,0,Female,2274693.0,INR,68,Gold,2024-08-15,2025-01-05,Monthly,683.87,6,3,4,Sports,Pune,India,rediffmail.com,Mobile,Cash,818,4,No,0,1
CUST100284,Pooja Rao,46,Female,471432.0,INR,49,Platinum,2024-02-25,2024-05-25,Weekly,2361.01,38,2,37,Books,Kolkata,India,gmail.com,iOS,Upi,1917,1,No,0,1
CUST100285,Pooja Mishra,23,Female,263147.0,USD,70,Basic,2024-01-09,2025-05-26,Rarely,3673.41,12,0,13,Electronics,Kolkata,India,outlook.com,Web,Card,546,1,No,0,1
CUST100286,Aarav Kapoor,28,Female,1200898.0,INR,39,Silver,2024-10-13,2025-12-09,Rarely,1207.47,0,0,0,Fashion,Kolkata,India,hotmail.com,Android,Wallet,746,2,Yes,0,1
CUST100287,Reyansh Nair,41,Male,554884.0,INR,49,Silver,2021-04-11,2022-07-12,Monthly,3201.47,10,8,3,Fashion,Delhi,India,rediffmail.com,Desktop,Credit Card,1747,2,No,1,1
CUST100288,Diya Kumar,42,Male,432125.0,INR,64,Basic,2023-08-21,2025-10-09,Rarely,1850.87,18,7,12,Books,Chennai,India,gmail.com,Android,Upi,1199,2,Yes,1,1
CUST100289,Amit Nair,33,Female,648622.0,INR,42,Platinum,2023-05-01,2025-09-23,Weekly,695.34,23,3,19,Fashion,Hyderabad,India,yahoo.com,Android,Cash,604,5,No,0,1
CUST100290,Reyansh Joshi,45,Female,648622.0,INR,82,Basic,2021-03-12,2023-04-16,Daily,8583.36,2,0,2,Fashion,Pune,India,gmail.com,Web,Debit Card,1189,3,No,0,1
CUST100291,Amit Verma,35,Female,910468.0,INR,30,Platinum,2024-12-30,2025-10-28,Rarely,2916.97,10,0,10,Grocery,Ahmedabad,India,hotmail.com,iOS,Debit Card,1622,5,Yes,1,1
CUST100292,Pooja Mishra,53,Male,1602568.0,USD,86,Platinum,2023-05-11,2024-01-29,Weekly,3409.83,14,13,2,Food Court,Mumbai,India,rediffmail.com,Desktop,Cash,764,5,No,0,1
CUST100293,Rahul Rao,42,Female,360253.0,INR,50,Basic,2025-04-30,2026-03-17,Monthly,1903.23,25,0,24,Fashion,Delhi,India,company.com,Desktop,Credit Card,2324,3,Yes,0,1
CUST100294,Rahul Kumar,15,Female,2173687.0,INR,42,Basic,2023-10-11,2024-05-24,Rarely,3027.37,19,4,15,Gaming,Pune,India,gmail.com,Web,Card,752,4,No,0,1
CUST100295,Pooja Verma,44,Male,2005453.0,INR,60,Basic,2022-06-04,2023-06-06,Weekly,7549.03,42,9,33,Gaming,Jaipur,India,yahoo.com,iOS,Credit Card,1481,2,No,0,1
CUST100296,Ira Verma,52,Female,880408.0,USD,35,Gold,2021-08-17,2022-02-27,Monthly,4307.67,10,3,7,Home Decor,Mumbai,India,company.com,Android,Cash,1253,4,Yes,0,1
CUST100297,Ira Verma,41,Female,822742.0,INR,57,Platinum,2024-03-02,2025-09-06,Rarely,3782.66,10,8,2,Food Court,Pune,India,company.com,iOS,Upi,1367,3,No,0,1
CUST100298,Krishna Sharma,33,Female,648622.0,USD,1,Platinum,2024-04-25,2025-07-15,Rarely,1643.42,11,6,4,Beauty,Delhi,India,gmail.com,iOS,Upi,571,2,Yes,0,1
CUST100299,Myra Joshi,39,Female,730885.0,USD,50,Basic,2021-05-26,2023-02-13,Rarely,2965.39,0,0,0,Fashion,Jaipur,India,rediffmail.com,iOS,Card,751,1,No,0,1
CUST100300,Ira Nair,23,Male,786065.0,INR,50,Platinum,2021-01-04,2022-06-29,Monthly,2334.24,16,15,0,Sports,Delhi,India,gmail.com,Android,Upi,1180,2,No,0,1
CUST100301,Vihaan Chopra,37,Female,480416.0,INR,37,Gold,2024-06-09,2025-05-20,Rarely,1127.99,13,11,3,Kids,Bangalore,India,gmail.com,Web,Card,1449,4,No,0,1
CUST100302,Reyansh Verma,44,Male,562237.0,INR,35,Platinum,2023-12-17,2026-04-16,Monthly,5726.73,11,4,8,Electronics,Kolkata,India,gmail.com,Android,Credit Card,1231,5,Yes,0,1
CUST100303,Rahul Mehta,32,Female,456884.0,INR,46,Platinum,2023-10-03,2025-07-03,Weekly,1381.5,0,0,0,Food Court,Delhi,India,gmail.com,Desktop,Upi,766,4,Yes,0,1
CUST100304,Ayaan Reddy,18,Female,268718.0,INR,51,Gold,2024-03-13,2024-12-05,Daily,1921.32,22,15,7,Food Court,Delhi,India,outlook.com,Mobile,Upi,0,1,No,0,1
CUST100305, Saanvi Kapoor ,36,Male,648622.0,INR,19,Platinum,2021-11-05,2021-12-27,Weekly,958.42,41,2,40,Grocery,Delhi,India,hotmail.com,Android,Credit Card,656,2,No,0,1
CUST100306,Myra Mehta,31,Male,866924.0,INR,35,Silver,2023-10-07,2025-08-14,Rarely,868.34,1,0,2,Grocery,Kolkata,India,gmail.com,Android,Credit Card,595,3,Yes,0,1
CUST100307,Myra Singh,44,Female,485770.0,INR,46,Basic,2023-12-22,2024-07-19,Monthly,2300.75,8,2,6,Gaming,Delhi,India,hotmail.com,Web,Upi,1947,5,Yes,0,1
CUST100308,Ananya Patel,19,Male,209307.0,INR,62,Basic,2025-06-29,2025-10-08,Weekly,2760.58,3,2,1,Home Decor,Jaipur,India,gmail.com,Mobile,Card,2010,1,Yes,1,1
CUST100309,Meera Gupta,45,Female,1015317.0,INR,71,Basic,2024-04-12,2025-09-17,Rarely,2228.79,13,8,5,Books,Pune,India,outlook.com,Web,Wallet,1262,4,No,0,1
CUST100310, Ananya Kapoor ,35,Female,648622.0,INR,80,Silver,2022-06-02,2022-12-15,Rarely,1817.0349999999999,12,0,29,Food Court,Bengaluru,India,gmail.com,iOS,Credit Card,1640,3,No,0,1
CUST100311,Priya Kumar,25,Female,715987.0,INR,66,Platinum,2021-12-29,2023-01-15,Monthly,2810.0,44,40,3,Fashion,Kolkata,India,yahoo.com,Android,Credit Card,1976,5,No,0,1
CUST100313,Neha Verma,32,Male,287047.0,USD,67,Gold,2024-04-19,2026-06-17,Monthly,2540.82,1,0,2,Beauty,Pune,India,outlook.com,Web,Credit Card,254,4,Yes,1,1
CUST100314,Vihaan Patel,71,Female,1008984.0,INR,67,Basic,2022-02-10,2022-03-04,Rarely,1714.09,10,8,2,Kids,Mumbai,India,company.com,Android,Wallet,1700,2,Yes,0,1
CUST100315,Rahul Iyer,29,Female,307757.0,INR,33,Basic,2023-05-05,2024-01-12,Rarely,651.28,35,12,24,Gaming,Pune,India,gmail.com,iOS,Credit Card,576,5,Yes,0,1
CUST100316,Ira Nair,50,Female,684241.0,INR,88,Basic,2021-10-21,2022-10-28,Rarely,3020.99,1,0,1,Fashion,Bengaluru,India,hotmail.com,iOS,Upi,858,3,No,0,1
CUST100317,Riya Verma,27,Other,511664.0,INR,13,Platinum,2021-10-30,2023-01-30,Rarely,653.59,0,0,1,Books,Kolkata,India,gmail.com,iOS,Upi,2323,5,No,1,1
CUST100318,Reyansh Rao,53,Female,266908.0,INR,49,Silver,2022-04-27,2022-07-30,Rarely,2936.73,47,6,40,Kids,Lucknow,India,hotmail.com,Mobile,Upi,458,4,Yes,0,1
CUST100319,Aarav Das,33,Other,492178.0,INR,51,Silver,2024-11-28,2026-01-26,Monthly,1746.33,9,4,5,Gaming,Mumbai,India,gmail.com,iOS,Credit Card,0,3,Yes,0,1
CUST100320,Ananya Nair,32,Male,132222.0,INR,56,Platinum,2025-11-03,2025-11-03,Weekly,733.54,2,0,1,Beauty,Hyderabad,India,gmail.com,iOS,Cash,763,1,No,0,0
CUST100321,Sai Sharma,43,Female,1164048.0,INR,30,Basic,2023-05-17,2023-05-17,Rarely,1114.62,15,2,12,Kids,Hyderabad,India,company.com,iOS,Debit Card,1872,2,Yes,0,0
CUST100322,Neha Reddy,44,Female,268916.0,INR,4,Silver,2022-02-20,2024-05-21,Weekly,4704.15,15,0,14,Kids,Kolkata,India,gmail.com,iOS,Upi,2113,4,No,0,1
CUST100323,Arjun Nair,21,Female,873823.0,USD,70,Gold,2024-05-18,2025-02-01,Weekly,1312.01,39,26,14,Kids,Chennai,India,gmail.com,iOS,Upi,540,2,Yes,1,1
CUST100324,Aditya Das,26,Male,1472736.0,USD,35,Silver,2023-04-16,2025-03-20,Weekly,1031.21,8,7,2,Fashion,Delhi,India,gmail.com,iOS,Credit Card,2300,5,No,0,1
CUST_NEW0007,Myra Reddy,33,Male,747787.0,INR,64,Gold,2024-10-22,2026-03-09,Monthly,2761.04,6,3,4,Fashion,Chennai,India,rediffmail.com,Web,Cash,759,5,No,0,1
CUST100326,Sai Reddy,26,Male,290521.0,INR,59,Platinum,2023-10-26,2024-04-28,Monthly,4935.48,0,0,0,Fashion,Chennai,India,hotmail.com,Android,Credit Card,1853,4,No,0,1
CUST100327,Aditya Patel,34,Female,412930.0,INR,48,Gold,2021-09-28,2023-10-26,Monthly,996.63,33,7,27,Food Court,Mumbai,India,outlook.com,iOS,Debit Card,1051,1,Yes,0,1
CUST100328,Reyansh Nair,35,Female,648622.0,USD,58,Basic,2025-03-10,2026-03-04,Weekly,1041.43,9,5,4,Kids,Jaipur,India,outlook.com,iOS,Debit Card,796,2,No,1,1
CUST100329,Ayaan Chopra,38,Male,278387.0,INR,54,Gold,2021-03-29,2023-09-06,Daily,1106.73,17,15,2,Fashion,Jaipur,India,gmail.com,Web,Wallet,0,2,Yes,0,1
CUST100330,Ananya Chopra,37,Female,436153.0,INR,35,Silver,2023-09-30,2024-09-14,Monthly,1723.53,12,4,8,Food Court,Chennai,India,hotmail.com,Web,Upi,2678,5,Yes,0,1
CUST100331,Meera Mishra,28,Other,766331.0,INR,48,Platinum,2025-01-08,2025-10-12,Rarely,1381.85,31,5,27,Fashion,Ahmedabad,India,gmail.com,iOS,Debit Card,1843,5,Yes,0,1
CUST100332,Sai Joshi,28,Female,292973.0,INR,84,Silver,2024-07-02,2025-04-11,Monthly,694.7,9,0,8,Gaming,Hyderabad,India,yahoo.com,Android,Credit Card,1807,2,No,0,1
CUST100333,Arjun Patel,33,Female,865153.0,INR,24,Platinum,2025-02-22,2026-05-22,Monthly,2938.98,34,15,19,Food Court,Mumbai,India,gmail.com,Android,Wallet,556,4,No,0,1
CUST100334, Myra Verma ,33,Male,769288.0,INR,53,Gold,2023-05-19,2023-08-18,Daily,1725.65,15,5,9,Gaming,Ahmedabad,India,gmail.com,iOS,Card,1066,5,No,1,1
CUST100335,Pooja Verma,29,Other,448386.0,INR,100,Silver,2025-02-26,2025-05-27,Monthly,2769.05,4,0,3,Grocery,Kolkata,India,gmail.com,Android,Upi,1367,5,No,1,1
CUST100336,Aadhya Chopra,27,Other,359670.0,INR,56,Silver,2023-05-11,2023-08-14,Rarely,1210.77,8,6,3,Home Decor,Mumbai,India,company.com,Web,Upi,2089,4,Yes,0,1
CUST100337,Sara Reddy,36,Male,1205451.0,INR,45,Gold,2025-03-17,2025-03-17,Rarely,353.73,0,0,0,Sports,Chennai,India,yahoo.com,iOS,Upi,488,4,No,0,0
CUST100338, Pooja Chopra ,36,Male,630832.0,INR,66,Silver,2024-07-15,2025-12-30,Monthly,567.39,87,12,75,Fashion,Hyderabad,India,company.com,iOS,Debit Card,1015,2,No,0,1
CUST100339,Saanvi Singh,27,Female,590789.0,INR,43,Silver,2021-12-06,2023-10-25,Rarely,2888.33,38,16,22,Gaming,Bangalore,India,rediffmail.com,Mobile,Wallet,475,3,No,0,1
CUST100340,Myra Mishra,27,Male,230455.0,USD,53,Silver,2021-11-10,2022-02-18,Rarely,3455.16,14,11,3,Home Decor,Ahmedabad,India,rediffmail.com,Android,Credit Card,2410,1,Yes,0,1
CUST100341,Aditya Reddy,33,Female,403050.0,INR,46,Basic,2021-09-07,2023-09-29,Monthly,818.62,1,0,0,Sports,Delhi,India,gmail.com,iOS,Credit Card,2529,1,Yes,0,1
CUST100342, Vivaan Patel ,39,Male,510920.0,INR,59,Platinum,2025-07-18,2026-03-06,Weekly,3609.86,12,2,10,Electronics,Bengaluru,India,gmail.com,Web,Cash,428,2,Yes,0,1
CUST100343, Pooja Gupta ,48,Female,1182532.0,INR,41,Platinum,2022-12-08,2023-02-13,Rarely,1351.2,22,19,2,Sports,Bangalore,India,outlook.com,Android,Upi,63,3,Yes,0,1
CUST100344,Vivaan Das,40,Female,929669.0,USD,31,Silver,2025-02-17,2026-03-04,Weekly,436.1,28,10,17,Sports,Delhi,India,hotmail.com,Web,Cash,446,5,Yes,0,1
CUST100345, Rahul Nair ,40,Other,1.0,USD,25,Gold,2024-01-25,2025-03-26,Weekly,4167.98,0,0,1,Sports,Hyderabad,India,gmail.com,Web,Wallet,1776,2,Yes,1,1
CUST100346,Diya Gupta,29,Female,372674.0,INR,30,Silver,2022-07-08,2023-01-07,Rarely,7597.13,6,5,0,Gaming,Kolkata,India,outlook.com,Web,Debit Card,2046,3,No,0,1
CUST100347,Priya Verma,9,Male,738725.0,USD,61,Silver,2024-07-29,2025-06-12,Monthly,1139.74,28,12,17,Fashion,Delhi,India,gmail.com,iOS,Credit Card,1343,2,No,0,1
CUST100348,Vihaan Kumar,32,Female,435381.0,INR,64,Gold,2021-06-02,2021-06-02,Rarely,275.2,6,4,2,Gaming,Jaipur,India,hotmail.com,Android,Wallet,711,2,No,0,0
CUST100349,Aditya Khan,37,Female,1403424.0,INR,50,Silver,2024-09-09,2024-09-09,Weekly,4559.41,19,1,19,Grocery,Jaipur,India,outlook.com,Web,Upi,943,3,Yes,0,0
CUST100350,Meera Nair,36,Male,1499662.0,INR,68,Platinum,2022-12-07,2023-04-25,Rarely,778.7,4,1,4,Gaming,Jaipur,India,outlook.com,Android,Cash,565,5,No,0,1
CUST100351,Riya Mehta,31,Female,795589.0,INR,44,Silver,2021-10-29,2023-11-09,Daily,1244.37,31,0,30,Grocery,Bengaluru,India,gmail.com,Android,Credit Card,1362,2,No,0,1
CUST100352,Krishna Verma,43,Female,452205.0,INR,61,Gold,2022-07-19,2024-11-24,Rarely,1460.23,15,5,10,Home Decor,Pune,India,yahoo.com,Android,Wallet,421,5,Yes,0,1
CUST100353,Pooja Iyer,42,Female,384589.0,USD,32,Basic,2025-01-16,2026-03-27,Monthly,399.88,15,0,15,Fashion,Jaipur,India,hotmail.com,Desktop,Upi,1644,4,No,0,1
CUST100354,Reyansh Mishra,27,Female,764884.0,INR,59,Gold,2024-04-20,2025-07-24,Daily,912.86,0,0,1,Gaming,Bengaluru,India,gmail.com,Web,Card,1810,3,Yes,1,1
CUST100104,Sai Khan,20,Male,453482.0,INR,84,Silver,2022-12-21,2025-05-27,Rarely,1280.02,5,1,4,Fashion,Hyderabad,India,gmail.com,Web,Wallet,1810,4,No,0,1
CUST100356,Pooja Kapoor,23,Male,410354.0,INR,31,Silver,2024-02-05,2025-10-29,Daily,3247.21,48,43,5,Grocery,Mumbai,India,company.com,Desktop,Debit Card,0,1,Yes,0,1
CUST100357,Aadhya Gupta,48,Female,1363521.0,INR,27,Gold,2021-06-10,2024-01-31,Monthly,1817.0349999999999,13,1,11,Grocery,Jaipur,India,gmail.com,Web,Credit Card,563,5,No,0,1
CUST100358,Sai Das,38,Male,377018.0,INR,84,Silver,2024-10-08,2025-02-02,Rarely,4491.93,62,1,61,Kids,Bengaluru,India,gmail.com,Android,Upi,1523,5,No,0,1
CUST100359,Kiara Kapoor,28,Female,496194.0,INR,71,Silver,2023-11-14,2024-07-04,Weekly,1034.88,9,5,4,Kids,Kolkata,India,gmail.com,iOS,Upi,1048,1,Yes,0,1
CUST100360,Saanvi Das,31,Male,932435.0,INR,52,Silver,2022-05-25,2023-11-04,Monthly,2021.51,17,4,13,Electronics,Pune,India,gmail.com,Desktop,Cash,1188,4,Yes,0,1
CUST100361,Aarav Iyer,53,Other,998165.0,INR,77,Basic,2022-04-15,2024-04-22,Monthly,670.95,8,2,6,Electronics,Pune,India,outlook.com,Mobile,Upi,753,3,Yes,0,1
CUST100362,Meera Patel,38,Female,783687.0,INR,58,Basic,2024-04-17,2025-03-05,Rarely,784.81,4,3,1,Books,Pune,India,gmail.com,iOS,Credit Card,2644,1,No,0,1
CUST100363,Kiara Verma,5,Female,1665385.0,INR,56,Gold,2021-09-19,2024-01-24,Monthly,2695.31,0,0,0,Fashion,Jaipur,India,gmail.com,Android,Cash,2364,4,Yes,0,1
CUST100364,Ayaan Sinha,22,Female,909052.0,USD,71,Platinum,2022-11-18,2023-10-29,Rarely,662.13,51,30,21,Kids,Hyderabad,India,outlook.com,Desktop,Upi,2114,1,Yes,0,1
CUST100365,Kiara Nair,26,Male,265834.0,INR,53,Silver,2025-03-07,2025-06-23,Rarely,2326.45,36,0,36,Fashion,Hyderabad,India,gmail.com,iOS,Card,0,1,Yes,0,1
CUST100366,Krishna Gupta,33,Female,608782.0,INR,64,Silver,2021-07-29,2023-06-12,Monthly,2129.74,0,0,0,Gaming,Delhi,India,company.com,iOS,Upi,981,3,Yes,0,1
CUST100367,Riya Singh,20,Other,701363.0,INR,40,Basic,2022-03-02,2022-08-01,Rarely,2768.22,6,4,2,Grocery,Chennai,India,hotmail.com,iOS,Upi,1411,5,Yes,0,1
CUST100368,Meera Joshi,33,Male,754712.0,INR,81,Gold,2024-11-24,2026-06-26,Rarely,1014.45,41,21,19,Kids,Jaipur,India,outlook.com,Android,Upi,684,3,Yes,0,1
CUST100369,Priya Nair,33,Female,402467.0,INR,69,Silver,2021-02-03,2023-07-02,Rarely,2131.47,28,8,20,Kids,Bengaluru,India,gmail.com,iOS,Upi,1753,2,No,1,1
CUST100370,Aarav Kapoor,17,Female,648622.0,INR,84,Basic,2021-02-04,2022-06-26,Rarely,1092.51,17,0,17,Beauty,Mumbai,India,yahoo.com,iOS,Upi,908,4,Yes,0,1
CUST100371,Saanvi Khan,31,Female,648622.0,USD,100,Silver,2022-12-08,2024-01-22,Rarely,2512.93,2,1,1,Fashion,Jaipur,India,yahoo.com,iOS,Wallet,1184,1,Yes,0,1
CUST100372,Sai Patel,33,Male,1080389.0,INR,34,Silver,2023-07-15,2024-02-09,Rarely,1343.64,65,6,59,Food Court,Mumbai,India,gmail.com,Web,Card,1673,2,No,0,1
CUST100373,Pooja Singh,35,Other,878337.0,INR,78,Gold,2024-03-18,2026-04-25,Monthly,1506.33,3,2,1,Electronics,Ahmedabad,India,outlook.com,Android,Upi,0,1,Yes,1,1
CUST100374,Sara Kapoor,48,Female,1066746.0,INR,21,Silver,2023-07-12,2025-10-03,Weekly,2513.64,49,33,17,Grocery,Kolkata,India,hotmail.com,iOS,Credit Card,2877,5,Yes,0,1
CUST100375,Aditya Rao,24,Female,364397.0,INR,54,Basic,2023-11-06,2025-02-16,Rarely,1062.45,17,11,6,Gaming,Pune,India,outlook.com,Web,Upi,2086,2,No,0,1
CUST100376,Krishna Mehta,36,Female,1167809.0,INR,86,Platinum,2021-03-03,2023-01-11,Monthly,817.65,20,15,5,Electronics,Hyderabad,India,outlook.com,Android,Debit Card,1203,5,No,0,1
CUST100377,Saanvi Kumar,39,Female,1011748.0,USD,14,Gold,2022-11-23,2024-01-12,Daily,1120.23,1,0,1,Sports,Pune,India,gmail.com,Android,Upi,707,2,No,1,1
CUST100378,Vihaan Nair,33,Female,964951.0,INR,47,Silver,2021-04-07,2021-10-27,Monthly,1717.6,20,10,9,Sports,Pune,India,company.com,Web,Upi,963,1,No,1,1
CUST100379,Vivaan Khan,33,Male,267643.0,INR,51,Silver,2023-08-27,2025-03-23,Monthly,546.93,26,4,23,Kids,Pune,India,outlook.com,Web,Card,1962,2,Yes,0,1
CUST100380,Ayaan Singh,33,Female,689553.0,INR,93,Gold,2024-06-12,2024-06-12,Rarely,1118.35,6,4,2,Fashion,Pune,India,gmail.com,Mobile,Upi,943,3,No,0,0
CUST100381,Vihaan Singh,33,Other,378335.0,INR,50,Platinum,2025-06-04,2026-01-15,Rarely,676.43,13,4,10,Grocery,Kolkata,India,yahoo.com,Android,Credit Card,1616,3,Yes,0,1
CUST100382,Arjun Patel,60,Female,468932.0,INR,50,Basic,2024-09-24,2026-03-01,Weekly,1182.38,0,0,1,Food Court,Jaipur,India,gmail.com,Web,Card,489,4,Yes,0,1
CUST100383,Neha Iyer,49,Female,170592.0,INR,68,Silver,2024-03-26,2025-10-27,Monthly,1372.94,46,30,16,Home Decor,Mumbai,India,company.com,Mobile,Card,857,2,No,0,1
CUST100384,Neha Khan,31,Female,201016.0,INR,79,Silver,2024-04-07,2025-06-30,Rarely,4325.28,22,2,21,Fashion,Pune,India,gmail.com,iOS,Cash,978,4,No,0,1
CUST100385,Meera Khan,34,Female,1654143.0,INR,29,Gold,2025-02-24,2026-02-28,Weekly,1408.02,12,10,3,Food Court,Pune,India,outlook.com,Web,Upi,1672,3,No,0,1
CUST100386,Vihaan Joshi,32,Female,1123562.0,INR,43,Platinum,2021-08-24,2022-01-19,Rarely,1799.2,0,0,1,Grocery,Pune,India,gmail.com,iOS,Card,921,2,No,0,1
CUST100387,Arjun Das,33,Male,510724.0,INR,39,Silver,2025-07-20,2025-12-21,Rarely,1128.78,4,0,4,Books,Lucknow,India,gmail.com,Android,Upi,2336,2,No,0,1
CUST100388,Arjun Das,23,Male,406933.0,INR,73,Gold,2021-11-28,2023-04-02,Monthly,1539.5,14,7,8,Electronics,Ahmedabad,India,gmail.com,Android,Wallet,2616,5,No,0,1
CUST100389, Vivaan Nair ,44,Female,845110.0,INR,57,Platinum,2025-05-14,2025-11-08,Weekly,1200.2,9,7,1,Beauty,Bengaluru,India,outlook.com,Desktop,Upi,1835,1,Yes,0,1
CUST100390, Neha Nair ,33,Female,564298.0,INR,62,Platinum,2023-05-08,2025-08-03,Weekly,1661.08,7,0,6,Kids,Jaipur,India,rediffmail.com,iOS,Card,971,2,Yes,0,1
CUST100392,Myra Kapoor,50,Male,1.0,INR,37,Platinum,2025-07-13,2026-05-10,Monthly,2394.88,6,1,5,Electronics,Lucknow,India,gmail.com,Mobile,Card,313,5,No,0,1
CUST100393,Rahul Mehta,34,Male,270509.0,INR,31,Gold,2021-01-31,2021-09-04,Weekly,5692.25,16,4,11,Gaming,Mumbai,India,yahoo.com,Mobile,Upi,1371,5,Yes,0,1
CUST100394,Priya Patel,29,Female,677870.0,INR,100,Basic,2022-12-31,2024-06-17,Weekly,1095.91,40,12,28,Gaming,Lucknow,India,yahoo.com,Web,Upi,925,1,No,0,1
CUST100395,Ira Iyer,33,Other,936498.0,USD,68,Gold,2021-03-30,2022-11-22,Monthly,2249.48,11,8,4,Gaming,Lucknow,India,gmail.com,Desktop,Wallet,1952,4,Yes,0,1
CUST100396,Ira Joshi,24,Male,470778.0,INR,78,Basic,2023-02-03,2023-07-25,Weekly,916.91,6,0,5,Electronics,Jaipur,India,outlook.com,iOS,Card,1314,5,No,1,1
CUST100397,Ananya Sharma,31,Male,511131.0,INR,49,Silver,2024-05-13,2026-02-27,Monthly,851.49,15,11,4,Home Decor,Hyderabad,India,rediffmail.com,Web,Upi,1679,2,No,0,1
CUST100398,Sai Joshi,36,Female,588946.0,INR,6,Silver,2024-03-19,2026-04-29,Weekly,3397.62,24,18,6,Gaming,Pune,India,rediffmail.com,iOS,Card,1341,1,No,0,1
CUST100399,Ira Kapoor,25,Female,361768.0,INR,97,Platinum,2024-11-05,2026-04-06,Weekly,1029.25,6,3,2,Electronics,Lucknow,India,gmail.com,Web,Upi,527,1,No,0,1
CUST100400,Ira Sharma,35,Female,797338.0,INR,26,Silver,2023-06-03,2024-10-24,Monthly,5995.93,3,0,4,Food Court,Hyderabad,India,hotmail.com,Web,Wallet,1037,3,No,1,1
CUST_NEW0008, Aditya Joshi ,38,Female,648622.0,INR,12,Platinum,2021-04-20,2021-04-29,Rarely,2207.86,1,0,1,Fashion,Bangalore,India,gmail.com,iOS,Credit Card,945,4,No,1,1
CUST100402,Ayaan Sinha,22,Male,272063.0,USD,27,Gold,2023-01-04,2024-04-02,Rarely,635.87,86,10,75,Kids,Hyderabad,India,gmail.com,Web,Upi,1822,3,Yes,0,1
CUST100403,Amit Patel,31,Female,808341.0,INR,65,Platinum,2023-01-23,2023-11-11,Daily,1578.84,37,13,24,Home Decor,Mumbai,India,gmail.com,Android,Upi,1021,4,No,0,1
CUST_NEW0009,Aarav Reddy,47,Male,648622.0,INR,16,Gold,2025-01-03,2025-07-21,Rarely,3164.39,1,0,1,Beauty,Bangalore,India,gmail.com,iOS,Credit Card,888,2,No,1,1
CUST100405,Pooja Singh,33,Other,322039.0,INR,53,Silver,2024-06-22,2025-01-30,Weekly,2856.77,5,0,5,Books,Chennai,India,outlook.com,Mobile,Credit Card,1479,4,Yes,0,1
CUST100407,Reyansh Khan,31,Male,1297917.0,INR,59,Silver,2025-06-20,2025-08-06,Monthly,1183.29,20,14,5,Fashion,Kolkata,India,gmail.com,Mobile,Credit Card,1317,1,Yes,1,1
CUST100408,Vihaan Joshi,25,Female,753810.0,INR,88,Silver,2021-01-27,2022-11-20,Daily,1611.83,10,9,2,Kids,Pune,India,hotmail.com,Desktop,Credit Card,1321,1,Yes,0,1
CUST100409,Aarav Iyer,21,Male,720150.0,INR,79,Platinum,2023-12-02,2025-09-12,Weekly,2021.92,11,0,11,Books,Mumbai,India,gmail.com,iOS,Credit Card,643,5,No,1,1
CUST100410,Sara Mehta,38,Male,562775.0,INR,35,Silver,2021-04-07,2023-05-22,Rarely,1756.95,6,5,2,Gaming,Lucknow,India,gmail.com,Web,Wallet,1342,5,Yes,1,1
CUST100411,Sai Kapoor,28,Other,600354.0,INR,70,Silver,2024-03-22,2024-04-09,Weekly,1817.0349999999999,27,3,24,Kids,Jaipur,India,gmail.com,Mobile,Cash,1445,2,Yes,0,1
CUST100412, Ayaan Rao ,26,Female,134022.0,INR,60,Platinum,2021-08-26,2023-04-06,Monthly,2544.15,11,0,11,Fashion,Bengaluru,India,gmail.com,Android,Card,596,4,Yes,0,1
CUST100413,Aditya Nair,44,Other,351857.0,INR,34,Gold,2022-03-13,2024-08-14,Monthly,1400.24,4,2,3,Electronics,Bengaluru,India,outlook.com,iOS,Card,2798,5,Yes,1,1
CUST100414,Ananya Iyer,20,Male,953637.0,INR,67,Silver,2024-01-23,2025-04-12,Weekly,1523.14,36,5,30,Grocery,Delhi,India,company.com,Mobile,Wallet,871,5,Yes,0,1
CUST100415,Ananya Das,26,Male,525574.0,USD,40,Platinum,2025-04-18,2025-10-01,Daily,1947.62,3,2,0,Electronics,Ahmedabad,India,gmail.com,Android,Upi,447,2,Yes,0,1
CUST100416,Vivaan Sinha,37,Male,1978250.0,USD,86,Basic,2021-04-14,2021-07-03,Weekly,5471.68,41,14,26,Kids,Bengaluru,India,gmail.com,Android,Cash,536,5,No,0,1
CUST100417,Sara Sinha,44,Male,1213688.0,INR,56,Silver,2024-10-06,2024-10-06,Daily,819.74,21,15,5,Beauty,Hyderabad,India,rediffmail.com,Mobile,Card,1092,5,Yes,0,0
CUST100419,Ananya Gupta,19,Female,368937.0,INR,41,Silver,2021-11-07,2022-03-06,Monthly,1832.21,57,31,27,Beauty,Hyderabad,India,rediffmail.com,Web,Upi,529,4,Yes,1,1
CUST100420,Priya Verma,53,Male,548564.0,USD,100,Gold,2025-03-20,2025-12-26,Rarely,3176.58,21,2,20,Food Court,Chennai,India,gmail.com,iOS,Upi,1057,2,No,0,1
CUST100421,Amit Sinha,42,Male,515957.0,INR,84,Platinum,2024-12-03,2025-07-12,Weekly,1601.84,24,18,6,Kids,Ahmedabad,India,outlook.com,Web,Upi,1834,3,Yes,0,1
CUST100422,Sara Mehta,22,Male,1800876.0,INR,45,Silver,2021-09-26,2022-02-06,Daily,2485.54,23,16,7,Food Court,Ahmedabad,India,gmail.com,Desktop,Credit Card,273,3,No,0,1
CUST100423, Sara Sinha ,33,Female,1633158.0,INR,25,Gold,2025-03-15,2025-12-11,Weekly,3125.36,1,0,0,Beauty,Bengaluru,India,rediffmail.com,Android,Credit Card,1641,3,No,1,1
CUST100424,Arjun Mishra,46,Male,912186.0,INR,81,Gold,2023-05-11,2024-07-07,Rarely,2577.7,27,21,6,Food Court,Bangalore,India,gmail.com,iOS,Upi,1517,2,Yes,1,1
CUST100425,Ayaan Mehta,43,Female,1632332.0,INR,29,Silver,2022-09-30,2025-01-17,Weekly,991.01,77,73,3,Fashion,Jaipur,India,company.com,Desktop,Upi,1938,2,No,0,1
CUST100426,Aditya Gupta,23,Male,465718.0,INR,15,Silver,2022-02-13,2023-02-17,Rarely,4029.48,9,6,3,Gaming,Chennai,India,gmail.com,iOS,Upi,1204,1,Yes,0,1
CUST_NEW0010,Ishaan Khan,22,Female,731768.0,INR,100,Silver,2025-05-11,2026-05-13,Weekly,1232.54,3,2,1,Sports,Hyderabad,India,gmail.com,Android,Upi,1587,5,Yes,0,1
CUST100428,Neha Chopra,52,Male,368595.0,INR,97,Platinum,2025-02-22,2026-05-26,Rarely,5900.76,5,0,5,Sports,Ahmedabad,India,rediffmail.com,Web,Credit Card,2027,4,Yes,0,1
CUST100429,Ishaan Iyer,33,Female,785829.0,INR,62,Gold,2024-08-22,2026-02-04,Weekly,4295.4,10,5,4,Beauty,Bengaluru,India,gmail.com,Android,Credit Card,381,4,Yes,0,1
CUST100430,Ishaan Verma,11,Male,979018.0,INR,59,Basic,2025-01-12,2026-01-29,Daily,3142.34,18,10,9,Food Court,Chennai,India,gmail.com,Web,Upi,1116,2,Yes,1,1
CUST100431,Priya Mishra,22,Female,661597.0,INR,47,Silver,2021-03-21,2021-06-30,Daily,3058.99,57,43,14,Beauty,Hyderabad,India,company.com,iOS,Debit Card,796,5,No,0,1
CUST_NEW0011,Ayaan Patel,20,Female,648622.0,INR,65,Silver,2025-09-01,2025-09-01,Daily,5204.33,16,4,12,Sports,Chennai,India,gmail.com,Mobile,Upi,1232,1,No,0,0
CUST100433,Meera Khan,36,Female,788748.0,INR,23,Silver,2025-08-24,2026-04-23,Monthly,2366.72,9,0,9,Gaming,Pune,India,gmail.com,Mobile,Upi,735,1,No,0,1
CUST100434,Sara Sinha,42,Male,636135.0,INR,54,Gold,2022-02-18,2023-09-26,Weekly,840.03,3,0,4,Electronics,Hyderabad,India,rediffmail.com,Android,Card,1893,5,No,0,1
CUST100435,Riya Joshi,21,Female,693739.0,INR,49,Silver,2024-07-14,2025-08-09,Rarely,688.12,49,46,3,Home Decor,Jaipur,India,gmail.com,Android,Debit Card,1516,2,Yes,0,1
CUST100436,Sara Gupta,33,Female,434954.0,USD,36,Gold,2022-12-13,2024-02-22,Rarely,3490.52,10,4,6,Books,Kolkata,India,rediffmail.com,Android,Upi,1212,5,Yes,0,1
CUST100437,Kiara Kumar,32,Male,565109.0,INR,55,Silver,2023-12-11,2025-09-06,Weekly,5846.06,11,7,5,Home Decor,Lucknow,India,gmail.com,Android,Wallet,1183,3,No,0,1
CUST100438,Ananya Das,24,Female,648622.0,INR,33,Gold,2023-12-06,2025-07-24,Rarely,2168.05,2,1,1,Beauty,Jaipur,India,outlook.com,Web,Upi,776,2,Yes,1,1
CUST100439,Ira Mishra,29,Male,1105717.0,INR,81,Silver,2025-02-18,2026-05-11,Monthly,2920.56,23,5,17,Home Decor,Hyderabad,India,hotmail.com,iOS,Upi,747,5,No,0,1
CUST100440,Vivaan Kapoor,40,Male,367197.0,INR,68,Gold,2022-09-27,2024-08-01,Rarely,809.69,3,2,1,Gaming,Bengaluru,India,gmail.com,Web,Credit Card,839,4,Yes,0,1
CUST100441,Arjun Khan,37,Male,200152.0,INR,49,Basic,2022-07-29,2023-10-04,Daily,5082.97,12,3,1,Food Court,Ahmedabad,India,company.com,Mobile,Credit Card,2108,5,Yes,1,1
CUST100442, Neha Singh ,33,Male,990368.0,INR,33,Silver,2025-03-13,2025-04-11,Weekly,2884.04,26,15,11,Gaming,Kolkata,India,outlook.com,Web,Debit Card,1462,2,No,0,1
CUST100443,Ananya Chopra,13,Male,400851.0,INR,71,Platinum,2024-07-26,2025-12-15,Weekly,4066.13,14,10,3,Gaming,Hyderabad,India,gmail.com,iOS,Wallet,1386,3,No,0,1
CUST100444,Neha Reddy,56,Male,1475801.0,INR,19,Silver,2023-11-18,2023-12-30,Monthly,729.1,1,0,1,Gaming,Mumbai,India,gmail.com,iOS,Card,1534,1,No,1,1
CUST100445,Ishaan Rao,42,Male,563955.0,INR,74,Silver,2021-08-20,2022-09-08,Daily,3090.07,10,1,9,Sports,Mumbai,India,company.com,Android,Debit Card,775,1,Yes,0,1
CUST100446, Diya Singh ,15,Male,1359942.0,INR,88,Platinum,2022-01-08,2023-02-18,Rarely,1780.62,6,4,3,Gaming,Lucknow,India,gmail.com,Web,Debit Card,1680,4,Yes,1,1
CUST100447,Amit Kumar,58,Female,898939.0,INR,29,Silver,2024-09-30,2025-06-03,Rarely,1141.64,6,4,3,Food Court,Chennai,India,yahoo.com,Web,Debit Card,2152,3,No,0,1
CUST100448,Rahul Chopra,36,Female,547604.0,INR,80,Gold,2023-05-11,2023-07-27,Rarely,2634.56,13,11,3,Beauty,Bengaluru,India,gmail.com,iOS,Credit Card,514,5,No,0,1
CUST100450,Aadhya Joshi,33,Male,799915.0,USD,59,Platinum,2022-03-01,2022-06-10,Rarely,2315.54,7,3,4,Food Court,Mumbai,India,hotmail.com,iOS,Credit Card,1564,5,Yes,0,1
CUST100451,Sai Rao,33,Female,545962.0,INR,79,Gold,2022-05-23,2023-08-10,Daily,839.87,14,11,4,Grocery,Delhi,India,rediffmail.com,iOS,Upi,1858,2,No,0,1
CUST100452,Amit Sharma,42,Male,939842.0,INR,79,Platinum,2023-08-15,2025-04-27,Daily,4508.24,34,27,7,Beauty,Chennai,India,gmail.com,iOS,Debit Card,883,3,No,0,1
CUST100453,Priya Sinha,19,Male,1245308.0,INR,53,Silver,2021-10-07,2023-05-23,Weekly,6587.0,5,2,2,Home Decor,Lucknow,India,gmail.com,iOS,Credit Card,368,3,No,0,1
CUST100454,Myra Singh,35,Male,682239.0,INR,52,Platinum,2022-06-28,2023-04-20,Monthly,3859.24,13,12,1,Grocery,Ahmedabad,India,gmail.com,iOS,Wallet,398,1,Yes,1,1
CUST100455,Vihaan Verma,56,Male,648622.0,INR,55,Gold,2022-06-21,2024-10-21,Monthly,3218.8,0,0,0,Home Decor,Delhi,India,gmail.com,Desktop,Card,1399,1,Yes,0,1
CUST100456,Myra Verma,34,Other,885297.0,INR,83,Platinum,2021-09-09,2021-10-27,Weekly,781.44,0,0,0,Fashion,Ahmedabad,India,rediffmail.com,Mobile,Debit Card,387,3,Yes,0,1
CUST100457,Vihaan Gupta,42,Female,791850.0,INR,94,Silver,2025-05-28,2025-10-11,Daily,1261.8,5,1,5,Beauty,Mumbai,India,yahoo.com,Mobile,Cash,2031,4,No,0,1
CUST100458,Ananya Reddy,8,Male,644316.0,INR,32,Silver,2024-04-11,2026-02-24,Monthly,1957.79,17,9,8,Home Decor,Ahmedabad,India,gmail.com,Mobile,Cash,377,5,No,0,1
CUST100459,Vivaan Chopra,35,Male,648622.0,INR,36,Platinum,2024-05-20,2024-12-14,Rarely,1677.5,33,3,30,Books,Chennai,India,company.com,Android,Upi,1260,4,Yes,0,1
CUST100460,Amit Joshi,49,Female,540090.0,INR,37,Platinum,2025-07-09,2026-03-28,Weekly,3180.8,7,4,3,Home Decor,Mumbai,India,outlook.com,iOS,Credit Card,1387,4,No,0,1
CUST100461,Kiara Rao,47,Male,706541.0,USD,64,Platinum,2023-12-25,2024-08-20,Weekly,1692.06,0,0,0,Sports,Chennai,India,gmail.com,iOS,Debit Card,383,3,Yes,0,1
CUST100462,Riya Gupta,45,Male,568759.0,USD,18,Silver,2024-08-02,2026-04-17,Weekly,1026.03,33,27,6,Food Court,Lucknow,India,gmail.com,Web,Credit Card,321,1,No,1,1
CUST100463,Reyansh Singh,20,Female,2064690.0,INR,40,Gold,2024-03-27,2024-05-14,Monthly,3900.48,44,42,2,Gaming,Bengaluru,India,gmail.com,Web,Card,1071,3,Yes,0,1
CUST100464,Arjun Rao,33,Male,538817.0,INR,24,Gold,2021-03-29,2022-01-13,Monthly,9074.43,7,3,3,Gaming,Chennai,India,hotmail.com,Android,Upi,754,5,Yes,0,1
CUST100465,Kiara Mishra,47,Other,361293.0,INR,71,Platinum,2022-01-16,2023-01-16,Rarely,935.91,7,2,6,Food Court,Kolkata,India,yahoo.com,Desktop,Wallet,794,2,Yes,0,1
CUST_NEW0012,Krishna Mehta,35,Female,954180.0,USD,34,Gold,2023-05-11,2023-11-06,Rarely,1536.33,7,6,1,Gaming,Hyderabad,India,rediffmail.com,Android,Credit Card,2427,4,Yes,0,1
CUST100467,Reyansh Das,22,Male,664836.0,INR,30,Silver,2022-05-01,2024-08-29,Rarely,475.17,17,7,10,Kids,Lucknow,India,company.com,Mobile,Upi,2341,5,Yes,0,1
CUST100468,Aditya Reddy,32,Female,446167.0,INR,71,Basic,2022-12-16,2023-07-01,Weekly,2150.49,12,0,3,Fashion,Delhi,India,company.com,iOS,Credit Card,1243,1,Yes,1,1
CUST100469,Neha Nair,42,Male,684607.0,INR,54,Gold,2023-08-12,2023-09-09,Rarely,955.58,22,6,16,Grocery,Chennai,India,gmail.com,Desktop,Credit Card,1830,4,Yes,0,1
CUST100470,Aarav Sharma,17,Female,565340.0,INR,89,Silver,2025-01-17,2025-01-17,Monthly,884.15,0,0,0,Grocery,Ahmedabad,India,outlook.com,iOS,Credit Card,718,3,No,0,0
CUST100471,Ishaan Singh,46,Male,1861383.0,INR,61,Gold,2025-06-11,2025-08-07,Rarely,7095.62,12,0,3,Electronics,Lucknow,India,yahoo.com,Web,Upi,0,2,No,0,1
CUST100472,Ira Verma,51,Female,1109539.0,INR,43,Platinum,2021-09-25,2023-01-19,Rarely,1325.95,3,1,2,Fashion,Ahmedabad,India,yahoo.com,Web,Credit Card,902,3,No,0,1
CUST100473, Sara Das ,33,Female,1058531.0,USD,15,Silver,2021-05-01,2021-05-10,Monthly,735.53,28,25,4,Food Court,Pune,India,outlook.com,Android,Upi,520,1,Yes,0,1
CUST100474, Pooja Nair ,28,Female,658342.0,INR,67,Silver,2021-10-31,2023-01-11,Rarely,1193.64,4,3,2,Home Decor,Pune,India,yahoo.com,Android,Upi,1292,3,Yes,0,1
CUST100475,Aarav Chopra,39,Male,1112205.0,INR,54,Basic,2023-07-25,2025-08-22,Monthly,2427.16,17,13,4,Food Court,Lucknow,India,gmail.com,iOS,Upi,0,5,Yes,0,1
CUST100476,Arjun Reddy,56,Female,854478.0,INR,19,Platinum,2021-05-21,2022-05-27,Weekly,5800.6,2,0,2,Grocery,Chennai,India,yahoo.com,iOS,Debit Card,677,3,Yes,1,1
CUST100477,Ira Kumar,19,Female,315573.0,INR,52,Platinum,2025-06-06,2025-12-06,Weekly,4787.89,1,0,1,Books,Delhi,India,rediffmail.com,iOS,Upi,2031,2,No,1,1
CUST100479,Arjun Mehta,30,Male,202852.0,INR,16,Basic,2021-12-13,2022-05-29,Weekly,1765.68,7,6,0,Kids,Ahmedabad,India,gmail.com,Mobile,Card,1015,4,Yes,0,1
CUST100480,Kiara Verma,23,Male,384942.0,INR,11,Silver,2022-11-07,2024-10-19,Monthly,892.52,12,8,22,Home Decor,Lucknow,India,yahoo.com,iOS,Card,1986,3,Yes,0,1
CUST100481,Aditya Gupta,21,Male,469830.0,INR,50,Gold,2022-07-22,2022-07-22,Monthly,3315.95,28,14,14,Gaming,Bengaluru,India,company.com,Web,Credit Card,2204,2,No,0,0
CUST100482,Pooja Reddy,44,Female,648622.0,INR,69,Gold,2023-10-14,2025-11-17,Rarely,473.38,43,2,40,Sports,Jaipur,India,yahoo.com,iOS,Cash,399,2,No,0,1
CUST100483,Riya Sinha,17,Male,769853.0,INR,48,Basic,2021-04-26,2023-04-28,Rarely,4409.07,13,0,13,Grocery,Chennai,India,yahoo.com,Android,Debit Card,1500,2,Yes,0,1
CUST100484,Myra Rao,39,Male,535059.0,INR,51,Gold,2022-03-13,2024-08-26,Rarely,330.01,18,12,6,Food Court,Jaipur,India,outlook.com,iOS,Upi,1199,4,No,0,1
CUST100485,Ayaan Reddy,50,Female,1088769.0,INR,29,Gold,2022-03-10,2024-02-27,Weekly,3277.11,69,65,4,Kids,Kolkata,India,rediffmail.com,Android,Cash,1136,1,Yes,0,1
CUST100486,Vihaan Singh,19,Female,371115.0,INR,36,Silver,2021-11-15,2023-04-01,Monthly,1157.38,38,10,29,Books,Chennai,India,gmail.com,Mobile,Debit Card,2269,1,No,0,1
CUST100487,Aarav Gupta,31,Other,548024.0,INR,72,Gold,2022-02-21,2022-04-24,Daily,1666.06,11,0,10,Books,Mumbai,India,gmail.com,Web,Debit Card,1356,1,No,0,1
CUST100488,Kiara Singh,46,Female,871025.0,INR,28,Platinum,2021-01-22,2022-04-23,Daily,1559.89,32,31,2,Gaming,Kolkata,India,gmail.com,iOS,Upi,1451,4,Yes,0,1
CUST100489,Neha Khan,27,Female,347076.0,INR,46,Platinum,2022-02-14,2023-09-28,Weekly,2104.82,4,0,3,Grocery,Kolkata,India,outlook.com,Web,Card,1009,3,No,0,1
CUST100490,Vivaan Verma,36,Female,616467.0,INR,78,Platinum,2024-05-27,2024-09-27,Monthly,2636.45,12,0,1,Electronics,Mumbai,India,rediffmail.com,iOS,Upi,2593,5,Yes,0,1
CUST100491,Sara Iyer,38,Female,646986.0,INR,75,Silver,2022-12-03,2024-11-03,Weekly,1312.62,0,0,1,Beauty,Pune,India,outlook.com,Web,Upi,1980,2,Yes,0,1
CUST100492,Reyansh Sinha,16,Female,868593.0,INR,75,Silver,2021-04-08,2022-02-07,Rarely,1441.94,3,2,1,Grocery,Delhi,India,gmail.com,Desktop,Card,2117,2,Yes,0,1
CUST100493,Vivaan Kumar,40,Female,959490.0,INR,79,Basic,2023-05-11,2022-10-31,Daily,871.73,0,0,0,Grocery,Hyderabad,India,gmail.com,iOS,Upi,1557,1,No,0,1
CUST100494,Vihaan Singh,42,Male,179086.0,USD,77,Platinum,2025-06-04,2025-10-19,Monthly,1210.32,9,1,9,Home Decor,Lucknow,India,yahoo.com,Android,Credit Card,2277,5,Yes,0,1
CUST100495,Kiara Mishra,24,Male,1156186.0,INR,32,Basic,2021-07-24,2022-11-29,Rarely,1817.0349999999999,1,0,2,Kids,Pune,India,gmail.com,Android,Cash,749,5,Yes,1,1
CUST100496,Saanvi Kapoor,25,Female,1100347.0,INR,50,Silver,2021-04-12,2022-09-23,Monthly,831.12,2,1,0,Kids,Bangalore,India,gmail.com,iOS,Upi,2227,3,Yes,1,1
CUST100497,Pooja Khan,20,Male,453535.0,INR,24,Basic,2024-06-18,2024-08-15,Monthly,1344.18,3,1,3,Grocery,Ahmedabad,India,rediffmail.com,Mobile,Debit Card,1125,3,Yes,1,1
CUST100498,Reyansh Mehta,20,Male,120000.0,INR,42,Silver,2022-01-11,2024-06-19,Rarely,1084.4,8,6,3,Electronics,Mumbai,India,gmail.com,Web,Upi,766,3,Yes,0,1
CUST100499,Ishaan Rao,33,Male,611099.0,INR,80,Basic,2022-01-15,2022-03-24,Monthly,2159.93,12,4,1,Beauty,Kolkata,India,company.com,Mobile,Upi,900,2,Yes,0,1
CUST100500,Ishaan Singh,39,Male,569806.0,INR,57,Gold,2023-06-30,2025-10-22,Rarely,921.09,15,3,12,Home Decor,Bangalore,India,outlook.com,Mobile,Card,1165,5,No,0,1
CUST100501,Pooja Mehta,22,Male,996730.0,USD,58,Platinum,2022-11-28,2023-03-10,Weekly,3828.15,6,3,2,Books,Chennai,India,gmail.com,Mobile,Upi,1594,1,Yes,0,1
CUST100502,Ayaan Khan,33,Male,554620.0,INR,73,Silver,2024-12-17,2025-09-15,Monthly,905.84,0,0,0,Food Court,Jaipur,India,gmail.com,Desktop,Upi,1830,3,Yes,0,1
CUST100503,Saanvi Reddy,33,Female,249900.0,INR,36,Basic,2025-03-22,2025-11-08,Daily,2477.14,5,2,4,Gaming,Kolkata,India,gmail.com,Web,Upi,832,1,Yes,0,1
CUST100504,Amit Gupta,40,Male,557917.0,INR,16,Basic,2023-05-21,2025-01-16,Rarely,2899.13,0,0,0,Fashion,Jaipur,India,gmail.com,iOS,Credit Card,1906,1,Yes,1,1
CUST100505,Vivaan Patel,35,Male,648622.0,INR,22,Silver,2024-05-10,2025-10-08,Monthly,5780.28,6,4,3,Grocery,Jaipur,India,outlook.com,iOS,Credit Card,911,4,No,0,1
CUST100506,Ishaan Sharma,23,Female,1442671.0,INR,38,Silver,2021-01-13,2022-07-13,Daily,1651.31,38,7,31,Grocery,Jaipur,India,yahoo.com,Web,Upi,1480,1,No,1,1
CUST100507,Pooja Reddy,47,Female,1177294.0,INR,54,Silver,2023-05-11,2026-05-13,Rarely,6774.14,12,9,3,Electronics,Pune,India,gmail.com,Android,Cash,693,3,Yes,0,1
CUST100508,Aadhya Singh,19,Male,453647.0,INR,39,Silver,2023-11-27,2025-09-12,Weekly,1867.5,10,0,9,Electronics,Bengaluru,India,gmail.com,iOS,Credit Card,1486,5,Yes,1,1
CUST100509, Aditya Gupta ,27,Male,1172448.0,INR,22,Silver,2024-07-25,2025-01-20,Rarely,2419.0,28,11,17,Electronics,Lucknow,India,gmail.com,Android,Credit Card,831,2,No,0,1
CUST100510,Saanvi Patel,26,Male,1440884.0,INR,74,Basic,2025-04-08,2025-11-23,Weekly,1074.17,15,6,8,Home Decor,Mumbai,India,gmail.com,iOS,Upi,2498,4,Yes,0,1
CUST100511, Sara Singh ,21,Male,665238.0,USD,62,Platinum,2025-05-08,2026-03-23,Rarely,1427.14,9,8,1,Gaming,Lucknow,India,gmail.com,Desktop,Debit Card,1597,1,Yes,0,1
CUST100512,Saanvi Nair,31,Female,458022.0,INR,1,Gold,2025-05-19,2025-12-27,Weekly,1665.49,14,6,9,Grocery,Jaipur,India,gmail.com,iOS,Upi,1446,2,No,0,1
CUST100513,Sai Singh,39,Male,1005335.0,INR,49,Gold,2022-03-22,2023-01-23,Rarely,3560.04,28,20,8,Electronics,Ahmedabad,India,hotmail.com,Web,Cash,673,5,Yes,1,1
CUST100514,Arjun Das,26,Female,200158.0,INR,81,Silver,2023-04-04,2024-10-01,Rarely,6900.63,17,2,14,Sports,Kolkata,India,outlook.com,Web,Cash,909,5,No,0,1
CUST100515,Ishaan Das,28,Male,593416.0,USD,38,Silver,2021-05-08,2021-12-25,Monthly,1532.17,12,7,4,Sports,Ahmedabad,India,gmail.com,Desktop,Debit Card,755,5,Yes,0,1
CUST100516,Aadhya Mehta,33,Female,914848.0,INR,60,Silver,2022-07-03,2023-06-28,Weekly,1940.79,27,17,10,Gaming,Bengaluru,India,company.com,Mobile,Upi,323,5,No,0,1
CUST100517,Ira Sharma,34,Other,648622.0,INR,96,Platinum,2024-04-20,2025-05-16,Rarely,2111.94,2,0,1,Beauty,Lucknow,India,hotmail.com,Android,Cash,508,3,No,0,1
CUST100518,Reyansh Singh,33,Female,1250507.0,USD,28,Gold,2024-05-24,2025-12-16,Monthly,1741.85,0,0,1,Kids,Delhi,India,outlook.com,Desktop,Cash,1184,3,No,1,1
CUST100519,Meera Khan,46,Female,1535948.0,INR,75,Silver,2022-07-13,2023-07-20,Rarely,2787.63,0,0,1,Beauty,Bangalore,India,outlook.com,Android,Upi,2149,2,No,0,1
CUST100520, Ira Kumar ,42,Female,373140.0,INR,51,Silver,2025-07-23,2025-07-23,Monthly,1841.7,11,6,6,Electronics,Hyderabad,India,gmail.com,Web,Upi,1525,4,Yes,0,0
CUST100521,Ishaan Das,38,Female,803857.0,INR,67,Silver,2021-03-30,2021-08-13,Weekly,2528.86,35,20,15,Kids,Chennai,India,rediffmail.com,Web,Upi,1385,5,Yes,0,1
CUST100522,Myra Sharma,33,Male,980290.0,INR,74,Gold,2024-12-03,2026-01-24,Rarely,2108.55,20,2,19,Fashion,Pune,India,gmail.com,iOS,Card,549,5,Yes,0,1
CUST100523,Amit Rao,16,Female,541038.0,INR,73,Gold,2022-05-18,2024-01-12,Monthly,1281.33,15,5,10,Gaming,Bengaluru,India,gmail.com,Desktop,Cash,541,3,Yes,0,1
CUST100524,Riya Iyer,3,Male,692240.0,INR,41,Platinum,2025-01-05,2025-08-04,Monthly,1327.46,19,8,10,Sports,Bangalore,India,rediffmail.com,iOS,Wallet,882,2,No,1,1
CUST100525,Pooja Gupta,25,Female,1298210.0,INR,88,Platinum,2024-06-27,2026-06-23,Rarely,690.79,16,2,14,Fashion,Mumbai,India,company.com,Web,Upi,1196,5,No,0,1
CUST100526,Aadhya Sharma,33,Male,798179.0,INR,75,Silver,2025-05-15,2025-07-31,Weekly,1427.49,10,6,3,Books,Pune,India,gmail.com,iOS,Debit Card,841,4,No,1,1
CUST100527,Krishna Mishra,21,Male,531171.0,INR,24,Silver,2023-11-03,2024-04-22,Rarely,1560.75,5,3,3,Sports,Hyderabad,India,hotmail.com,Mobile,Upi,1086,4,No,0,1
CUST100528,Neha Kapoor,27,Female,939238.0,INR,49,Gold,2021-10-20,2024-02-10,Rarely,3885.01,24,21,3,Books,Lucknow,India,gmail.com,iOS,Debit Card,1193,1,Yes,0,1
CUST100529, Myra Chopra ,38,Female,781513.0,INR,65,Gold,2025-03-09,2025-11-22,Rarely,877.81,50,15,35,Home Decor,Mumbai,India,company.com,iOS,Wallet,1066,5,Yes,0,1
CUST100530,Priya Chopra,30,Female,680679.0,INR,19,Gold,2022-02-17,2023-03-28,Rarely,4127.12,3,2,1,Beauty,Chennai,India,company.com,Web,Credit Card,723,3,No,1,1
CUST100531,Sara Kapoor,33,Other,672388.0,INR,78,Silver,2021-05-27,2022-07-25,Monthly,1353.52,9,4,5,Sports,Mumbai,India,gmail.com,Android,Credit Card,1189,5,No,0,1
CUST100532,Riya Sinha,17,Female,969032.0,INR,32,Gold,2025-02-16,2025-11-16,Weekly,3440.42,3,2,1,Fashion,Pune,India,gmail.com,iOS,Upi,1146,4,No,1,1
CUST100533,Aditya Verma,23,Female,1814625.0,INR,59,Platinum,2024-08-01,2025-03-17,Rarely,2170.77,79,76,2,Grocery,Hyderabad,India,outlook.com,Android,Cash,1080,5,Yes,0,1
CUST100534,Sara Sharma,49,Male,613244.0,INR,12,Silver,2022-02-17,2022-02-20,Monthly,4266.98,2,0,3,Home Decor,Ahmedabad,India,company.com,iOS,Upi,168,2,No,1,1
CUST100535,Arjun Rao,34,Female,361972.0,INR,56,Basic,2025-04-15,2025-05-31,Weekly,2574.98,61,55,5,Gaming,Ahmedabad,India,hotmail.com,Mobile,Upi,1082,5,Yes,1,1
CUST100536,Meera Patel,32,Female,1119335.0,INR,41,Silver,2025-06-09,2026-01-22,Weekly,2384.97,29,28,1,Kids,Chennai,India,gmail.com,Android,Upi,475,2,No,0,1
CUST100537,Myra Reddy,34,Male,636152.0,INR,59,Basic,2022-11-15,2024-12-09,Monthly,2577.03,9,0,8,Electronics,Kolkata,India,rediffmail.com,iOS,Cash,1260,2,Yes,0,1
CUST100538,Ananya Khan,31,Female,1803687.0,INR,36,Gold,2023-11-13,2025-02-08,Rarely,1546.54,0,0,0,Books,Jaipur,India,gmail.com,Mobile,Cash,752,1,No,0,1
CUST100539,Rahul Das,33,Female,1401799.0,INR,73,Silver,2023-06-29,2023-10-23,Rarely,780.4,68,53,14,Home Decor,Pune,India,gmail.com,Android,Cash,604,4,Yes,0,1
CUST100540,Rahul Gupta,24,Male,385230.0,INR,48,Basic,2021-11-25,2023-08-02,Weekly,1000.75,12,7,4,Books,Kolkata,India,gmail.com,iOS,Cash,1613,1,No,0,1
CUST100543,Vihaan Kapoor,47,Male,1336795.0,USD,50,Platinum,2024-07-25,2025-06-01,Monthly,2239.77,0,0,1,Gaming,Ahmedabad,India,rediffmail.com,Web,Upi,1780,3,Yes,1,1
CUST100544,Aditya Mehta,27,Female,634847.0,INR,54,Platinum,2025-02-01,2025-09-02,Daily,3249.95,16,0,16,Books,Mumbai,India,hotmail.com,Web,Upi,1485,3,No,0,1
CUST100545,Aditya Patel,21,Female,735669.0,USD,61,Basic,2023-06-22,2024-11-10,Weekly,2090.76,37,0,36,Fashion,Lucknow,India,yahoo.com,iOS,Card,1468,3,No,0,1
CUST100546,Saanvi Mishra,32,Male,779438.0,INR,43,Gold,2024-03-30,2026-01-31,Daily,806.17,12,0,0,Electronics,Kolkata,India,yahoo.com,iOS,Wallet,1825,1,Yes,1,1
CUST100547,Pooja Reddy,28,Female,648622.0,INR,56,Basic,2025-02-24,2025-11-16,Rarely,1581.14,2,0,3,Food Court,Kolkata,India,outlook.com,Web,Debit Card,1805,2,No,0,1
CUST100548,Sara Rao,33,Female,906396.0,USD,53,Basic,2023-03-30,2024-01-29,Weekly,1150.25,9,2,7,Books,Bengaluru,India,gmail.com,Desktop,Credit Card,2428,1,No,1,1
CUST100549,Sara Khan,45,Male,1280065.0,INR,52,Basic,2024-08-02,2026-01-07,Rarely,1441.1,12,10,2,Beauty,Kolkata,India,gmail.com,Web,Cash,1919,3,Yes,0,1
CUST_NEW0013,Rahul Iyer,52,Female,648622.0,INR,50,Silver,2022-07-10,2023-02-12,Monthly,1946.17,18,15,4,Fashion,Chennai,India,gmail.com,iOS,Credit Card,1427,5,No,0,1
CUST100551,Pooja Das,32,Female,648622.0,USD,46,Platinum,2021-07-15,2022-04-21,Weekly,8571.31,2,0,2,Electronics,Delhi,India,gmail.com,Web,Credit Card,1424,1,No,0,1
CUST100552,Myra Kumar,38,Female,25000000.0,INR,62,Silver,2023-02-24,2023-02-24,Daily,1817.0349999999999,33,2,30,Food Court,Lucknow,India,gmail.com,iOS,Cash,742,2,Yes,0,0
CUST100553,Vivaan Das,39,Male,561099.0,INR,100,Silver,2024-01-23,2026-04-18,Monthly,359.19,56,15,40,Beauty,Pune,India,gmail.com,Android,Credit Card,1752,5,No,0,1
CUST100554,Vihaan Nair,40,Female,519789.0,INR,62,Gold,2023-05-22,2023-07-23,Weekly,1129.85,24,7,17,Grocery,Delhi,India,gmail.com,Web,Upi,1930,2,No,0,1
CUST100555,Ishaan Gupta,38,Female,804303.0,INR,61,Gold,2023-06-13,2024-10-12,Monthly,4399.88,2,0,1,Fashion,Pune,India,hotmail.com,Web,Upi,962,5,No,0,1
CUST100556,Aadhya Verma,30,Male,544442.0,USD,47,Basic,2021-05-14,2023-05-08,Daily,662.49,7,5,3,Home Decor,Mumbai,India,yahoo.com,Mobile,Debit Card,1526,1,No,1,1
CUST100557,Diya Gupta,31,Female,468662.0,INR,57,Silver,2021-01-11,2021-01-14,Rarely,2681.6,35,9,27,Electronics,Chennai,India,gmail.com,Mobile,Upi,1864,2,No,0,1
CUST100558,Vihaan Verma,34,Male,713679.0,INR,61,Silver,2025-05-05,2025-10-12,Rarely,1469.53,1,0,1,Food Court,Chennai,India,gmail.com,iOS,Upi,2552,1,Yes,1,1
CUST100559,Aadhya Kapoor,48,Female,516272.0,INR,36,Platinum,2023-08-20,2025-03-11,Daily,3810.72,36,4,31,Gaming,Pune,India,rediffmail.com,Android,Upi,0,4,Yes,0,1
CUST100560,Pooja Mehta,34,Female,736970.0,INR,37,Gold,2024-07-29,2024-09-17,Weekly,2269.76,15,11,5,Beauty,Chennai,India,gmail.com,iOS,Wallet,1054,4,No,0,1
CUST100561,Aadhya Singh,24,Female,659222.0,INR,79,Gold,2025-04-05,2026-01-14,Rarely,1235.76,17,2,16,Beauty,Mumbai,India,gmail.com,Web,Card,1381,2,Yes,0,1
CUST100562,Kiara Mishra,46,Male,336376.0,INR,45,Silver,2022-11-24,2024-10-15,Rarely,3067.09,3,1,2,Fashion,Hyderabad,India,outlook.com,Web,Upi,1466,2,Yes,0,1
CUST100563,Reyansh Verma,40,Female,208143.0,USD,48,Silver,2021-03-09,2021-10-15,Weekly,854.01,41,15,26,Grocery,Jaipur,India,outlook.com,Web,Credit Card,356,1,No,1,1
CUST100564,Aadhya Sharma,42,Female,430128.0,INR,28,Silver,2025-05-07,2025-10-24,Monthly,3203.95,8,7,1,Food Court,Chennai,India,company.com,Mobile,Credit Card,1238,4,Yes,0,1
CUST100565,Rahul Sinha,40,Male,498900.0,INR,59,Gold,2024-08-20,2025-07-14,Monthly,2651.45,2,1,1,Sports,Chennai,India,outlook.com,iOS,Debit Card,389,4,Yes,0,1
CUST100566,Neha Mehta,35,Other,809558.0,INR,45,Silver,2022-11-21,2025-01-20,Rarely,3215.85,33,20,13,Beauty,Pune,India,gmail.com,Android,Upi,1203,2,No,1,1
CUST100567,Krishna Chopra,32,Male,551903.0,INR,50,Silver,2025-07-08,2025-09-19,Rarely,3838.44,8,1,8,Gaming,Pune,India,yahoo.com,Android,Wallet,936,3,No,1,1
CUST100568,Meera Kumar,25,Male,1395660.0,INR,94,Gold,2023-05-06,2023-05-06,Daily,7100.41,2,1,2,Food Court,Hyderabad,India,gmail.com,Android,Wallet,643,3,No,0,0
CUST100569,Aditya Joshi,12,Female,270365.0,INR,65,Basic,2021-10-02,2022-01-05,Daily,1817.0349999999999,19,8,11,Food Court,Lucknow,India,hotmail.com,Android,Credit Card,683,2,Yes,0,1
CUST100570,Ishaan Mishra,0,Female,821749.0,INR,83,Platinum,2023-05-17,2025-10-02,Monthly,1817.0349999999999,26,22,4,Home Decor,Mumbai,India,outlook.com,iOS,Upi,1189,4,Yes,1,1
CUST100571,Rahul Kumar,43,Other,1105927.0,INR,45,Basic,2023-12-09,2025-12-29,Rarely,1902.37,7,6,0,Books,Lucknow,India,gmail.com,iOS,Credit Card,669,5,No,0,1
CUST100572,Diya Chopra,48,Female,590032.0,INR,49,Platinum,2024-05-26,2025-11-16,Rarely,2527.67,58,35,23,Grocery,Pune,India,gmail.com,iOS,Cash,1146,5,Yes,0,1
CUST100573,Ira Sinha,43,Male,373535.0,INR,63,Silver,2025-08-04,2025-12-24,Rarely,2307.39,5,4,1,Grocery,Jaipur,India,hotmail.com,Web,Card,1731,1,Yes,0,1
CUST100574,Rahul Rao,33,Male,1031927.0,INR,42,Silver,2023-01-30,2023-12-03,Weekly,282.94,29,20,9,Sports,Kolkata,India,yahoo.com,iOS,Upi,2046,5,Yes,0,1
CUST100575,Priya Sinha,19,Female,648622.0,INR,14,Silver,2022-08-28,2024-07-19,Rarely,3074.75,10,0,9,Beauty,Ahmedabad,India,gmail.com,Desktop,Upi,1257,1,Yes,0,1
CUST100576,Sara Reddy,13,Female,559428.0,INR,52,Basic,2022-02-15,2024-01-27,Weekly,874.23,20,13,7,Fashion,Pune,India,yahoo.com,Android,Credit Card,1547,3,No,0,1
CUST100577,Neha Chopra,31,Female,311213.0,INR,57,Platinum,2024-02-14,2024-09-09,Rarely,6677.72,22,14,9,Food Court,Mumbai,India,yahoo.com,Mobile,Debit Card,507,5,Yes,0,1
CUST100578,Reyansh Singh,33,Male,325007.0,INR,38,Platinum,2021-03-22,2023-06-30,Weekly,2448.7,39,35,5,Grocery,Chennai,India,hotmail.com,Android,Upi,1077,5,No,0,1
CUST100579,Pooja Gupta,21,Female,962597.0,INR,78,Silver,2024-03-05,2025-12-26,Weekly,2294.33,42,2,39,Home Decor,Delhi,India,rediffmail.com,iOS,Cash,377,2,Yes,0,1
CUST100581,Meera Nair,32,Male,645167.0,USD,45,Gold,2024-01-21,2025-07-12,Rarely,1544.62,19,10,9,Books,Ahmedabad,India,gmail.com,Android,Card,1478,2,Yes,0,1
CUST100582,Reyansh Patel,44,Female,696607.0,INR,36,Silver,2022-01-20,2023-08-13,Rarely,1536.77,2,0,3,Beauty,Chennai,India,gmail.com,Mobile,Credit Card,682,4,Yes,0,1
CUST100583,Riya Mehta,30,Male,1127601.0,INR,54,Silver,2023-12-07,2025-03-08,Daily,2518.7,22,4,18,Books,Pune,India,hotmail.com,Android,Credit Card,1143,3,Yes,0,1
CUST100584,Myra Verma,35,Male,648838.0,INR,69,Basic,2024-03-21,2025-06-26,Monthly,379.08,42,27,16,Kids,Jaipur,India,gmail.com,iOS,Upi,145,1,Yes,0,1
CUST100585,Riya Verma,30,Female,846453.0,INR,86,Silver,2024-02-25,2026-03-25,Daily,1873.92,12,7,5,Electronics,Bengaluru,India,gmail.com,Android,Wallet,1577,4,Yes,0,1
CUST100586,Ira Sharma,22,Female,260131.0,INR,49,Gold,2025-02-04,2026-02-04,Monthly,1669.44,13,5,8,Books,Kolkata,India,gmail.com,iOS,Upi,339,3,Yes,0,1
CUST100587,Ira Mishra,40,Male,493505.0,USD,63,Platinum,2024-06-24,2025-05-28,Weekly,9594.1,16,12,4,Grocery,Jaipur,India,hotmail.com,iOS,Cash,862,2,Yes,0,1
CUST100588,Reyansh Iyer,38,Female,255915.0,USD,67,Gold,2022-09-16,2022-09-16,Rarely,663.05,17,9,8,Fashion,Chennai,India,rediffmail.com,Web,Credit Card,43,5,Yes,1,0
CUST100589,Sai Nair,42,Female,648622.0,INR,58,Silver,2022-04-27,2024-01-20,Rarely,366.81,17,1,16,Grocery,Kolkata,India,yahoo.com,iOS,Debit Card,2070,2,No,0,1
CUST100590,Neha Nair,25,Other,1068887.0,INR,62,Platinum,2023-01-11,2025-03-06,Weekly,1235.56,3,2,0,Fashion,Lucknow,India,outlook.com,Mobile,Card,918,3,No,0,1
CUST100591,Reyansh Rao,40,Female,648622.0,USD,56,Gold,2021-08-17,2023-12-27,Rarely,1159.8,16,6,10,Gaming,Chennai,India,company.com,iOS,Upi,578,5,No,0,1
CUST100592,Aarav Nair,30,Male,560050.0,INR,53,Basic,2024-02-22,2025-12-07,Rarely,3450.62,79,0,80,Fashion,Bangalore,India,gmail.com,iOS,Credit Card,1285,4,Yes,0,1
CUST100593,Ayaan Joshi,27,Female,515117.0,USD,34,Silver,2023-11-01,2025-05-04,Rarely,1990.45,1,0,1,Sports,Jaipur,India,gmail.com,Android,Upi,1416,4,No,1,1
CUST100594,Kiara Sinha,54,Male,288861.0,USD,100,Gold,2021-02-26,2023-05-20,Monthly,3300.9,10,4,6,Gaming,Bengaluru,India,company.com,iOS,Cash,899,3,No,0,1
CUST100595,Aditya Das,27,Male,651168.0,USD,24,Platinum,2025-08-26,2026-09-03,Rarely,820.11,4,1,2,Food Court,Bengaluru,India,yahoo.com,iOS,Card,1379,1,Yes,1,1
CUST100596,Amit Iyer,39,Male,802242.0,INR,42,Gold,2024-01-09,2025-08-09,Weekly,1127.4,4,2,3,Electronics,Bengaluru,India,outlook.com,Mobile,Upi,1585,2,No,0,1
CUST100597,Meera Sinha,56,Male,985280.0,INR,73,Silver,2022-01-30,2022-02-19,Rarely,1304.41,10,1,9,Books,Pune,India,company.com,iOS,Credit Card,163,4,Yes,0,1
CUST100598,Amit Mishra,31,Male,1328314.0,INR,29,Silver,2024-07-18,2026-06-19,Rarely,1517.52,1,0,0,Kids,Chennai,India,hotmail.com,iOS,Upi,937,3,No,1,1
CUST100600,Myra Iyer,47,Other,729755.0,INR,62,Gold,2022-01-13,2022-12-09,Rarely,7548.48,2,1,0,Kids,Delhi,India,yahoo.com,Web,Credit Card,0,4,No,1,1
CUST100601,Myra Chopra,52,Male,620335.0,INR,57,Basic,2024-09-16,2025-07-26,Rarely,2526.8,7,6,0,Beauty,Delhi,India,outlook.com,iOS,Card,81,4,No,0,1
CUST100602,Arjun Sharma,33,Male,824257.0,INR,61,Basic,2025-02-11,2025-06-11,Weekly,2420.72,34,9,25,Grocery,Hyderabad,India,company.com,Desktop,Upi,1550,3,Yes,0,1
CUST100603,Aarav Nair,27,Female,583179.0,INR,31,Silver,2024-06-23,2026-06-16,Monthly,1087.45,15,1,15,Gaming,Bengaluru,India,outlook.com,Android,Card,2537,5,No,0,1
CUST100604,Sara Nair,42,Male,989097.0,INR,57,Silver,2025-03-26,2025-03-26,Weekly,2557.63,1,0,0,Food Court,Lucknow,India,gmail.com,iOS,Upi,2002,2,No,0,0
CUST100605,Krishna Sinha,33,Female,977696.0,INR,28,Silver,2021-10-01,2021-10-01,Rarely,1213.9,6,4,2,Gaming,Pune,India,hotmail.com,Web,Credit Card,182,5,No,0,0
CUST100606,Aarav Mishra,14,Female,294322.0,USD,52,Silver,2023-07-22,2024-02-24,Rarely,942.54,25,19,6,Beauty,Chennai,India,company.com,iOS,Credit Card,1191,5,Yes,0,1
CUST100607, Saanvi Khan ,32,Female,350762.0,INR,100,Gold,2025-01-30,2026-04-07,Daily,2226.51,12,6,2,Beauty,Jaipur,India,hotmail.com,Mobile,Upi,1811,2,Yes,1,1
CUST100608,Ayaan Mishra,32,Female,578387.0,INR,14,Silver,2024-10-29,2025-07-02,Monthly,3489.49,29,3,25,Kids,Pune,India,yahoo.com,Android,Credit Card,469,2,Yes,1,1
CUST100609,Ayaan Verma,20,Female,967777.0,USD,40,Gold,2021-10-28,2021-12-19,Rarely,1045.86,22,10,13,Grocery,Jaipur,India,company.com,iOS,Wallet,1287,2,Yes,0,1
CUST100610,Aarav Iyer,47,Male,384146.0,USD,55,Platinum,2023-10-13,2025-12-12,Rarely,3117.2,13,9,5,Home Decor,Kolkata,India,rediffmail.com,Mobile,Upi,1848,2,No,0,1
CUST100611,Ayaan Khan,35,Female,469005.0,INR,63,Platinum,2021-04-06,2022-11-11,Weekly,5101.5,27,1,25,Grocery,Chennai,India,gmail.com,Android,Wallet,1268,3,Yes,0,1
CUST100612,Amit Das,65,Male,826598.0,USD,66,Gold,2025-04-17,2026-02-17,Rarely,462.87,25,9,17,Beauty,Lucknow,India,gmail.com,Mobile,Credit Card,408,3,No,0,1
CUST100613,Reyansh Patel,28,Female,984048.0,USD,51,Silver,2021-08-01,2023-01-25,Daily,4170.81,8,2,6,Food Court,Kolkata,India,yahoo.com,iOS,Card,1372,4,No,0,1
CUST100614,Aditya Chopra,39,Female,471243.0,INR,64,Platinum,2024-08-14,2025-04-02,Rarely,883.42,16,4,11,Home Decor,Mumbai,India,yahoo.com,Web,Cash,1502,1,No,0,1
CUST100615,Ayaan Das,29,Female,292155.0,INR,65,Gold,2024-12-16,2025-03-03,Rarely,4137.17,37,29,7,Grocery,Jaipur,India,gmail.com,iOS,Wallet,1553,5,No,0,1
CUST100616, Ananya Iyer ,46,Female,249699.0,INR,13,Silver,2021-11-13,2023-03-11,Monthly,756.77,68,57,10,Kids,Mumbai,India,rediffmail.com,Web,Upi,1484,3,Yes,0,1
CUST100617,Vihaan Joshi,16,Male,840686.0,USD,64,Silver,2022-01-12,2023-09-15,Rarely,7384.9,7,6,0,Kids,Chennai,India,gmail.com,Web,Credit Card,2531,1,Yes,1,1
CUST100618,Neha Nair,24,Male,446386.0,INR,63,Silver,2024-12-21,2025-03-19,Monthly,902.88,15,5,10,Home Decor,Jaipur,India,outlook.com,iOS,Cash,0,2,No,0,1
CUST100619, Myra Khan ,33,Female,134537.0,INR,48,Silver,2024-07-17,2025-12-27,Rarely,2458.17,7,6,0,Kids,Mumbai,India,gmail.com,Android,Upi,1460,4,Yes,0,1
CUST100620, Ira Joshi ,13,Female,648622.0,INR,28,Basic,2024-10-06,2026-03-10,Rarely,941.83,12,8,5,Sports,Chennai,India,gmail.com,Android,Upi,1238,1,No,0,1
CUST100621,Rahul Reddy,35,Female,648622.0,INR,19,Basic,2022-09-23,2022-12-07,Rarely,6924.31,26,18,8,Sports,Bengaluru,India,gmail.com,Desktop,Upi,1019,5,No,0,1
CUST100622,Sara Sinha,37,Female,465511.0,INR,73,Platinum,2021-12-04,2023-12-08,Monthly,3182.87,50,26,24,Food Court,Chennai,India,gmail.com,Web,Card,2171,3,Yes,1,1
CUST100623,Krishna Khan,31,Male,529063.0,INR,48,Platinum,2023-07-26,2024-05-04,Rarely,1743.55,22,13,9,Books,Chennai,India,rediffmail.com,Mobile,Upi,1282,3,No,0,1
CUST100624,Sara Reddy,13,Male,1260206.0,INR,71,Silver,2021-11-14,2022-09-05,Rarely,2380.93,9,1,7,Food Court,Hyderabad,India,gmail.com,iOS,Upi,2328,4,Yes,0,1
CUST100625,Meera Patel,17,Female,540080.0,INR,87,Platinum,2023-03-16,2023-04-26,Rarely,1221.32,5,4,1,Books,Delhi,India,outlook.com,iOS,Upi,1197,3,Yes,1,1
CUST100626,Ananya Patel,22,Female,1664508.0,INR,14,Silver,2021-11-22,2022-12-22,Weekly,1929.09,20,9,11,Fashion,Bengaluru,India,gmail.com,iOS,Debit Card,746,1,Yes,0,1
CUST100627,Ayaan Mishra,41,Male,970453.0,INR,65,Basic,2022-05-16,2023-10-27,Weekly,1947.46,10,2,8,Gaming,Pune,India,gmail.com,iOS,Upi,718,3,No,0,1
CUST100628,Aadhya Chopra,49,Female,524629.0,INR,34,Gold,2022-06-01,2023-09-17,Weekly,869.93,92,61,30,Sports,Delhi,India,gmail.com,Web,Upi,795,4,No,0,1
CUST100629, Aarav Das ,46,Female,1825708.0,INR,90,Silver,2023-09-27,2024-10-01,Monthly,1721.08,0,0,0,Sports,Chennai,India,company.com,Mobile,Cash,1422,4,Yes,1,1
CUST100630,Rahul Mehta,33,Female,1040914.0,USD,39,Silver,2022-01-27,2023-10-12,Monthly,595.57,50,18,33,Kids,Chennai,India,yahoo.com,Desktop,Debit Card,1148,1,No,0,1
CUST100631, Krishna Nair ,36,Female,813819.0,USD,39,Silver,2024-10-11,2025-10-10,Monthly,1760.23,10,6,4,Gaming,Lucknow,India,hotmail.com,Web,Card,1578,2,Yes,0,1
CUST100633,Priya Khan,31,Other,144302.0,USD,66,Basic,2025-04-02,2026-04-25,Rarely,3909.7,28,15,13,Books,Mumbai,India,gmail.com,iOS,Credit Card,921,3,No,0,1
CUST100634, Aadhya Sinha ,58,Male,687299.0,INR,90,Silver,2022-02-11,2022-10-17,Rarely,945.78,50,13,37,Sports,Kolkata,India,hotmail.com,Mobile,Credit Card,425,3,Yes,0,1
CUST100635,Ishaan Kumar,18,Female,786726.0,INR,58,Platinum,2023-11-24,2025-01-01,Rarely,998.91,57,28,28,Food Court,Hyderabad,India,gmail.com,Mobile,Upi,544,3,Yes,1,1
CUST100636,Arjun Gupta,17,Male,1049802.0,INR,60,Silver,2021-01-23,2022-11-05,Rarely,844.96,35,19,15,Books,Bengaluru,India,hotmail.com,Android,Upi,1372,3,Yes,0,1
CUST100637,Neha Sinha,41,Female,547799.0,INR,94,Basic,2022-03-22,2024-05-20,Monthly,4272.32,34,16,18,Gaming,Pune,India,company.com,iOS,Card,1209,5,Yes,0,1
CUST100638,Krishna Iyer,38,Male,557479.0,INR,47,Silver,2022-04-20,2024-07-06,Rarely,1330.54,5,4,2,Food Court,Chennai,India,hotmail.com,Android,Cash,1087,4,Yes,0,1
CUST100639,Neha Das,33,Female,384203.0,USD,19,Gold,2021-03-30,2022-11-20,Weekly,3072.53,40,10,30,Gaming,Kolkata,India,company.com,Web,Wallet,1310,3,No,0,1
CUST100640,Vivaan Rao,37,Female,603203.0,USD,67,Basic,2022-12-16,2025-01-13,Rarely,4644.87,15,4,11,Food Court,Chennai,India,hotmail.com,Mobile,Card,1724,3,Yes,0,1
CUST100641,Myra Mehta,51,Male,308096.0,INR,71,Silver,2021-08-03,2022-04-28,Rarely,519.71,7,0,8,Electronics,Ahmedabad,India,gmail.com,Desktop,Upi,1647,5,Yes,0,1
CUST100642,Saanvi Sharma,30,Male,385480.0,USD,57,Platinum,2022-11-20,2023-09-10,Weekly,2270.93,8,7,1,Electronics,Bengaluru,India,company.com,iOS,Credit Card,1054,3,Yes,0,1
CUST100643,Sai Das,31,Male,439677.0,INR,53,Platinum,2025-01-08,2025-12-07,Rarely,6993.69,2,0,1,Sports,Ahmedabad,India,yahoo.com,Desktop,Upi,1928,4,No,0,1
CUST_NEW0015,Sara Singh,53,Male,648622.0,INR,60,Silver,2024-09-05,2024-09-08,Rarely,4275.13,13,4,8,Beauty,Hyderabad,India,outlook.com,Android,Cash,1289,1,Yes,0,1
CUST100645,Ananya Chopra,15,Other,423433.0,INR,46,Basic,2022-03-05,2024-04-07,Monthly,1817.0349999999999,3,0,3,Fashion,Ahmedabad,India,company.com,Web,Upi,1399,5,Yes,0,1
CUST100646,Rahul Rao,38,Female,740720.0,INR,66,Platinum,2022-02-09,2024-03-22,Monthly,4912.16,2,1,0,Sports,Lucknow,India,yahoo.com,iOS,Debit Card,1532,1,No,0,1
CUST100647,Riya Gupta,28,Other,270981.0,INR,48,Platinum,2025-06-10,2026-05-02,Weekly,983.44,14,9,5,Beauty,Delhi,India,gmail.com,Web,Upi,1636,3,No,0,1
CUST100648, Sara Iyer ,55,Female,956929.0,INR,11,Gold,2021-05-15,2022-07-18,Rarely,1965.27,58,36,21,Grocery,Jaipur,India,outlook.com,Mobile,Cash,1436,3,Yes,0,1
CUST100649,Sara Mishra,36,Female,536900.0,USD,67,Basic,2023-05-12,2024-02-09,Weekly,6820.46,36,15,20,Books,Ahmedabad,India,outlook.com,Web,Credit Card,729,5,No,1,1
CUST100650,Sai Iyer,32,Male,559574.0,INR,90,Basic,2023-06-05,2024-04-07,Daily,3692.3,2,1,0,Grocery,Pune,India,gmail.com,iOS,Cash,1268,3,Yes,0,1
CUST100651,Sai Iyer,29,Male,333750.0,INR,34,Platinum,2021-12-24,2023-02-06,Daily,6001.6,27,15,12,Home Decor,Delhi,India,company.com,Web,Upi,1265,4,No,0,1
CUST100652,Aditya Patel,43,Male,1249715.0,INR,63,Gold,2023-12-31,2026-05-28,Rarely,1375.94,30,14,15,Electronics,Chennai,India,gmail.com,Mobile,Upi,679,3,Yes,0,1
CUST100653,Amit Mishra,41,Female,373848.0,INR,22,Gold,2021-08-14,2022-07-21,Rarely,5940.11,6,5,0,Books,Delhi,India,outlook.com,Android,Upi,1862,2,Yes,0,1
CUST100654,Saanvi Chopra,32,Female,435629.0,INR,66,Silver,2024-11-19,2026-01-25,Rarely,813.47,9,4,4,Beauty,Chennai,India,gmail.com,iOS,Credit Card,300,1,Yes,0,1
CUST100655,Rahul Nair,33,Male,648622.0,INR,45,Platinum,2023-03-31,2025-05-15,Rarely,2515.67,16,15,0,Food Court,Jaipur,India,gmail.com,Desktop,Card,1935,5,No,0,1
CUST100656,Diya Joshi,44,Female,463133.0,INR,49,Basic,2021-03-14,2022-06-02,Monthly,1478.93,9,8,1,Grocery,Lucknow,India,hotmail.com,Web,Upi,2001,3,No,1,1
CUST100657,Aarav Reddy,39,Female,303455.0,INR,37,Silver,2023-09-13,2024-01-01,Rarely,1091.59,11,5,6,Grocery,Jaipur,India,gmail.com,Android,Card,1606,1,No,0,1
CUST100658,Krishna Mishra,42,Female,657131.0,INR,52,Silver,2021-05-02,2021-05-30,Weekly,2086.85,28,21,7,Books,Jaipur,India,rediffmail.com,Web,Debit Card,1266,3,Yes,0,1
CUST100659,Vivaan Kapoor,31,Male,427008.0,INR,49,Platinum,2021-07-29,2022-02-02,Rarely,1353.83,40,11,29,Kids,Chennai,India,gmail.com,iOS,Credit Card,1274,5,Yes,0,1
CUST100660,Myra Joshi,32,Male,372459.0,INR,16,Gold,2023-03-16,2023-09-27,Monthly,679.44,35,10,25,Gaming,Chennai,India,rediffmail.com,Android,Credit Card,821,1,Yes,0,1
CUST100661,Ira Kumar,43,Female,2539646.0,INR,34,Gold,2024-09-09,2026-05-15,Weekly,3691.37,29,17,12,Books,Bengaluru,India,gmail.com,iOS,Wallet,1116,1,No,0,1
CUST100662,Reyansh Rao,41,Female,1302399.0,INR,65,Silver,2025-04-12,2025-10-28,Weekly,369.24,4,0,3,Sports,Kolkata,India,hotmail.com,iOS,Cash,543,4,Yes,0,1
CUST100663,Aadhya Das,32,Male,1014521.0,USD,68,Silver,2021-03-16,2021-06-07,Weekly,1555.73,1,0,0,Kids,Lucknow,India,company.com,Android,Cash,1723,3,Yes,1,1
CUST100664,Vivaan Mehta,35,Male,1349893.0,INR,55,Gold,2022-09-27,2024-05-28,Monthly,2401.26,53,40,13,Books,Hyderabad,India,company.com,iOS,Cash,495,5,Yes,0,1
CUST100665,Riya Rao,33,Female,484767.0,USD,81,Basic,2025-04-08,2025-11-20,Rarely,1661.34,50,11,38,Beauty,Jaipur,India,company.com,Web,Cash,1648,4,No,0,1
CUST100666,Ira Kumar,33,Female,1096571.0,INR,32,Gold,2022-06-19,2024-06-06,Rarely,2208.18,2,0,3,Fashion,Chennai,India,gmail.com,Desktop,Upi,151,1,No,1,1
CUST100667,Arjun Reddy,34,Female,386559.0,INR,33,Platinum,2022-11-03,2023-11-07,Monthly,3160.86,16,0,16,Grocery,Chennai,India,gmail.com,iOS,Upi,337,4,No,0,1
CUST100668,Vivaan Mehta,44,Female,595934.0,INR,90,Gold,2021-10-14,2023-08-15,Rarely,2968.22,17,1,15,Sports,Lucknow,India,gmail.com,Web,Credit Card,984,2,No,0,1
CUST100669, Sara Mehta ,52,Female,671878.0,INR,52,Platinum,2023-02-27,2023-05-02,Daily,2884.48,9,6,4,Fashion,Mumbai,India,outlook.com,iOS,Debit Card,828,2,Yes,0,1
CUST100670,Aditya Das,48,Female,361164.0,INR,41,Basic,2025-04-09,2025-08-18,Rarely,628.37,35,32,3,Gaming,Kolkata,India,company.com,Mobile,Credit Card,796,5,No,0,1
CUST100671,Arjun Nair,33,Female,1446748.0,INR,37,Gold,2021-04-17,2021-10-09,Rarely,3138.41,12,3,19,Books,Chennai,India,company.com,Mobile,Cash,1652,4,Yes,0,1
CUST100672,Ishaan Gupta,49,Other,498292.0,INR,47,Silver,2022-03-20,2023-04-24,Rarely,627.2,22,5,16,Food Court,Lucknow,India,outlook.com,Web,Wallet,913,1,No,0,1
CUST100673,Priya Gupta,6,Male,955698.0,INR,66,Platinum,2022-04-16,2024-04-18,Weekly,411.42,39,26,13,Beauty,Jaipur,India,gmail.com,Web,Upi,863,1,No,0,1
CUST100674,Pooja Singh,0,Male,435291.0,INR,71,Silver,2022-10-22,2022-11-30,Daily,1676.29,3,2,0,Beauty,Hyderabad,India,rediffmail.com,Desktop,Credit Card,1698,3,No,0,1
CUST100675,Aarav Singh,41,Other,306656.0,INR,55,Gold,2023-08-09,2023-08-13,Monthly,1817.0349999999999,1,0,0,Beauty,Pune,India,hotmail.com,iOS,Upi,2178,3,Yes,0,1
CUST100676,Ananya Khan,54,Male,424992.0,USD,22,Platinum,2022-07-10,2024-08-05,Monthly,2262.48,49,15,34,Kids,Chennai,India,hotmail.com,iOS,Card,0,2,No,0,1
CUST100677,Sara Rao,57,Female,165879.0,USD,60,Silver,2021-05-19,2023-08-15,Weekly,612.75,12,8,5,Fashion,Delhi,India,gmail.com,Android,Upi,862,3,No,0,1
CUST100678,Arjun Chopra,30,Female,589782.0,INR,34,Silver,2021-03-21,2023-06-16,Rarely,5015.88,1,0,0,Sports,Ahmedabad,India,yahoo.com,Android,Card,2364,4,Yes,1,1
CUST100679, Neha Iyer ,37,Male,1150375.0,INR,62,Silver,2025-03-13,2025-12-14,Rarely,570.3,0,0,0,Sports,Lucknow,India,gmail.com,iOS,Upi,136,1,No,0,1
CUST100680,Kiara Chopra,28,Female,1077174.0,INR,78,Silver,2022-05-12,2023-09-22,Weekly,488.67,15,12,4,Gaming,Pune,India,gmail.com,Mobile,Upi,1035,5,Yes,0,1
CUST100682,Kiara Khan,34,Male,214808.0,INR,85,Basic,2024-12-26,2025-11-29,Rarely,597.15,8,1,8,Books,Mumbai,India,gmail.com,Android,Credit Card,778,4,Yes,0,1
CUST100683,Ishaan Das,25,Male,876560.0,INR,64,Gold,2024-07-24,2024-12-22,Rarely,7041.53,12,0,2,Books,Delhi,India,gmail.com,Android,Debit Card,637,5,No,0,1
CUST100684,Meera Sharma,21,Male,648622.0,INR,16,Platinum,2022-01-28,2023-09-10,Daily,2599.22,6,4,2,Books,Chennai,India,rediffmail.com,iOS,Card,916,4,Yes,1,1
CUST100685,Aarav Sinha,51,Female,718500.0,INR,60,Platinum,2024-03-02,2025-11-28,Rarely,1031.72,0,0,1,Kids,Ahmedabad,India,hotmail.com,Mobile,Card,1384,4,No,0,1
CUST100686,Sara Sharma,19,Female,648622.0,USD,52,Silver,2024-11-21,2024-12-17,Rarely,494.42,10,1,9,Home Decor,Hyderabad,India,gmail.com,Web,Debit Card,398,5,Yes,0,1
CUST100687,Myra Patel,25,Male,617006.0,INR,58,Platinum,2023-07-28,2025-09-29,Rarely,1465.12,10,8,2,Grocery,Jaipur,India,yahoo.com,iOS,Credit Card,1013,2,Yes,1,1
CUST100688,Aditya Patel,36,Male,677045.0,INR,34,Silver,2023-08-13,2025-03-31,Daily,1500.62,9,2,8,Grocery,Kolkata,India,gmail.com,iOS,Credit Card,0,3,Yes,0,1
CUST100689, Amit Verma ,40,Other,1082322.0,INR,77,Silver,2024-05-07,2025-05-30,Monthly,2630.0,31,1,30,Home Decor,Chennai,India,hotmail.com,Web,Upi,1893,1,No,0,1
CUST100690,Ishaan Kumar,37,Male,1751783.0,INR,33,Basic,2023-05-15,2024-04-08,Weekly,7057.3,5,2,3,Books,Mumbai,India,company.com,Android,Card,577,2,No,0,1
CUST100691,Ananya Chopra,32,Female,894027.0,INR,17,Silver,2023-10-14,2025-12-07,Rarely,3409.49,24,21,2,Home Decor,Kolkata,India,gmail.com,Desktop,Cash,1064,1,Yes,0,1
CUST100692,Pooja Reddy,48,Male,835176.0,INR,100,Platinum,2024-10-19,2025-12-27,Daily,3978.63,43,22,20,Sports,Delhi,India,gmail.com,iOS,Upi,2098,4,Yes,0,1
CUST100693,Krishna Mishra,33,Female,1566705.0,INR,18,Basic,2024-05-31,2026-06-16,Monthly,1596.7,16,15,1,Home Decor,Jaipur,India,outlook.com,Desktop,Card,2059,5,Yes,0,1
CUST100694,Neha Rao,33,Male,1478722.0,INR,31,Silver,2023-07-15,2025-08-29,Daily,1003.67,11,5,6,Food Court,Lucknow,India,gmail.com,iOS,Wallet,766,1,Yes,0,1
CUST100695,Ayaan Reddy,16,Female,553239.0,USD,73,Platinum,2022-05-07,2024-10-11,Daily,1049.36,71,29,43,Sports,Delhi,India,outlook.com,iOS,Wallet,1433,1,Yes,0,1
CUST100696,Saanvi Sharma,38,Female,906313.0,INR,51,Silver,2023-03-21,2024-05-20,Rarely,2316.06,14,2,13,Electronics,Kolkata,India,gmail.com,iOS,Credit Card,1170,4,Yes,1,1
CUST100697,Saanvi Mishra,41,Male,171031.0,INR,28,Basic,2021-03-15,2022-02-14,Rarely,5653.94,25,4,21,Kids,Chennai,India,gmail.com,Web,Debit Card,1161,4,Yes,0,1
CUST100698,Rahul Singh,9,Female,332900.0,INR,40,Basic,2022-12-04,2024-08-02,Monthly,1256.77,5,4,0,Grocery,Kolkata,India,hotmail.com,Web,Upi,1347,3,Yes,0,1
CUST100699,Vihaan Mishra,39,Female,565186.0,INR,59,Silver,2021-03-27,2023-05-17,Daily,6432.18,2,1,2,Gaming,Delhi,India,company.com,Android,Upi,2647,4,Yes,0,1
CUST100700,Krishna Khan,14,Female,1192349.0,INR,84,Silver,2021-05-25,2023-05-01,Weekly,1103.31,10,7,3,Grocery,Chennai,India,gmail.com,Web,Cash,555,4,No,0,1
CUST_NEW0016, Myra Rao ,38,Female,699762.0,INR,100,Basic,2024-01-20,2024-09-05,Monthly,3837.11,22,11,10,Sports,Hyderabad,India,gmail.com,Desktop,Upi,896,2,No,0,1
CUST100702,Arjun Verma,39,Female,494408.0,INR,38,Basic,2024-12-07,2025-08-12,Monthly,3522.32,8,7,1,Kids,Pune,India,gmail.com,iOS,Credit Card,796,5,Yes,0,1
CUST100703,Aarav Gupta,26,Male,632085.0,INR,100,Platinum,2024-06-29,2025-03-24,Monthly,1703.11,1,0,1,Grocery,Bengaluru,India,outlook.com,iOS,Upi,1917,2,Yes,0,1
CUST_NEW0017,Riya Patel,56,Female,470800.0,INR,59,Silver,2022-10-28,2023-09-02,Weekly,14524.2,46,22,24,Sports,Chennai,India,outlook.com,Mobile,Cash,1256,2,Yes,1,1
CUST100705,Meera Reddy,45,Female,648622.0,INR,85,Basic,2022-09-18,2024-04-13,Monthly,497.47,12,11,0,Kids,Bengaluru,India,outlook.com,Android,Credit Card,1002,4,No,0,1
CUST100706,Riya Patel,43,Male,356110.0,INR,100,Basic,2022-08-19,2022-08-19,Daily,1861.32,43,3,40,Sports,Ahmedabad,India,outlook.com,Web,Card,0,3,Yes,1,0
CUST100707,Pooja Iyer,34,Male,354975.0,USD,39,Silver,2021-03-05,2021-03-05,Weekly,1817.0349999999999,57,28,28,Books,Kolkata,India,company.com,iOS,Wallet,2308,5,No,0,0
CUST100708,Amit Mehta,12,Female,648622.0,INR,91,Gold,2022-01-30,2023-10-30,Monthly,2015.85,7,3,5,Gaming,Delhi,India,gmail.com,iOS,Debit Card,1407,2,Yes,0,1
CUST100709,Myra Iyer,10,Male,709987.0,INR,42,Gold,2021-08-03,2021-11-27,Rarely,6249.36,14,8,6,Sports,Ahmedabad,India,gmail.com,Web,Upi,1584,3,Yes,0,1
CUST100710,Neha Mehta,38,Female,896868.0,INR,45,Silver,2021-08-31,2021-12-13,Rarely,546.15,2,0,2,Food Court,Bengaluru,India,company.com,Mobile,Credit Card,1497,1,No,0,1
CUST100711,Myra Chopra,29,Female,328311.0,INR,93,Silver,2023-04-28,2025-02-14,Rarely,474.07,7,3,5,Sports,Delhi,India,gmail.com,iOS,Credit Card,855,2,No,0,1
CUST_NEW0018,Ishaan Gupta,19,Female,679383.0,INR,49,Silver,2024-07-10,2024-07-10,Rarely,292.61,39,30,8,Beauty,Hyderabad,India,yahoo.com,Mobile,Upi,727,5,No,1,0
CUST100713,Riya Patel,34,Female,295887.0,INR,57,Silver,2022-07-09,2023-05-18,Rarely,2541.78,39,34,4,Sports,Chennai,India,gmail.com,Web,Card,1253,5,Yes,1,1
CUST100714,Priya Sinha,40,Male,358945.0,INR,81,Gold,2024-07-28,2025-04-05,Daily,432.48,14,1,13,Electronics,Delhi,India,gmail.com,Mobile,Card,922,5,No,1,1
CUST100715,Vivaan Rao,12,Female,818890.0,INR,38,Platinum,2024-05-02,2025-02-10,Rarely,2883.34,79,37,41,Sports,Jaipur,India,gmail.com,iOS,Upi,1137,4,Yes,0,1
CUST100716,Ira Mishra,29,Male,2105299.0,INR,81,Basic,2021-07-14,2021-12-21,Weekly,1093.73,39,24,15,Gaming,Ahmedabad,India,rediffmail.com,iOS,Credit Card,1489,4,Yes,0,1
CUST100717,Amit Das,52,Female,648622.0,INR,49,Platinum,2024-07-17,2025-12-23,Weekly,1850.47,10,8,3,Beauty,Mumbai,India,gmail.com,iOS,Upi,1274,5,Yes,0,1
CUST100718,Priya Mehta,46,Male,622676.0,INR,58,Basic,2021-01-08,2023-06-06,Rarely,1791.32,12,5,7,Grocery,Kolkata,India,rediffmail.com,Android,Upi,432,2,Yes,0,1
CUST100720,Pooja Kumar,33,Female,388919.0,USD,66,Silver,2024-10-30,2025-03-05,Weekly,426.39,10,2,8,Beauty,Hyderabad,India,gmail.com,iOS,Wallet,933,2,Yes,0,1
CUST100721,Reyansh Nair,23,Other,681815.0,INR,79,Silver,2025-08-15,2026-04-02,Daily,1156.63,3,0,3,Kids,Bengaluru,India,gmail.com,iOS,Upi,2058,5,No,1,1
CUST100722,Sai Singh,37,Male,322957.0,INR,27,Silver,2025-08-25,2026-11-06,Daily,1348.82,0,0,0,Sports,Kolkata,India,rediffmail.com,Android,Wallet,1745,2,No,1,1
CUST100723,Amit Joshi,32,Female,709297.0,USD,69,Basic,2023-11-18,2025-04-03,Rarely,865.61,9,3,6,Electronics,Lucknow,India,gmail.com,Mobile,Wallet,982,4,Yes,0,1
CUST100724,Aditya Sinha,27,Male,579618.0,INR,49,Silver,2025-03-08,2025-05-25,Daily,598.68,0,0,1,Grocery,Bangalore,India,yahoo.com,Desktop,Wallet,1118,5,No,0,1
CUST100725,Reyansh Rao,24,Other,321216.0,INR,33,Basic,2022-03-14,2024-02-17,Monthly,965.56,5,1,5,Kids,Chennai,India,hotmail.com,iOS,Upi,1773,5,No,1,1
CUST100726,Vivaan Iyer,35,Male,522956.0,INR,65,Silver,2024-08-03,2025-01-19,Rarely,431.43,2,0,3,Books,Jaipur,India,gmail.com,Desktop,Credit Card,1680,2,No,0,1
CUST100727,Ishaan Kumar,36,Male,551190.0,INR,40,Basic,2021-08-26,2023-12-05,Monthly,1601.32,23,13,9,Kids,Lucknow,India,rediffmail.com,Android,Credit Card,946,4,Yes,0,1
CUST100728,Diya Khan,17,Male,1778708.0,INR,21,Silver,2023-08-12,2023-11-16,Monthly,1195.08,11,8,2,Beauty,Chennai,India,rediffmail.com,Mobile,Credit Card,612,4,No,0,1
CUST100729,Riya Sinha,29,Female,2011852.0,INR,47,Gold,2021-06-21,2021-11-25,Rarely,3447.98,53,45,8,Home Decor,Pune,India,yahoo.com,iOS,Debit Card,412,1,No,0,1
CUST100730,Vivaan Gupta,11,Female,1178131.0,INR,84,Silver,2021-12-11,2022-04-02,Rarely,878.07,31,29,3,Electronics,Mumbai,India,hotmail.com,iOS,Wallet,1170,2,No,0,1
CUST100731,Krishna Mishra,18,Female,871212.0,INR,43,Silver,2024-11-12,2026-06-05,Monthly,9304.53,14,13,1,Beauty,Kolkata,India,gmail.com,iOS,Upi,1617,4,Yes,1,1
CUST100732,Ishaan Rao,29,Other,447709.0,USD,60,Silver,2022-07-16,2022-07-16,Rarely,1765.56,14,11,2,Books,Ahmedabad,India,rediffmail.com,iOS,Card,2086,2,No,0,0
CUST100733, Priya Das ,0,Female,843210.0,INR,100,Gold,2025-04-24,2026-04-27,Rarely,3096.98,15,0,16,Electronics,Kolkata,India,outlook.com,Web,Debit Card,1641,1,No,0,1
CUST_NEW0019,Ananya Iyer,41,Male,648622.0,INR,54,Basic,2021-04-26,2022-04-08,Daily,1681.08,17,10,6,Fashion,Chennai,India,outlook.com,iOS,Wallet,410,5,Yes,0,1
CUST100735,Meera Chopra,36,Female,1647585.0,INR,37,Silver,2025-06-28,2025-10-06,Monthly,1838.2,0,0,1,Gaming,Bangalore,India,outlook.com,Desktop,Upi,1532,4,No,0,1
CUST100736,Vihaan Patel,31,Female,994941.0,INR,42,Silver,2025-04-21,2026-04-15,Weekly,4044.67,10,2,8,Books,Lucknow,India,gmail.com,Web,Cash,1868,2,No,0,1
CUST100737,Arjun Kumar,40,Male,648622.0,INR,51,Basic,2023-10-12,2024-08-13,Daily,1970.2,8,3,4,Fashion,Jaipur,India,gmail.com,iOS,Upi,368,4,Yes,1,1
CUST100738,Aditya Sharma,28,Male,465751.0,INR,41,Basic,2024-06-08,2025-10-11,Rarely,724.23,22,6,16,Home Decor,Pune,India,company.com,Web,Upi,1575,4,No,0,1
CUST100739,Ira Reddy,21,Male,666069.0,USD,29,Silver,2021-11-11,2023-06-04,Weekly,565.73,12,0,12,Fashion,Kolkata,India,gmail.com,Android,Credit Card,1285,2,No,0,1
CUST100740,Riya Kapoor,40,Male,648622.0,INR,58,Basic,2025-08-01,2025-08-01,Daily,4726.48,35,34,1,Food Court,Ahmedabad,India,gmail.com,Web,Credit Card,1830,5,Yes,0,0
CUST100741,Priya Patel,43,Other,467089.0,INR,41,Silver,2025-07-20,2025-12-08,Rarely,1013.88,3,0,3,Food Court,Hyderabad,India,gmail.com,iOS,Credit Card,2171,2,No,0,1
CUST100742,Riya Sinha,49,Female,520485.0,INR,25,Gold,2024-03-21,2026-05-02,Rarely,868.36,8,7,1,Food Court,Lucknow,India,gmail.com,iOS,Upi,905,4,Yes,0,1
CUST100744,Meera Rao,40,Female,699404.0,INR,28,Gold,2023-07-15,2024-01-16,Daily,1688.5,45,17,29,Books,Lucknow,India,hotmail.com,Web,Card,1294,1,Yes,1,1
CUST100745,Neha Nair,28,Female,1172519.0,USD,83,Silver,2023-11-08,2025-05-26,Monthly,1552.05,17,3,15,Electronics,Chennai,India,company.com,Desktop,Card,1976,4,Yes,0,1
CUST100746,Aarav Verma,18,Male,1035522.0,USD,52,Platinum,2023-06-26,2025-07-27,Weekly,5513.06,12,7,12,Home Decor,Chennai,India,gmail.com,Web,Upi,417,1,Yes,0,1
CUST100747,Aarav Joshi,29,Female,674961.0,INR,98,Silver,2024-05-28,2024-09-28,Weekly,2043.92,3,1,3,Grocery,Chennai,India,gmail.com,iOS,Cash,1633,4,No,0,1
CUST100748,Vivaan Sinha,61,Male,648622.0,INR,40,Silver,2024-06-22,2025-10-20,Monthly,295.84,10,6,5,Kids,Lucknow,India,company.com,Mobile,Cash,1524,1,No,0,1
CUST100749,Sai Gupta,26,Female,437305.0,INR,62,Platinum,2022-12-01,2022-12-24,Rarely,1884.35,8,5,4,Gaming,Hyderabad,India,company.com,Mobile,Wallet,1454,4,Yes,0,1
CUST100750,Reyansh Sharma,35,Other,633462.0,INR,37,Gold,2025-03-24,2025-10-17,Daily,4400.74,27,0,26,Books,Jaipur,India,gmail.com,iOS,Wallet,2062,3,Yes,0,1
CUST100751,Reyansh Gupta,35,Male,336662.0,INR,56,Basic,2025-02-23,2026-06-23,Weekly,3043.58,12,9,4,Grocery,Jaipur,India,rediffmail.com,Android,Credit Card,294,1,No,1,1
CUST100752,Sai Sharma,33,Female,1694059.0,INR,39,Silver,2023-03-30,2024-03-25,Weekly,4097.04,4,3,1,Books,Hyderabad,India,outlook.com,Android,Credit Card,757,1,No,0,1
CUST100753,Ayaan Chopra,34,Female,518675.0,INR,21,Gold,2023-12-23,2024-12-10,Daily,4031.86,1,0,0,Food Court,Hyderabad,India,outlook.com,Web,Credit Card,1546,5,No,1,1
CUST100754,Ira Das,31,Other,1127870.0,INR,31,Gold,2022-05-15,2022-07-08,Rarely,6456.04,13,9,4,Electronics,Mumbai,India,rediffmail.com,iOS,Upi,1189,3,Yes,0,1
CUST100755,Arjun Nair,44,Female,1210010.0,INR,45,Silver,2023-11-13,2024-01-31,Rarely,1396.28,21,16,5,Food Court,Ahmedabad,India,gmail.com,Android,Card,1085,4,Yes,0,1
CUST100756,Amit Sharma,48,Female,1640821.0,INR,69,Platinum,2022-02-09,2024-01-04,Weekly,743.03,24,11,13,Sports,Chennai,India,rediffmail.com,Web,Cash,466,4,Yes,0,1
CUST100758,Diya Kapoor,32,Female,380255.0,INR,43,Gold,2024-02-13,2025-11-03,Monthly,2065.47,6,0,7,Electronics,Pune,India,gmail.com,Android,Upi,1844,1,Yes,0,1
CUST100759,Ira Iyer,27,Male,573297.0,INR,4,Gold,2023-11-29,2024-05-20,Rarely,2098.27,43,28,15,Beauty,Delhi,India,gmail.com,Web,Credit Card,310,4,Yes,0,1
CUST100760,Kiara Nair,44,Male,600677.0,INR,58,Silver,2022-11-02,2024-04-15,Rarely,1274.96,16,6,10,Books,Pune,India,gmail.com,Web,Cash,104,3,Yes,1,1
CUST100761,Aadhya Nair,20,Female,703794.0,INR,27,Silver,2025-07-13,2026-04-04,Daily,1177.91,14,5,10,Beauty,Mumbai,India,rediffmail.com,Mobile,Wallet,1114,2,Yes,0,1
CUST100762,Kiara Mehta,48,Male,648622.0,USD,59,Basic,2023-03-29,2025-01-24,Rarely,2714.25,8,6,2,Beauty,Chennai,India,gmail.com,Android,Wallet,636,4,Yes,1,1
CUST100763,Sai Chopra,32,Male,883509.0,USD,64,Platinum,2024-07-17,2026-02-25,Daily,763.66,22,19,3,Electronics,Hyderabad,India,gmail.com,iOS,Debit Card,855,5,No,0,1
CUST100764,Aarav Gupta,46,Female,204853.0,INR,1,Platinum,2021-06-16,2022-12-09,Rarely,1472.3,24,11,12,Home Decor,Hyderabad,India,hotmail.com,Android,Wallet,1141,5,Yes,1,1
CUST100765,Sara Mishra,10,Male,823291.0,USD,61,Silver,2023-07-23,2024-12-05,Weekly,588.41,1,0,1,Fashion,Ahmedabad,India,gmail.com,Android,Credit Card,656,1,No,0,1
CUST100766,Sai Patel,33,Female,539293.0,INR,59,Platinum,2025-01-22,2025-12-09,Rarely,2610.72,4,2,3,Food Court,Chennai,India,hotmail.com,Android,Cash,1366,1,No,0,1
CUST100767,Neha Das,16,Female,1186610.0,INR,48,Gold,2021-10-30,2022-08-03,Monthly,2537.55,1,0,1,Food Court,Pune,India,hotmail.com,Android,Credit Card,2225,5,No,0,1
CUST100768,Rahul Sinha,33,Female,603277.0,INR,66,Silver,2023-09-07,2023-09-07,Rarely,1034.37,0,0,0,Sports,Chennai,India,gmail.com,Android,Upi,2146,5,No,0,0
CUST100769,Arjun Khan,52,Female,229458.0,INR,47,Gold,2025-06-05,2025-11-15,Rarely,6162.22,1,0,1,Beauty,Delhi,India,gmail.com,Desktop,Debit Card,1167,5,Yes,0,1
CUST100770,Krishna Sharma,30,Female,530769.0,INR,27,Basic,2025-08-05,2025-08-05,Daily,4678.26,30,12,18,Electronics,Chennai,India,outlook.com,iOS,Upi,1464,1,No,0,0
CUST100771,Diya Kumar,14,Male,581190.0,INR,64,Platinum,2025-02-14,2025-12-18,Monthly,1368.86,38,3,35,Gaming,Jaipur,India,gmail.com,Web,Upi,422,5,Yes,1,1
CUST100772,Myra Sinha,3,Female,323515.0,INR,64,Gold,2023-10-01,2025-10-14,Monthly,2296.87,18,3,14,Fashion,Chennai,India,rediffmail.com,iOS,Credit Card,463,3,No,1,1
CUST100773,Arjun Mehta,35,Male,333009.0,USD,45,Silver,2025-04-16,2026-01-25,Rarely,1206.66,3,1,1,Electronics,Kolkata,India,hotmail.com,iOS,Upi,920,2,Yes,0,1
CUST100774,Aditya Singh,42,Female,648622.0,INR,32,Silver,2022-07-22,2024-06-23,Rarely,4307.66,10,9,0,Food Court,Mumbai,India,gmail.com,Mobile,Upi,1463,5,Yes,1,1
CUST100775,Pooja Mehta,43,Female,362931.0,INR,40,Silver,2023-05-06,2023-12-11,Weekly,1632.09,27,10,17,Home Decor,Mumbai,India,company.com,iOS,Cash,1152,5,Yes,0,1
CUST100776,Ishaan Rao,35,Female,297862.0,INR,24,Gold,2024-09-07,2026-03-01,Monthly,1164.37,9,8,0,Home Decor,Mumbai,India,gmail.com,Web,Upi,936,3,Yes,0,1
CUST100777,Sara Reddy,57,Male,1043886.0,INR,25,Silver,2022-08-06,2022-08-10,Weekly,977.5,8,5,3,Grocery,Hyderabad,India,yahoo.com,Desktop,Cash,2299,5,Yes,1,1
CUST100778,Sara Khan,24,Female,419211.0,USD,50,Silver,2021-06-25,2022-12-18,Weekly,1408.95,13,11,2,Sports,Bengaluru,India,gmail.com,Web,Wallet,1406,3,No,1,1
CUST100779,Aadhya Das,44,Female,385278.0,INR,31,Silver,2025-03-19,2025-05-01,Rarely,1234.46,43,11,31,Home Decor,Lucknow,India,gmail.com,iOS,Upi,1529,2,Yes,0,1
CUST100780,Vihaan Nair,34,Female,742932.0,INR,70,Platinum,2024-05-27,2024-09-08,Daily,3771.37,2,1,2,Kids,Pune,India,outlook.com,iOS,Wallet,2273,1,Yes,0,1
CUST100781, Riya Das ,44,Male,648622.0,INR,83,Basic,2024-01-05,2025-03-14,Daily,3224.75,8,6,2,Grocery,Mumbai,India,gmail.com,Android,Upi,1206,5,Yes,0,1
CUST100782,Ira Khan,21,Female,1153006.0,INR,39,Silver,2023-06-05,2024-05-24,Rarely,944.83,25,17,9,Electronics,Hyderabad,India,rediffmail.com,Android,Debit Card,96,4,No,0,1
CUST100783,Riya Sinha,21,Male,353188.0,INR,52,Silver,2023-01-23,2024-09-06,Daily,442.2,42,19,23,Home Decor,Kolkata,India,rediffmail.com,Android,Upi,923,3,No,0,1
CUST100784,Priya Verma,17,Female,679716.0,INR,47,Gold,2021-12-17,2022-06-01,Monthly,1817.0349999999999,27,6,21,Books,Kolkata,India,rediffmail.com,Android,Credit Card,1079,3,Yes,0,1
CUST100785,Pooja Sinha,43,Female,440537.0,INR,48,Gold,2023-06-23,2023-08-26,Rarely,641.81,33,25,9,Food Court,Hyderabad,India,gmail.com,iOS,Credit Card,1548,1,Yes,0,1
CUST100786,Arjun Chopra,36,Male,903088.0,USD,80,Gold,2024-12-14,2026-02-14,Weekly,1822.4,0,0,0,Kids,Kolkata,India,hotmail.com,Web,Credit Card,573,1,No,0,1
CUST100787,Meera Das,47,Female,474681.0,INR,22,Basic,2022-09-21,2023-07-30,Rarely,576.07,3,0,4,Electronics,Ahmedabad,India,gmail.com,Desktop,Card,1454,5,No,1,1
CUST100788, Aadhya Gupta ,37,Female,618268.0,INR,17,Basic,2023-09-03,2025-09-25,Daily,4074.99,39,21,19,Fashion,Bengaluru,India,gmail.com,Desktop,Upi,1042,1,No,1,1
CUST100789,Diya Mehta,37,Male,286129.0,INR,41,Basic,2021-03-24,2021-12-02,Monthly,6729.26,12,11,2,Sports,Ahmedabad,India,gmail.com,iOS,Upi,888,5,Yes,0,1
CUST100790,Sai Singh,27,Female,348875.0,INR,47,Gold,2024-10-11,2025-09-03,Rarely,5705.42,20,6,14,Grocery,Chennai,India,gmail.com,iOS,Upi,852,5,Yes,0,1
CUST_NEW0020,Neha Mehta,34,Male,423471.0,USD,46,Basic,2022-07-27,2022-11-01,Rarely,1890.21,20,7,14,Fashion,Chennai,India,hotmail.com,Android,Debit Card,1267,2,No,0,1
CUST_NEW0021,Ishaan Chopra,24,Male,789246.0,INR,43,Basic,2025-07-20,2025-08-19,Rarely,2362.91,32,21,12,Home Decor,Bangalore,India,yahoo.com,iOS,Upi,1279,5,No,0,1
CUST100793,Aditya Khan,28,Female,597353.0,INR,54,Gold,2022-09-07,2022-09-07,Monthly,454.28,11,0,11,Grocery,Bangalore,India,rediffmail.com,Android,Card,671,2,No,0,0
CUST100794,Amit Singh,54,Male,178250.0,INR,61,Gold,2022-05-16,2024-06-20,Rarely,3448.98,20,5,16,Books,Lucknow,India,gmail.com,iOS,Debit Card,1386,3,Yes,1,1
CUST100795,Vivaan Sinha,24,Female,371257.0,INR,74,Gold,2022-12-13,2024-03-07,Monthly,2806.41,19,18,1,Sports,Lucknow,India,gmail.com,Web,Upi,1039,2,No,0,1
CUST100796,Riya Rao,33,Female,640987.0,INR,78,Silver,2021-04-19,2021-06-07,Rarely,1271.51,5,2,2,Home Decor,Ahmedabad,India,yahoo.com,Web,Credit Card,749,4,No,0,1
CUST100797,Diya Reddy,12,Male,1125955.0,INR,63,Silver,2022-06-02,2023-09-24,Monthly,513.24,25,1,24,Gaming,Hyderabad,India,company.com,iOS,Upi,1497,3,No,0,1
CUST100798,Priya Mehta,49,Male,730995.0,INR,51,Basic,2023-07-24,2025-12-08,Rarely,2741.68,6,4,2,Electronics,Kolkata,India,company.com,Desktop,Wallet,2680,1,Yes,0,1
CUST100799,Aadhya Mishra,42,Male,1186066.0,INR,52,Silver,2021-02-02,2022-01-26,Weekly,2068.16,1,0,1,Books,Pune,India,company.com,Android,Debit Card,862,3,Yes,0,1
CUST100800,Ayaan Kumar,30,Female,1011465.0,INR,100,Platinum,2024-07-10,2026-04-12,Monthly,1817.0349999999999,2,0,3,Fashion,Delhi,India,gmail.com,Android,Card,1988,4,No,0,1
CUST100801,Pooja Mehta,14,Female,648622.0,INR,67,Silver,2023-02-04,2024-10-17,Weekly,2779.12,6,2,4,Gaming,Ahmedabad,India,hotmail.com,Android,Credit Card,1526,4,Yes,0,1
CUST100802,Sara Sinha,37,Other,648622.0,INR,31,Basic,2023-06-08,2025-11-08,Monthly,1864.41,17,3,14,Books,Lucknow,India,yahoo.com,iOS,Upi,1374,1,Yes,1,1
CUST100803,Reyansh Das,37,Female,648622.0,INR,69,Platinum,2021-03-22,2022-01-31,Rarely,747.21,10,5,5,Sports,Ahmedabad,India,gmail.com,iOS,Upi,1561,4,Yes,0,1
CUST100805,Sara Reddy,57,Female,368628.0,INR,50,Silver,2024-09-13,2026-02-13,Weekly,1994.68,83,82,1,Fashion,Mumbai,India,hotmail.com,Web,Upi,1615,1,Yes,0,1
CUST100806,Myra Kapoor,27,Female,1287577.0,INR,68,Platinum,2022-07-12,2023-08-02,Monthly,1632.96,0,0,0,Sports,Jaipur,India,gmail.com,Mobile,Card,68,4,Yes,0,1
CUST100807,Neha Iyer,33,Female,651713.0,INR,76,Silver,2023-09-29,2025-02-28,Rarely,1279.91,6,3,4,Electronics,Chennai,India,gmail.com,Android,Card,1043,3,Yes,1,1
CUST100808,Diya Sinha,27,Male,230175.0,USD,77,Platinum,2021-01-15,2021-11-14,Weekly,2456.67,8,6,2,Beauty,Mumbai,India,gmail.com,iOS,Upi,855,4,No,1,1
CUST100809,Myra Sinha,25,Male,542693.0,USD,97,Platinum,2021-12-08,2021-12-13,Rarely,1259.6,13,6,8,Electronics,Kolkata,India,gmail.com,Android,Credit Card,777,2,Yes,0,1
CUST100810,Aadhya Mehta,24,Female,967493.0,INR,63,Silver,2022-05-31,2023-10-26,Rarely,2584.65,2,1,1,Sports,Lucknow,India,company.com,iOS,Cash,1011,1,Yes,0,1
CUST100812,Diya Joshi,24,Male,628308.0,INR,19,Silver,2025-05-31,2026-04-13,Rarely,2082.5,16,15,0,Grocery,Bengaluru,India,rediffmail.com,Desktop,Cash,1322,3,Yes,0,1
CUST100813, Sai Chopra ,44,Female,669160.0,INR,53,Silver,2022-10-04,2025-02-25,Daily,577.91,8,2,5,Electronics,Delhi,India,gmail.com,Android,Credit Card,1189,3,No,1,1
CUST100814,Vihaan Das,36,Other,628681.0,INR,56,Platinum,2024-07-13,2026-05-02,Monthly,3433.42,21,19,2,Fashion,Hyderabad,India,hotmail.com,Web,Wallet,1777,2,Yes,0,1
CUST100815,Ayaan Verma,43,Female,458596.0,INR,50,Gold,2025-07-22,2026-07-03,Weekly,1893.09,3,1,2,Fashion,Mumbai,India,outlook.com,Web,Upi,1082,1,No,0,1
CUST100816,Neha Chopra,29,Male,716173.0,INR,62,Basic,2023-05-11,2023-12-31,Rarely,1278.67,5,1,4,Kids,Chennai,India,company.com,iOS,Upi,836,2,No,0,1
CUST100817,Neha Das,34,Male,2006682.0,INR,39,Platinum,2023-07-03,2024-06-05,Rarely,2571.97,66,22,45,Fashion,Jaipur,India,rediffmail.com,Android,Upi,913,2,No,0,1
CUST100818,Saanvi Mehta,53,Male,359131.0,INR,26,Silver,2025-06-05,2026-01-01,Rarely,4420.46,8,5,3,Electronics,Delhi,India,gmail.com,Web,Upi,1201,2,Yes,0,1
CUST100819,Arjun Gupta,37,Female,772730.0,INR,42,Silver,2021-04-28,2021-11-03,Monthly,4041.49,0,0,0,Home Decor,Chennai,India,gmail.com,Android,Card,962,4,No,0,1
CUST100820,Rahul Das,29,Female,936108.0,USD,28,Silver,2024-11-08,2024-12-02,Weekly,3094.9,4,3,1,Books,Lucknow,India,gmail.com,Web,Upi,970,2,Yes,1,1
CUST100821,Rahul Mehta,40,Male,401967.0,USD,76,Platinum,2021-11-22,2023-04-05,Rarely,780.05,2,1,1,Fashion,Kolkata,India,rediffmail.com,iOS,Upi,1127,1,No,1,1
CUST100822,Ayaan Iyer,25,Other,533571.0,INR,56,Basic,2022-06-06,2022-06-25,Daily,1216.61,21,20,1,Gaming,Jaipur,India,rediffmail.com,iOS,Debit Card,124,3,Yes,0,1
CUST100823,Ayaan Kumar,21,Male,992303.0,USD,55,Basic,2023-01-16,2023-06-20,Monthly,622.39,1,0,1,Electronics,Delhi,India,gmail.com,Android,Credit Card,862,1,Yes,0,1
CUST100824,Sara Kumar,30,Male,519185.0,INR,57,Silver,2022-03-12,2025-04-14,Rarely,4565.34,2,1,0,Sports,Chennai,India,outlook.com,iOS,Debit Card,1203,1,No,0,1
CUST100825,Sai Patel,41,Male,1084766.0,INR,59,Platinum,2024-10-27,2024-11-08,Daily,902.81,15,1,14,Home Decor,Hyderabad,India,hotmail.com,Web,Credit Card,1474,3,Yes,1,1
CUST100826,Priya Sharma,45,Male,537996.0,INR,9,Gold,2022-10-06,2024-07-21,Monthly,1164.17,28,20,9,Fashion,Bengaluru,India,company.com,Web,Upi,1801,3,Yes,0,1
CUST100827,Aadhya Iyer,28,Female,553327.0,INR,80,Silver,2025-11-02,2025-11-02,Daily,1594.24,27,13,15,Kids,Jaipur,India,gmail.com,iOS,Credit Card,2411,1,No,1,0
CUST100828,Ira Verma,45,Male,434603.0,INR,50,Basic,2023-04-02,2024-02-18,Monthly,755.32,39,23,16,Kids,Delhi,India,yahoo.com,Web,Wallet,1309,4,Yes,0,1
CUST100829,Ishaan Khan,49,Male,679332.0,USD,59,Basic,2023-04-14,2024-09-06,Rarely,3350.15,72,37,34,Electronics,Lucknow,India,gmail.com,iOS,Upi,361,1,No,0,1
CUST100830,Priya Sharma,35,Female,1221168.0,INR,48,Silver,2022-01-09,2023-07-07,Rarely,2945.2,2,1,1,Gaming,Jaipur,India,hotmail.com,iOS,Wallet,1578,2,No,0,1
CUST100831,Sara Mishra,32,Female,380291.0,INR,87,Silver,2021-06-08,2022-12-26,Daily,963.75,25,19,6,Electronics,Pune,India,hotmail.com,iOS,Upi,2414,3,Yes,0,1
CUST100832,Rahul Das,18,Female,408016.0,INR,14,Gold,2025-06-25,2026-06-26,Monthly,1144.13,3,1,2,Home Decor,Delhi,India,hotmail.com,iOS,Credit Card,1856,5,No,1,1
CUST100833,Ananya Kumar,36,Female,1393773.0,INR,64,Gold,2024-04-16,2025-12-17,Rarely,2406.48,18,3,15,Home Decor,Bangalore,India,hotmail.com,Android,Upi,1433,5,Yes,0,1
CUST100834,Kiara Mishra,24,Male,410876.0,USD,86,Silver,2023-09-07,2025-07-03,Rarely,3563.15,1,0,1,Electronics,Jaipur,India,gmail.com,Desktop,Upi,1680,3,Yes,0,1
CUST100835, Krishna Gupta ,24,Other,847167.0,INR,62,Gold,2023-11-14,2024-07-03,Weekly,2349.41,0,0,0,Home Decor,Pune,India,gmail.com,Mobile,Cash,1732,1,No,1,1
CUST100836,Vivaan Verma,33,Female,226265.0,INR,52,Silver,2022-03-13,2024-04-22,Daily,3550.57,16,7,9,Books,Jaipur,India,gmail.com,Android,Upi,181,4,Yes,0,1
CUST100837,Saanvi Sharma,33,Female,1292182.0,INR,35,Silver,2023-01-02,2023-11-12,Weekly,3948.14,59,25,33,Kids,Hyderabad,India,hotmail.com,Web,Credit Card,870,2,Yes,0,1
CUST100838,Priya Sinha,24,Female,835581.0,INR,51,Platinum,2022-04-03,2023-08-13,Weekly,3026.08,0,0,1,Gaming,Pune,India,rediffmail.com,Web,Debit Card,338,5,Yes,0,1
CUST100839,Riya Joshi,33,Female,1721033.0,INR,99,Platinum,2021-05-01,2022-11-25,Monthly,1061.55,1,0,1,Home Decor,Ahmedabad,India,outlook.com,Android,Wallet,1379,3,No,0,1
CUST100840,Saanvi Verma,50,Male,279013.0,INR,30,Silver,2023-11-06,2023-12-18,Weekly,1077.98,13,8,5,Beauty,Mumbai,India,gmail.com,Android,Credit Card,1217,2,No,0,1
CUST100841,Arjun Joshi,40,Male,427406.0,INR,58,Gold,2023-05-03,2024-04-17,Monthly,3511.66,23,9,15,Grocery,Jaipur,India,outlook.com,Android,Cash,1531,3,No,0,1
CUST100842,Sara Gupta,52,Female,273937.0,USD,42,Silver,2022-05-28,2022-06-14,Monthly,1706.57,6,4,1,Home Decor,Bengaluru,India,company.com,Android,Upi,2078,3,Yes,0,1
CUST100843,Priya Khan,15,Male,1187164.0,INR,38,Silver,2023-08-05,2025-09-29,Monthly,1821.27,3,2,1,Beauty,Kolkata,India,gmail.com,Web,Debit Card,1726,5,No,0,1
CUST100844,Amit Singh,31,Male,930552.0,INR,42,Silver,2022-12-11,2025-01-31,Daily,4174.43,0,0,1,Fashion,Hyderabad,India,gmail.com,Mobile,Cash,1864,2,No,0,1
CUST100845,Diya Reddy,31,Female,210322.0,USD,45,Silver,2023-09-13,2024-08-09,Daily,1471.37,12,7,4,Books,Hyderabad,India,gmail.com,Web,Credit Card,1221,5,No,1,1
CUST100846,Myra Patel,21,Female,723366.0,INR,37,Platinum,2021-08-27,2024-01-28,Monthly,818.59,0,0,0,Gaming,Kolkata,India,gmail.com,Desktop,Card,1630,5,Yes,0,1
CUST100847,Meera Sharma,34,Male,770347.0,USD,28,Basic,2021-04-15,2022-01-06,Monthly,1220.81,15,13,1,Fashion,Lucknow,India,gmail.com,iOS,Upi,1345,2,Yes,0,1
CUST100848,Pooja Chopra,60,Male,392596.0,USD,52,Silver,2022-09-26,2024-12-23,Rarely,601.83,8,4,4,Food Court,Kolkata,India,hotmail.com,Web,Credit Card,447,1,Yes,0,1
CUST100849,Ishaan Sinha,42,Female,1162506.0,INR,56,Basic,2022-02-14,2023-12-11,Weekly,2891.74,19,7,12,Books,Mumbai,India,hotmail.com,Android,Card,756,2,Yes,0,1
CUST100850,Aditya Singh,25,Female,1203512.0,INR,45,Platinum,2021-09-16,2024-01-29,Daily,5093.69,24,15,9,Gaming,Lucknow,India,yahoo.com,iOS,Upi,879,3,Yes,0,1
CUST100851,Priya Sharma,34,Female,876645.0,INR,80,Silver,2025-01-26,2025-04-22,Rarely,2043.5,11,5,6,Gaming,Jaipur,India,gmail.com,Web,Card,1853,4,Yes,0,1
CUST100852,Vihaan Das,42,Male,690482.0,INR,90,Basic,2025-01-15,2026-02-28,Monthly,1817.0349999999999,38,1,36,Books,Kolkata,India,gmail.com,Mobile,Upi,1309,5,Yes,1,1
CUST100853,Myra Khan,40,Female,722576.0,INR,55,Basic,2022-03-27,2023-06-23,Rarely,1393.9,3,2,2,Grocery,Mumbai,India,company.com,Android,Cash,2129,4,Yes,0,1
CUST100854,Meera Khan,34,Male,556286.0,INR,54,Silver,2021-11-26,2022-10-30,Monthly,1885.06,19,14,6,Beauty,Lucknow,India,company.com,Android,Upi,717,4,Yes,1,1
CUST100855,Vihaan Nair,58,Male,648622.0,INR,44,Silver,2022-08-03,2023-09-04,Monthly,3345.41,5,2,3,Home Decor,Hyderabad,India,yahoo.com,iOS,Credit Card,1797,3,No,0,1
CUST100856,Amit Chopra,30,Male,417318.0,INR,54,Gold,2023-07-08,2025-04-04,Rarely,3314.19,3,1,1,Home Decor,Hyderabad,India,company.com,iOS,Cash,346,4,Yes,0,1
CUST100857,Vivaan Khan,39,Male,446226.0,USD,56,Platinum,2025-03-21,2025-03-21,Monthly,2485.81,15,3,13,Gaming,Delhi,India,hotmail.com,Android,Debit Card,1339,2,Yes,0,0
CUST100859,Meera Iyer,41,Female,1472619.0,INR,72,Silver,2022-05-27,2024-08-10,Monthly,3212.88,22,17,5,Kids,Chennai,India,gmail.com,Web,Credit Card,2088,3,No,0,1
CUST100861,Ayaan Mehta,14,Female,577473.0,INR,100,Silver,2021-09-09,2023-03-12,Daily,3585.52,21,8,12,Home Decor,Jaipur,India,outlook.com,Web,Upi,1941,1,Yes,0,1
CUST100862,Saanvi Mishra,20,Male,374418.0,INR,100,Platinum,2024-06-08,2024-06-17,Rarely,543.56,3,0,4,Home Decor,Delhi,India,rediffmail.com,Android,Upi,1446,1,No,0,1
CUST100863,Neha Joshi,37,Female,648622.0,INR,82,Silver,2024-09-22,2025-04-28,Monthly,240.58,16,10,6,Sports,Mumbai,India,yahoo.com,Desktop,Cash,1565,4,No,0,1
CUST100864,Pooja Kumar,32,Female,1869185.0,INR,83,Silver,2025-03-20,2025-03-20,Rarely,3305.98,21,8,13,Beauty,Delhi,India,gmail.com,Web,Credit Card,1777,4,No,0,0
CUST100865,Reyansh Chopra,39,Male,335570.0,INR,56,Silver,2021-02-18,2022-04-20,Rarely,1387.26,31,19,13,Grocery,Lucknow,India,gmail.com,Mobile,Debit Card,426,4,Yes,0,1
CUST100866, Sai Gupta ,52,Female,320140.0,INR,31,Platinum,2022-01-04,2024-02-02,Monthly,1111.36,33,14,18,Kids,Mumbai,India,outlook.com,Android,Upi,372,5,Yes,0,1
CUST100868,Meera Sharma,33,Female,1361106.0,INR,40,Silver,2023-04-23,2023-04-23,Weekly,3214.52,76,39,37,Sports,Mumbai,India,gmail.com,Mobile,Wallet,1134,5,No,0,0
CUST100869,Riya Mehta,18,Male,617153.0,INR,41,Silver,2023-10-30,2025-10-03,Rarely,1217.55,12,0,22,Kids,Delhi,India,outlook.com,iOS,Wallet,772,1,Yes,0,1
CUST100871,Ira Patel,49,Female,805162.0,INR,63,Platinum,2025-07-17,2026-05-21,Rarely,892.12,4,2,1,Sports,Kolkata,India,rediffmail.com,iOS,Upi,1062,1,Yes,0,1
CUST100872,Aadhya Rao,48,Other,277111.0,INR,16,Platinum,2022-08-24,2024-11-30,Rarely,1980.6,23,2,20,Fashion,Pune,India,company.com,Web,Cash,2016,2,Yes,0,1
CUST100873,Meera Patel,40,Male,1189745.0,USD,66,Silver,2025-07-16,2026-03-17,Rarely,4527.76,22,9,12,Books,Bengaluru,India,company.com,Android,Upi,693,5,Yes,0,1
CUST100874,Amit Mishra,33,Male,648622.0,INR,39,Silver,2022-06-08,2023-02-24,Rarely,1443.54,12,5,6,Sports,Ahmedabad,India,gmail.com,Web,Debit Card,1686,1,No,0,1
CUST100875,Aditya Reddy,33,Female,615016.0,INR,36,Basic,2025-06-21,2026-05-15,Monthly,4067.61,94,66,28,Electronics,Chennai,India,gmail.com,Desktop,Card,1722,4,No,0,1
CUST100876,Aadhya Mishra,19,Female,828928.0,INR,49,Silver,2021-07-23,2021-07-23,Rarely,1290.84,59,9,51,Home Decor,Delhi,India,gmail.com,iOS,Cash,722,5,No,0,0
CUST100877,Aarav Joshi,43,Female,154026.0,INR,42,Gold,2023-11-12,2024-09-23,Rarely,1244.2,38,1,37,Grocery,Ahmedabad,India,yahoo.com,Android,Wallet,1719,5,Yes,1,1
CUST100878,Saanvi Reddy,47,Female,579708.0,USD,40,Basic,2024-08-28,2024-12-22,Monthly,835.77,7,5,2,Sports,Ahmedabad,India,gmail.com,Web,Debit Card,2051,1,No,0,1
CUST_NEW0022, Sara Sharma ,1,Female,518349.0,INR,80,Platinum,2023-10-07,2025-12-31,Rarely,667.34,8,7,1,Books,Chennai,India,company.com,Web,Credit Card,388,3,No,0,1
CUST100880,Pooja Khan,28,Male,456296.0,INR,79,Platinum,2024-08-16,2024-09-05,Rarely,3259.39,3,2,1,Home Decor,Jaipur,India,gmail.com,iOS,Upi,1107,4,Yes,0,1
CUST100881, Rahul Chopra ,42,Female,260654.0,INR,85,Silver,2022-09-11,2024-03-31,Weekly,1817.0349999999999,26,14,12,Grocery,Bengaluru,India,yahoo.com,Android,Upi,837,1,Yes,0,1
CUST100882,Meera Chopra,46,Female,428005.0,USD,32,Platinum,2023-07-05,2023-07-05,Rarely,3283.59,16,0,16,Home Decor,Delhi,India,yahoo.com,Web,Credit Card,210,2,Yes,1,0
CUST100883,Ananya Nair,33,Female,864773.0,INR,55,Platinum,2023-10-03,2026-02-20,Rarely,3110.48,12,6,4,Home Decor,Mumbai,India,yahoo.com,Web,Credit Card,715,1,Yes,0,1
CUST100884,Ira Chopra,33,Female,291923.0,INR,35,Silver,2022-02-14,2023-09-27,Weekly,9556.71,9,4,4,Beauty,Lucknow,India,rediffmail.com,Web,Card,1235,4,No,1,1
CUST100885,Aarav Singh,27,Female,1121140.0,INR,63,Silver,2025-03-13,2026-04-15,Weekly,1649.93,5,2,3,Books,Delhi,India,gmail.com,Android,Credit Card,2728,3,Yes,0,1
CUST100886,Amit Rao,48,Female,648622.0,INR,54,Platinum,2025-03-06,2025-07-15,Weekly,1817.0349999999999,34,21,14,Sports,Mumbai,India,gmail.com,Android,Cash,0,5,Yes,0,1
CUST100887,Neha Joshi,40,Female,2819167.0,INR,70,Silver,2023-07-23,2024-11-01,Monthly,1581.77,5,1,5,Kids,Pune,India,gmail.com,Web,Upi,1686,1,Yes,0,1
CUST100888,Ishaan Mishra,30,Female,454319.0,USD,83,Basic,2023-02-25,2024-07-10,Monthly,1581.11,5,3,2,Kids,Pune,India,rediffmail.com,iOS,Cash,457,1,No,0,1
CUST100889,Meera Patel,35,Female,887204.0,INR,35,Platinum,2021-06-28,2023-03-23,Rarely,1003.67,2,1,2,Grocery,Pune,India,yahoo.com,Android,Upi,769,3,No,0,1
CUST100890,Krishna Gupta,60,Male,1599339.0,USD,39,Silver,2024-03-03,2026-02-17,Weekly,7593.34,6,1,5,Gaming,Jaipur,India,outlook.com,iOS,Upi,1549,5,No,1,1
CUST100891,Aadhya Patel,38,Female,571109.0,USD,62,Basic,2024-10-24,2026-03-03,Monthly,1556.2,19,16,3,Electronics,Chennai,India,yahoo.com,Android,Card,1004,4,Yes,0,1
CUST100892,Riya Nair,40,Male,790552.0,INR,16,Basic,2023-10-03,2024-05-16,Monthly,1266.78,41,30,12,Grocery,Kolkata,India,gmail.com,Android,Wallet,1383,3,No,0,1
CUST100893,Aarav Reddy,44,Female,401838.0,INR,47,Platinum,2022-04-30,2022-08-17,Weekly,3311.39,21,16,5,Grocery,Pune,India,rediffmail.com,iOS,Upi,350,1,Yes,0,1
CUST100895,Amit Verma,27,Female,798675.0,INR,48,Gold,2021-11-17,2022-01-21,Rarely,3626.35,8,4,5,Books,Mumbai,India,hotmail.com,Web,Upi,805,1,No,0,1
CUST100896,Riya Gupta,32,Male,763008.0,INR,66,Silver,2021-12-30,2023-09-13,Monthly,2862.0,27,4,23,Beauty,Chennai,India,gmail.com,Android,Card,944,2,Yes,0,1
CUST100897,Reyansh Rao,33,Female,648622.0,INR,56,Silver,2022-11-25,2024-06-02,Rarely,6429.55,11,4,7,Beauty,Delhi,India,hotmail.com,Android,Cash,1367,4,No,0,1
CUST100898,Kiara Sinha,25,Male,648622.0,INR,82,Silver,2023-09-21,2024-07-14,Weekly,1410.68,35,5,31,Home Decor,Pune,India,company.com,Android,Credit Card,950,5,Yes,0,1
CUST100899,Ananya Sinha,20,Male,617235.0,USD,40,Basic,2023-11-03,2025-12-07,Weekly,2110.6,8,4,4,Electronics,Chennai,India,gmail.com,iOS,Upi,1416,5,No,0,1
CUST100900,Aditya Iyer,33,Female,271121.0,INR,35,Silver,2024-05-02,2024-06-12,Rarely,996.93,12,10,2,Sports,Bangalore,India,hotmail.com,Android,Upi,1129,3,No,0,1
CUST100901,Ayaan Chopra,34,Female,774816.0,INR,76,Platinum,2023-04-07,2023-04-07,Rarely,2520.43,108,16,92,Gaming,Chennai,India,company.com,iOS,Upi,1608,4,No,0,1
CUST100902,Vihaan Patel,24,Female,833077.0,INR,42,Basic,2022-08-01,2023-12-15,Monthly,1631.94,2,0,1,Sports,Hyderabad,India,gmail.com,iOS,Credit Card,601,1,Yes,0,1
CUST100903,Pooja Singh,31,Female,648622.0,INR,56,Platinum,2022-11-25,2024-08-19,Weekly,916.94,22,16,5,Grocery,Jaipur,India,gmail.com,Android,Card,1598,2,Yes,0,1
CUST100905,Aarav Singh,51,Other,865103.0,INR,42,Silver,2025-08-17,2026-05-16,Monthly,744.57,2,1,1,Grocery,Chennai,India,hotmail.com,iOS,Credit Card,1243,3,Yes,0,1
CUST100907,Diya Nair,40,Male,464240.0,INR,41,Silver,2025-04-12,2026-12-05,Rarely,1817.0349999999999,11,5,6,Kids,Mumbai,India,outlook.com,Web,Credit Card,1117,2,Yes,0,1
CUST100908,Arjun Verma,31,Female,337610.0,INR,31,Platinum,2022-08-26,2023-09-18,Rarely,709.32,1,0,0,Sports,Kolkata,India,gmail.com,Mobile,Wallet,1191,2,No,1,1
CUST100909,Sai Mishra,37,Female,734542.0,INR,56,Silver,2023-10-13,2024-01-17,Weekly,811.75,2,1,1,Beauty,Chennai,India,gmail.com,iOS,Credit Card,571,4,No,0,1
CUST100910,Aarav Gupta,52,Male,699234.0,INR,60,Basic,2022-10-29,2022-10-29,Weekly,1508.31,16,12,4,Books,Ahmedabad,India,yahoo.com,iOS,Cash,891,1,Yes,0,0
CUST_NEW0023,Arjun Joshi,37,Female,499852.0,INR,41,Silver,2024-11-07,2025-07-16,Weekly,1285.76,7,5,2,Gaming,Chennai,India,yahoo.com,Android,Debit Card,2088,5,No,1,1
CUST100912,Sai Joshi,26,Female,342954.0,INR,33,Silver,2025-04-11,2025-10-25,Daily,3508.1,12,15,1,Books,Delhi,India,rediffmail.com,Mobile,Upi,1459,2,No,0,1
CUST100913,Ira Reddy,39,Male,1602060.0,INR,60,Silver,2022-03-30,2022-10-09,Weekly,553.79,11,6,5,Gaming,Delhi,India,yahoo.com,Web,Wallet,978,4,Yes,0,1
CUST100914,Ira Singh,53,Female,648622.0,INR,38,Gold,2023-05-24,2023-05-24,Rarely,669.4,1,0,0,Electronics,Delhi,India,gmail.com,Android,Credit Card,1248,2,Yes,1,0
CUST100915,Ishaan Reddy,43,Female,619124.0,INR,59,Basic,2024-06-06,2025-08-10,Daily,497.1,46,0,46,Sports,Pune,India,gmail.com,Android,Upi,1266,1,Yes,0,1
CUST100916,Pooja Khan,20,Male,1175141.0,INR,48,Silver,2022-10-31,2024-08-29,Rarely,1764.35,28,13,15,Food Court,Hyderabad,India,gmail.com,Android,Credit Card,850,2,No,0,1
CUST100917,Vivaan Reddy,28,Female,680683.0,INR,68,Basic,2023-04-22,2024-12-25,Monthly,2729.75,32,18,14,Fashion,Pune,India,gmail.com,Android,Wallet,1017,5,No,0,1
CUST100918,Riya Patel,34,Female,960063.0,INR,61,Silver,2021-06-08,2022-10-07,Weekly,479.04,9,0,9,Sports,Chennai,India,yahoo.com,Web,Upi,1380,3,Yes,0,1
CUST100919,Sara Khan,54,Male,1076590.0,INR,56,Platinum,2023-08-25,2025-11-20,Rarely,1366.26,29,18,11,Food Court,Hyderabad,India,company.com,iOS,Credit Card,1331,5,Yes,0,1
CUST100920,Vihaan Khan,23,Female,615283.0,INR,72,Gold,2022-12-14,2023-05-30,Monthly,3906.4,20,18,3,Home Decor,Chennai,India,gmail.com,iOS,Upi,1749,5,No,0,1
CUST100921,Myra Kumar,39,Male,1359850.0,INR,100,Gold,2024-05-07,2025-03-31,Weekly,605.83,11,9,2,Food Court,Ahmedabad,India,gmail.com,iOS,Card,1803,1,No,0,1
CUST100922,Krishna Sinha,29,Female,621081.0,INR,51,Platinum,2023-03-28,2025-04-06,Weekly,1321.01,1,0,1,Kids,Chennai,India,gmail.com,Desktop,Wallet,1248,2,No,1,1
CUST100923,Sara Reddy,22,Male,575785.0,INR,67,Silver,2021-11-01,2022-07-02,Monthly,2307.98,51,41,9,Food Court,Bengaluru,India,gmail.com,Desktop,Cash,1764,2,No,0,1
CUST100924,Diya Sinha,40,Female,1635069.0,INR,79,Silver,2021-08-17,2023-03-10,Weekly,1633.37,10,8,2,Beauty,Hyderabad,India,hotmail.com,iOS,Card,1410,4,Yes,0,1
CUST100925,Aditya Mishra,53,Male,496032.0,INR,50,Gold,2022-12-27,2023-01-29,Rarely,4176.67,10,6,4,Grocery,Pune,India,rediffmail.com,Web,Card,848,1,Yes,0,1
CUST100926,Vihaan Mishra,38,Male,279024.0,USD,55,Gold,2021-01-11,2024-07-01,Weekly,5324.85,19,2,17,Food Court,Lucknow,India,company.com,Android,Debit Card,830,2,No,0,1
CUST100927,Diya Verma,27,Female,826992.0,INR,13,Silver,2022-06-19,2022-10-11,Monthly,5777.7,16,2,15,Gaming,Delhi,India,outlook.com,Mobile,Cash,545,2,Yes,0,1
CUST100928,Pooja Das,15,Other,648622.0,INR,92,Platinum,2024-09-13,2026-06-26,Weekly,1238.18,1,0,0,Electronics,Mumbai,India,gmail.com,iOS,Card,922,3,Yes,0,1
CUST100929,Aditya Verma,50,Female,432016.0,INR,26,Gold,2023-06-20,2024-12-02,Rarely,1898.54,22,6,15,Home Decor,Chennai,India,gmail.com,iOS,Cash,303,1,No,0,1
CUST100930,Arjun Nair,33,Other,1465719.0,INR,56,Gold,2023-03-22,2023-09-11,Monthly,3021.46,4,0,3,Grocery,Pune,India,hotmail.com,iOS,Upi,1531,3,Yes,0,1
CUST100931,Neha Patel,31,Male,648622.0,INR,79,Gold,2022-10-20,2025-08-03,Rarely,1573.15,4,0,4,Gaming,Jaipur,India,yahoo.com,Android,Wallet,1246,4,No,0,1
CUST100932,Pooja Mishra,26,Male,626572.0,INR,20,Platinum,2021-10-22,2024-01-25,Weekly,1842.6,15,13,1,Books,Ahmedabad,India,yahoo.com,Web,Upi,1809,2,No,0,1
CUST100933,Vivaan Verma,24,Male,648622.0,INR,37,Gold,2025-03-11,2025-07-23,Monthly,2324.54,15,11,5,Home Decor,Hyderabad,India,gmail.com,iOS,Credit Card,1016,4,No,0,1
CUST100934, Vivaan Das ,33,Male,1303505.0,INR,63,Platinum,2025-02-19,2026-01-07,Rarely,1385.26,38,32,5,Gaming,Lucknow,India,hotmail.com,iOS,Upi,1170,5,Yes,0,1
CUST100935,Diya Khan,26,Female,1582549.0,INR,64,Basic,2022-01-30,2023-07-27,Monthly,1665.93,5,2,3,Sports,Chennai,India,yahoo.com,Desktop,Wallet,607,4,Yes,0,1
CUST100936,Priya Das,47,Male,922265.0,INR,70,Silver,2021-04-29,2021-10-12,Rarely,2156.29,31,21,9,Fashion,Kolkata,India,outlook.com,iOS,Wallet,1090,5,Yes,0,1
CUST100937,Amit Chopra,36,Other,871528.0,INR,43,Basic,2023-12-22,2025-08-02,Weekly,3860.07,15,10,5,Sports,Lucknow,India,company.com,Android,Card,2054,2,Yes,0,1
CUST100938,Aadhya Mishra,20,Female,1091065.0,USD,69,Silver,2023-07-27,2024-10-11,Monthly,1158.61,9,7,3,Sports,Pune,India,gmail.com,Web,Credit Card,634,3,No,0,1
CUST100939,Aadhya Khan,22,Female,597964.0,USD,21,Basic,2023-07-12,2023-07-12,Monthly,1141.16,5,2,4,Home Decor,Lucknow,India,gmail.com,Mobile,Credit Card,1070,3,Yes,0,0
CUST100940,Ira Sharma,31,Female,1508575.0,INR,77,Basic,2024-10-08,2026-03-11,Rarely,1668.75,13,9,4,Home Decor,Kolkata,India,gmail.com,Android,Upi,881,1,Yes,1,1
CUST100941,Sara Sinha,43,Female,598679.0,USD,20,Silver,2023-05-11,2024-02-29,Rarely,723.78,27,18,9,Sports,Lucknow,India,yahoo.com,Android,Cash,733,3,No,0,1
CUST_NEW0024,Ira Singh,27,Female,936162.0,INR,83,Gold,2021-01-08,2021-04-10,Weekly,2146.66,22,16,6,Gaming,Chennai,India,outlook.com,Android,Cash,1131,3,No,0,1
CUST100943, Amit Iyer ,48,Male,536724.0,INR,53,Platinum,2022-03-02,2024-03-09,Weekly,4660.54,15,2,13,Electronics,Hyderabad,India,hotmail.com,iOS,Credit Card,1108,4,No,1,1
CUST100945,Diya Rao,15,Male,1304745.0,INR,29,Silver,2023-11-19,2023-11-19,Monthly,1765.5,24,2,22,Books,Mumbai,India,hotmail.com,Web,Cash,1204,3,Yes,0,0
CUST_NEW0025,Kiara Sinha,50,Female,660941.0,INR,61,Silver,2024-09-22,2026-07-01,Daily,4960.64,30,14,15,Grocery,Bangalore,India,outlook.com,Desktop,Debit Card,2510,3,No,1,1
CUST100947,Vivaan Das,48,Male,201104.0,INR,15,Gold,2022-07-07,2024-11-19,Daily,982.23,0,0,0,Fashion,Lucknow,India,rediffmail.com,Android,Debit Card,1818,1,Yes,1,1
CUST100948,Sara Kumar,16,Other,648622.0,INR,47,Basic,2022-06-10,2023-11-06,Rarely,895.29,25,24,2,Fashion,Lucknow,India,yahoo.com,iOS,Wallet,2669,1,Yes,0,1
CUST_NEW0026,Ira Reddy,26,Other,648622.0,INR,69,Silver,2024-01-29,2025-02-22,Rarely,781.26,20,17,3,Food Court,Bangalore,India,rediffmail.com,iOS,Wallet,1306,3,Yes,0,1
CUST100950,Vihaan Rao,15,Male,775469.0,INR,56,Silver,2023-05-29,2024-11-26,Rarely,1817.0349999999999,67,44,22,Fashion,Ahmedabad,India,gmail.com,Android,Upi,1161,1,No,0,1
CUST100951,Aadhya Gupta,33,Male,1310941.0,INR,81,Basic,2023-05-27,2024-10-07,Monthly,1757.36,13,5,9,Sports,Jaipur,India,gmail.com,iOS,Debit Card,2028,1,No,1,1
CUST100952,Neha Reddy,29,Male,724285.0,USD,10,Basic,2025-06-22,2025-08-27,Rarely,309.42,8,5,2,Books,Lucknow,India,yahoo.com,Web,Credit Card,1488,1,Yes,0,1
CUST100953,Reyansh Kapoor,23,Female,1398747.0,INR,63,Silver,2023-02-09,2024-07-18,Monthly,860.51,7,6,1,Home Decor,Bengaluru,India,gmail.com,Desktop,Credit Card,809,1,Yes,0,1
CUST100954,Vivaan Khan,39,Female,278495.0,INR,4,Basic,2024-08-24,2025-10-22,Monthly,274.56,25,6,18,Electronics,Pune,India,gmail.com,Web,Card,571,1,No,0,1
CUST100955,Diya Patel,60,Other,249915.0,INR,56,Silver,2023-11-07,2026-01-08,Weekly,1421.73,7,3,4,Home Decor,Delhi,India,company.com,iOS,Upi,1036,3,Yes,0,1
CUST100956,Pooja Singh,40,Female,648622.0,INR,79,Silver,2021-07-28,2021-12-05,Monthly,10830.09,2,1,1,Kids,Chennai,India,gmail.com,Mobile,Cash,394,5,No,0,1
CUST100957,Priya Das,37,Female,555754.0,INR,68,Silver,2022-09-01,2024-05-23,Rarely,1113.99,10,1,8,Beauty,Chennai,India,gmail.com,Web,Credit Card,798,2,No,0,1
CUST100958,Sara Joshi,37,Other,332576.0,INR,32,Basic,2023-11-28,2025-05-18,Rarely,1172.23,4,3,0,Electronics,Delhi,India,outlook.com,Mobile,Upi,1189,3,No,1,1
CUST100959,Myra Rao,12,Female,369340.0,INR,21,Platinum,2024-05-31,2026-01-15,Rarely,1960.03,63,30,32,Beauty,Jaipur,India,rediffmail.com,Desktop,Upi,319,1,Yes,0,1
CUST100960,Krishna Kapoor,27,Female,641271.0,INR,61,Silver,2024-10-19,2026-01-22,Rarely,1151.35,20,7,12,Home Decor,Mumbai,India,gmail.com,iOS,Upi,1541,1,Yes,0,1
CUST100961,Saanvi Gupta,10,Female,559065.0,INR,43,Gold,2021-03-02,2022-05-08,Weekly,2798.27,1,0,0,Sports,Chennai,India,gmail.com,iOS,Card,1189,1,No,0,1
CUST100962,Aadhya Iyer,30,Male,967344.0,INR,44,Gold,2021-09-02,2024-01-10,Weekly,1288.74,23,4,18,Beauty,Chennai,India,gmail.com,iOS,Upi,840,1,Yes,0,1
CUST100963,Arjun Mishra,31,Male,487537.0,INR,33,Silver,2023-05-26,2024-05-11,Rarely,1837.66,12,0,9,Home Decor,Pune,India,outlook.com,Mobile,Cash,547,2,No,0,1
CUST100964,Riya Patel,24,Female,459073.0,INR,62,Silver,2022-06-02,2023-09-08,Monthly,512.3,24,12,12,Food Court,Jaipur,India,rediffmail.com,Android,Upi,1970,5,Yes,1,1
CUST100965,Arjun Sinha,26,Male,356266.0,INR,64,Platinum,2021-01-14,2021-03-03,Weekly,3278.32,12,2,7,Books,Kolkata,India,gmail.com,iOS,Upi,1483,2,Yes,0,1
CUST100966,Aadhya Mishra,35,Male,472233.0,INR,28,Basic,2023-12-26,2025-11-20,Rarely,2531.86,9,7,1,Home Decor,Delhi,India,rediffmail.com,Web,Upi,2000,1,Yes,0,1
CUST100967,Aarav Iyer,21,Female,667352.0,INR,55,Silver,2024-02-23,2025-12-07,Rarely,1088.24,3,2,2,Home Decor,Pune,India,hotmail.com,Android,Debit Card,1301,1,Yes,0,1
CUST100968,Vivaan Rao,29,Male,1035154.0,INR,42,Platinum,2025-01-13,2025-10-20,Monthly,3790.36,37,1,37,Gaming,Ahmedabad,India,gmail.com,Web,Credit Card,212,1,No,1,1
CUST100969,Saanvi Sharma,6,Male,572820.0,INR,52,Basic,2021-07-01,2022-06-07,Rarely,1642.31,36,6,29,Gaming,Chennai,India,gmail.com,Android,Upi,865,2,No,0,1
CUST100970, Aarav Rao ,58,Female,1574453.0,INR,63,Silver,2024-07-29,2024-12-31,Rarely,725.1,32,4,28,Beauty,Pune,India,rediffmail.com,Web,Wallet,2163,4,Yes,0,1
CUST100971,Ira Iyer,40,Female,644894.0,INR,69,Basic,2023-10-19,2025-08-03,Daily,656.82,12,5,7,Electronics,Delhi,India,outlook.com,Android,Credit Card,1404,1,No,0,1
CUST100972,Myra Patel,25,Female,346537.0,USD,37,Gold,2022-10-11,2024-01-12,Monthly,4525.07,34,18,17,Grocery,Bengaluru,India,gmail.com,Android,Debit Card,1261,2,No,0,1
CUST100973,Ishaan Joshi,35,Female,648622.0,INR,34,Platinum,2022-10-29,2023-06-18,Rarely,1062.38,36,16,19,Sports,Lucknow,India,yahoo.com,Web,Debit Card,1596,2,Yes,0,1
CUST_NEW0027,Neha Singh,46,Female,678258.0,USD,32,Gold,2025-07-16,2025-09-12,Rarely,794.01,3,0,3,Food Court,Hyderabad,India,company.com,Android,Upi,1441,2,Yes,1,1
CUST100975,Rahul Verma,36,Male,685998.0,USD,62,Silver,2023-04-29,2024-07-11,Monthly,594.86,11,6,5,Beauty,Jaipur,India,hotmail.com,Web,Card,1195,4,Yes,0,1
CUST100976,Aarav Khan,34,Female,648622.0,INR,91,Silver,2023-05-23,2025-07-10,Rarely,2209.32,23,5,17,Sports,Hyderabad,India,hotmail.com,Android,Credit Card,1342,3,No,0,1
CUST100977,Ira Rao,50,Male,604096.0,USD,82,Gold,2022-07-06,2022-11-04,Daily,470.0,4,3,2,Kids,Ahmedabad,India,company.com,iOS,Upi,1864,5,Yes,0,1
CUST100978,Diya Sharma,32,Female,964285.0,INR,59,Basic,2021-12-29,2023-03-31,Rarely,1960.97,17,16,2,Fashion,Lucknow,India,company.com,iOS,Credit Card,494,5,No,0,1
CUST100979,Vihaan Patel,37,Female,1022900.0,INR,71,Gold,2023-05-11,2025-07-30,Monthly,2500.76,31,24,6,Gaming,Jaipur,India,company.com,Android,Wallet,800,5,No,0,1
CUST100980,Ishaan Das,38,Female,244573.0,USD,36,Platinum,2024-03-02,2024-03-02,Rarely,5082.22,16,3,13,Fashion,Lucknow,India,outlook.com,iOS,Debit Card,1033,1,Yes,0,0
CUST100981,Sara Gupta,61,Female,648622.0,INR,72,Silver,2023-09-20,2025-09-17,Monthly,735.83,14,3,10,Sports,Ahmedabad,India,yahoo.com,iOS,Upi,1389,5,Yes,0,1
CUST100982,Neha Mehta,30,Female,700393.0,INR,69,Platinum,2025-03-20,2025-11-23,Daily,5497.79,4,3,1,Grocery,Mumbai,India,gmail.com,Mobile,Credit Card,694,3,Yes,0,1
CUST100983,Meera Mishra,37,Female,1058417.0,USD,47,Platinum,2023-11-01,2023-11-01,Daily,3469.95,8,7,1,Food Court,Chennai,India,rediffmail.com,iOS,Upi,1197,2,No,0,0
CUST100984,Diya Kapoor,33,Female,680037.0,INR,22,Platinum,2025-03-13,2025-06-13,Rarely,3383.42,3,1,2,Fashion,Hyderabad,India,gmail.com,iOS,Credit Card,1348,4,Yes,1,1
CUST100985,Priya Joshi,26,Female,1364710.0,INR,36,Basic,2022-04-30,2023-07-24,Rarely,872.44,25,21,5,Food Court,Mumbai,India,gmail.com,Web,Credit Card,0,5,Yes,0,1
CUST100986,Kiara Mehta,22,Female,439166.0,INR,86,Platinum,2021-09-27,2023-05-22,Weekly,5606.01,27,20,7,Kids,Kolkata,India,yahoo.com,Desktop,Debit Card,990,4,No,0,1
CUST100987,Meera Sharma,50,Female,635240.0,INR,58,Silver,2021-01-26,2022-01-29,Rarely,1588.85,28,21,7,Beauty,Kolkata,India,yahoo.com,Android,Card,1562,1,Yes,0,1
CUST100988,Pooja Patel,41,Female,1062117.0,INR,57,Silver,2022-07-12,2023-11-02,Rarely,509.49,12,6,6,Kids,Mumbai,India,company.com,Mobile,Upi,2947,4,Yes,0,1
CUST100989,Sai Iyer,40,Male,2507355.0,USD,80,Gold,2025-01-01,2025-08-22,Daily,1597.02,13,9,4,Fashion,Pune,India,gmail.com,Desktop,Cash,1705,2,Yes,0,1
CUST100990,Meera Kapoor,43,Male,571308.0,INR,61,Silver,2022-01-06,2024-02-20,Monthly,447.54,39,4,35,Home Decor,Bengaluru,India,hotmail.com,Desktop,Upi,1003,4,Yes,0,1
CUST100991,Amit Khan,42,Female,523803.0,INR,80,Platinum,2022-12-20,2023-11-08,Monthly,1817.0349999999999,56,0,56,Grocery,Ahmedabad,India,gmail.com,Mobile,Wallet,963,5,No,0,1
CUST100992,Saanvi Iyer,33,Male,792254.0,INR,56,Platinum,2024-05-24,2024-09-04,Rarely,1744.43,4,1,3,Grocery,Chennai,India,gmail.com,Web,Upi,2034,1,Yes,0,1
CUST100993,Aadhya Sinha,20,Male,750048.0,INR,78,Silver,2021-07-14,2022-08-02,Monthly,1031.45,25,22,2,Beauty,Pune,India,gmail.com,iOS,Cash,2878,3,Yes,0,1
CUST100994,Reyansh Patel,39,Female,360771.0,INR,20,Silver,2022-08-06,2023-12-18,Rarely,3123.45,12,11,0,Grocery,Chennai,India,gmail.com,Desktop,Upi,808,5,Yes,0,1
CUST100995,Sai Gupta,12,Male,348015.0,INR,77,Gold,2021-11-23,2022-08-17,Rarely,502.65,5,2,2,Fashion,Chennai,India,yahoo.com,Mobile,Credit Card,1743,4,Yes,0,1
CUST100996,Sara Kumar,34,Female,1170561.0,INR,37,Platinum,2024-01-31,2024-10-31,Monthly,2256.71,0,0,1,Beauty,Hyderabad,India,company.com,iOS,Upi,1226,3,Yes,0,1
CUST100997,Ananya Kumar,10,Male,1132533.0,INR,38,Silver,2024-03-04,2025-11-16,Weekly,371.24,60,34,26,Books,Hyderabad,India,gmail.com,Web,Cash,1189,2,Yes,1,1
CUST100998, Neha Mehta ,42,Female,800185.0,USD,30,Silver,2021-10-19,2023-10-01,Weekly,1665.58,0,0,1,Home Decor,Ahmedabad,India,rediffmail.com,Mobile,Cash,897,4,Yes,1,1
CUST100999,Sara Joshi,34,Female,1170869.0,INR,92,Gold,2021-12-01,2023-06-30,Daily,2283.22,9,3,6,Food Court,Pune,India,company.com,Desktop,Upi,1671,1,Yes,0,1
CUST101000,Aditya Nair,54,Male,1045648.0,INR,24,Silver,2024-04-09,2024-07-23,Weekly,5254.53,24,0,24,Books,Lucknow,India,rediffmail.com,iOS,Debit Card,927,2,Yes,1,1
CUST101001, Riya Sharma ,9,Female,371181.0,INR,67,Silver,2022-07-29,2024-11-19,Monthly,2782.98,13,11,2,Kids,Pune,India,gmail.com,iOS,Upi,623,4,Yes,0,1
CUST101002,Aditya Mehta,33,Female,648622.0,INR,85,Gold,2022-07-31,2023-05-18,Rarely,4804.67,5,0,4,Electronics,Bangalore,India,gmail.com,iOS,Upi,465,3,Yes,0,1
CUST101003,Aditya Verma,36,Other,924017.0,INR,23,Silver,2025-01-25,2026-05-28,Rarely,1375.87,19,7,13,Kids,Hyderabad,India,yahoo.com,Android,Credit Card,420,2,No,0,1
CUST101004,Rahul Kapoor,33,Female,458025.0,INR,28,Silver,2024-11-16,2025-07-30,Rarely,1693.02,9,1,9,Grocery,Delhi,India,company.com,iOS,Credit Card,1330,2,No,0,1
CUST101005,Riya Reddy,27,Male,1221224.0,INR,45,Gold,2021-07-23,2023-12-20,Weekly,1064.14,5,4,1,Grocery,Delhi,India,yahoo.com,Web,Upi,1041,4,Yes,0,1
CUST101006,Diya Sinha,34,Male,298839.0,INR,48,Platinum,2022-03-30,2024-06-29,Monthly,2970.8,30,16,15,Food Court,Kolkata,India,hotmail.com,Android,Card,1565,2,Yes,0,1
CUST101007,Ishaan Singh,38,Male,656868.0,INR,8,Silver,2022-07-21,2023-07-03,Rarely,2332.64,10,7,3,Beauty,Kolkata,India,outlook.com,iOS,Card,2202,5,Yes,1,1
CUST101008,Ira Sharma,17,Female,1260761.0,USD,74,Gold,2025-04-14,2025-07-05,Daily,1572.53,2,0,2,Kids,Chennai,India,company.com,Android,Card,1484,1,Yes,0,1
CUST101009,Riya Nair,28,Female,520658.0,INR,44,Silver,2023-01-17,2024-01-25,Rarely,4447.57,8,2,6,Grocery,Delhi,India,yahoo.com,Desktop,Credit Card,1338,1,No,0,1
CUST101010,Aarav Verma,23,Male,591397.0,INR,64,Silver,2022-04-17,2024-06-02,Rarely,1833.96,8,4,3,Home Decor,Bengaluru,India,gmail.com,iOS,Credit Card,1664,3,Yes,0,1
CUST101011,Aadhya Sharma,25,Female,589130.0,USD,48,Platinum,2024-02-29,2024-11-01,Weekly,3404.61,10,3,7,Kids,Jaipur,India,gmail.com,Desktop,Cash,1093,1,No,0,1
CUST101012,Pooja Rao,29,Female,1451860.0,INR,50,Platinum,2023-02-17,2024-06-29,Daily,1817.0349999999999,27,7,20,Home Decor,Jaipur,India,gmail.com,iOS,Cash,916,5,No,0,1
CUST101013,Vivaan Das,23,Female,573039.0,INR,75,Basic,2023-11-03,2025-07-13,Weekly,3682.46,20,7,13,Sports,Mumbai,India,gmail.com,Web,Debit Card,1119,2,Yes,0,1
CUST101014,Ira Verma,36,Male,738918.0,USD,67,Basic,2021-09-11,2022-05-27,Monthly,1817.0349999999999,42,19,22,Grocery,Hyderabad,India,hotmail.com,Web,Upi,1830,5,No,0,1
CUST101015,Aarav Nair,75,Female,593890.0,INR,16,Platinum,2023-09-15,2023-11-22,Rarely,3447.74,29,23,5,Gaming,Lucknow,India,gmail.com,Desktop,Credit Card,1263,2,No,0,1
CUST101016,Priya Gupta,23,Male,648622.0,INR,41,Basic,2024-08-29,2025-12-18,Daily,1313.19,56,13,43,Home Decor,Lucknow,India,rediffmail.com,Desktop,Upi,1517,5,Yes,0,1
CUST101017,Sara Das,37,Female,396232.0,INR,68,Gold,2024-11-13,2025-08-13,Rarely,2340.19,40,4,36,Books,Lucknow,India,yahoo.com,Desktop,Debit Card,1180,5,No,0,1
CUST101018,Pooja Kapoor,26,Female,316336.0,USD,61,Basic,2024-07-31,2025-09-21,Weekly,8102.12,1,0,2,Home Decor,Chennai,India,gmail.com,Web,Upi,1983,1,Yes,1,1
CUST101019,Aadhya Mehta,25,Male,1294387.0,INR,17,Gold,2025-03-12,2026-02-06,Weekly,1817.0349999999999,5,0,6,Electronics,Pune,India,gmail.com,Web,Wallet,1551,4,Yes,0,1
CUST101020,Priya Sharma,13,Male,999065.0,INR,27,Basic,2022-05-04,2024-07-21,Weekly,2225.18,7,4,3,Grocery,Mumbai,India,gmail.com,Web,Cash,401,2,No,0,1
CUST101021,Ayaan Das,34,Female,890192.0,INR,23,Silver,2023-01-17,2025-03-14,Rarely,722.31,17,14,3,Kids,Delhi,India,company.com,iOS,Debit Card,1126,3,No,0,1
CUST101022,Aarav Nair,22,Female,958805.0,USD,48,Gold,2025-07-25,2026-01-26,Monthly,2152.73,4,1,3,Kids,Hyderabad,India,company.com,Web,Upi,0,2,Yes,0,1
CUST101023,Ira Sharma,32,Female,267332.0,INR,49,Silver,2025-08-19,2025-12-29,Weekly,2390.84,39,38,1,Sports,Hyderabad,India,yahoo.com,Desktop,Wallet,1938,3,No,0,1
CUST101024,Sai Patel,35,Female,481105.0,INR,59,Silver,2023-05-11,2023-09-21,Monthly,1585.98,21,4,17,Home Decor,Bengaluru,India,gmail.com,Android,Upi,1264,1,Yes,1,1
CUST101025, Vihaan Reddy ,46,Other,429220.0,INR,89,Silver,2022-07-30,2023-11-27,Rarely,1817.0349999999999,2,1,2,Gaming,Pune,India,yahoo.com,Mobile,Upi,315,5,No,0,1
CUST101026,Ananya Gupta,30,Male,504106.0,INR,39,Silver,2025-01-31,2025-01-31,Daily,1817.0349999999999,10,3,6,Food Court,Pune,India,gmail.com,iOS,Debit Card,2000,4,Yes,1,0
CUST101027,Priya Iyer,40,Female,1452812.0,INR,55,Silver,2021-03-07,2022-10-09,Daily,11649.58,10,2,9,Home Decor,Hyderabad,India,gmail.com,Desktop,Credit Card,1580,3,Yes,0,1
CUST101028,Riya Nair,44,Male,339233.0,USD,100,Gold,2023-11-24,2024-03-11,Daily,1420.47,20,15,6,Grocery,Jaipur,India,gmail.com,Desktop,Wallet,1877,2,Yes,0,1
CUST101029,Kiara Verma,44,Male,1138430.0,INR,69,Basic,2023-06-29,2024-07-21,Rarely,1338.32,3,1,2,Books,Pune,India,rediffmail.com,Android,Debit Card,609,4,Yes,0,1
CUST101030,Ananya Mishra,18,Female,925470.0,INR,18,Basic,2025-05-04,2025-09-30,Weekly,1817.0349999999999,16,11,5,Books,Ahmedabad,India,hotmail.com,iOS,Cash,2484,5,Yes,0,1
CUST101031,Saanvi Iyer,34,Male,675021.0,INR,78,Basic,2024-12-07,2025-08-30,Weekly,1817.0349999999999,25,23,2,Electronics,Kolkata,India,rediffmail.com,Web,Upi,856,3,Yes,1,1
CUST101032,Ishaan Joshi,34,Male,648622.0,USD,70,Silver,2024-10-04,2026-04-30,Weekly,1428.5,4,0,4,Fashion,Pune,India,yahoo.com,Mobile,Upi,1769,4,Yes,0,1
CUST101033,Kiara Das,22,Female,772866.0,INR,78,Platinum,2024-10-30,2025-10-05,Daily,3630.61,10,7,3,Home Decor,Delhi,India,hotmail.com,Web,Cash,500,4,No,0,1
CUST101034,Riya Patel,39,Female,532606.0,USD,84,Basic,2022-04-01,2023-03-11,Weekly,548.2,19,0,18,Beauty,Chennai,India,gmail.com,iOS,Card,1868,1,Yes,0,1
CUST101035,Aarav Gupta,47,Other,648622.0,USD,57,Gold,2023-04-05,2023-12-28,Rarely,555.3,37,19,18,Grocery,Pune,India,gmail.com,iOS,Upi,1603,2,Yes,1,1
CUST101037,Ayaan Verma,28,Female,1623460.0,INR,58,Silver,2022-12-11,2024-05-15,Rarely,2562.17,6,4,2,Electronics,Mumbai,India,rediffmail.com,Android,Upi,748,3,Yes,1,1
CUST101038,Ananya Mehta,27,Male,242367.0,INR,82,Gold,2025-01-13,2025-03-12,Rarely,2034.65,8,0,8,Fashion,Kolkata,India,gmail.com,iOS,Upi,994,5,No,0,1
CUST_NEW0028,Ananya Singh,32,Female,648622.0,INR,71,Platinum,2021-02-15,2022-07-05,Monthly,1171.92,3,2,2,Books,Hyderabad,India,gmail.com,iOS,Credit Card,1101,4,No,0,1
CUST101040,Neha Sinha,33,Female,695181.0,INR,65,Silver,2021-01-10,2021-05-28,Weekly,5622.83,3,1,2,Sports,Hyderabad,India,gmail.com,Android,Upi,794,1,No,0,1
CUST101041,Pooja Gupta,48,Other,1837294.0,INR,60,Basic,2025-04-27,2026-04-07,Weekly,2338.75,21,8,13,Books,Lucknow,India,gmail.com,iOS,Credit Card,609,5,Yes,0,1
CUST101042,Ishaan Das,35,Other,402391.0,INR,7,Gold,2021-04-16,2021-06-10,Rarely,1721.11,12,6,7,Grocery,Jaipur,India,rediffmail.com,Android,Cash,2457,3,Yes,0,1
CUST101043, Aditya Chopra ,21,Female,684708.0,INR,20,Platinum,2024-02-29,2024-11-12,Rarely,2444.14,3,1,2,Home Decor,Chennai,India,gmail.com,iOS,Upi,843,5,No,1,1
CUST101044,Ishaan Nair,23,Other,538693.0,INR,53,Platinum,2023-11-03,2025-02-21,Rarely,3922.1,15,4,11,Fashion,Jaipur,India,gmail.com,Android,Upi,2185,3,Yes,1,1
CUST101045,Diya Das,43,Female,1035533.0,INR,57,Basic,2024-01-07,2026-02-25,Monthly,7660.9,17,13,4,Books,Kolkata,India,gmail.com,iOS,Upi,492,4,Yes,0,1
CUST101046,Pooja Sinha,32,Male,462169.0,INR,61,Silver,2025-10-08,2026-08-03,Weekly,1307.98,29,13,16,Beauty,Chennai,India,rediffmail.com,Android,Cash,0,1,Yes,0,1
CUST101047,Ananya Das,30,Female,788070.0,INR,24,Platinum,2024-08-03,2025-03-24,Weekly,3487.96,0,0,0,Books,Bengaluru,India,yahoo.com,iOS,Cash,813,3,Yes,1,1
CUST101048,Meera Rao,32,Female,342420.0,INR,68,Platinum,2023-06-02,2024-09-04,Monthly,1815.88,18,3,14,Books,Hyderabad,India,hotmail.com,Android,Upi,1664,2,No,1,1
CUST101049,Ayaan Patel,24,Male,720886.0,INR,67,Silver,2023-03-14,2024-03-03,Rarely,623.12,10,9,0,Sports,Mumbai,India,hotmail.com,Web,Credit Card,1153,2,Yes,0,1
CUST101050,Aarav Kumar,37,Male,1310848.0,USD,61,Silver,2021-09-27,2023-07-10,Weekly,634.24,14,9,4,Electronics,Bangalore,India,gmail.com,Mobile,Credit Card,784,2,Yes,0,1
CUST101051,Vivaan Singh,34,Male,429319.0,INR,25,Gold,2023-05-11,2026-01-22,Weekly,3089.54,13,5,9,Sports,Delhi,India,company.com,Android,Credit Card,669,1,No,1,1
CUST101052,Amit Gupta,27,Male,1578213.0,INR,43,Silver,2023-10-27,2024-04-03,Daily,2442.72,3,2,1,Grocery,Chennai,India,gmail.com,iOS,Wallet,0,1,No,1,1
CUST101053,Neha Chopra,40,Female,521289.0,INR,48,Silver,2024-11-29,2025-11-20,Rarely,2040.19,19,12,7,Gaming,Chennai,India,gmail.com,iOS,Upi,2339,3,No,0,1
CUST101054,Vivaan Kapoor,23,Female,632051.0,USD,53,Silver,2022-09-14,2024-02-11,Monthly,2169.1,11,6,4,Sports,Chennai,India,gmail.com,Web,Upi,1100,2,Yes,0,1
CUST101055,Krishna Gupta,38,Male,214949.0,INR,48,Gold,2021-05-27,2021-10-20,Weekly,993.05,37,13,25,Electronics,Pune,India,gmail.com,Android,Debit Card,698,3,No,0,1
CUST101057, Ishaan Nair ,29,Male,664845.0,USD,57,Silver,2022-09-22,2024-09-24,Weekly,651.63,18,16,1,Electronics,Hyderabad,India,gmail.com,iOS,Cash,797,2,Yes,0,1
CUST_NEW0029,Priya Singh,17,Male,648622.0,INR,30,Basic,2025-07-17,2026-01-16,Monthly,3371.49,6,2,3,Books,Hyderabad,India,rediffmail.com,Web,Card,1100,2,No,0,1
CUST101059,Arjun Khan,27,Female,648622.0,INR,43,Basic,2021-02-06,2021-12-10,Rarely,1785.16,7,0,6,Grocery,Chennai,India,hotmail.com,iOS,Credit Card,535,1,Yes,0,1
CUST101060,Arjun Joshi,30,Male,862630.0,INR,77,Platinum,2024-08-09,2025-02-14,Monthly,6911.92,10,7,3,Beauty,Pune,India,gmail.com,iOS,Credit Card,86,2,No,0,1
CUST101061,Amit Kumar,17,Female,925046.0,USD,40,Silver,2022-04-24,2024-03-03,Weekly,1631.3,3,2,2,Food Court,Mumbai,India,rediffmail.com,Web,Upi,843,5,No,0,1
CUST101063,Myra Reddy,25,Female,815245.0,INR,76,Platinum,2023-11-01,2026-02-27,Monthly,3289.08,17,3,13,Gaming,Chennai,India,yahoo.com,iOS,Upi,1394,3,Yes,0,1
CUST101064,Ananya Rao,13,Female,648622.0,INR,25,Platinum,2024-11-25,2025-02-28,Weekly,1646.09,4,3,0,Grocery,Pune,India,gmail.com,Desktop,Upi,1077,4,No,1,1
CUST101065, Aarav Kumar ,44,Female,460185.0,INR,63,Platinum,2022-10-09,2022-10-09,Weekly,1411.07,12,17,21,Food Court,Lucknow,India,gmail.com,Android,Card,1281,1,Yes,0,0
CUST101066,Ananya Mehta,16,Male,1016919.0,INR,32,Silver,2022-07-29,2023-03-14,Rarely,848.84,12,4,8,Electronics,Jaipur,India,rediffmail.com,Web,Upi,1697,4,No,0,1
CUST101067,Ayaan Joshi,24,Female,657350.0,INR,43,Silver,2023-07-11,2024-04-17,Rarely,7002.17,68,39,29,Kids,Jaipur,India,hotmail.com,Mobile,Wallet,1046,3,No,0,1
CUST101068, Kiara Mishra ,41,Other,672838.0,INR,54,Platinum,2025-06-19,2025-11-12,Rarely,2673.43,3,2,1,Books,Bangalore,India,gmail.com,Web,Upi,1086,4,Yes,0,1
CUST101069,Vivaan Singh,34,Male,970009.0,USD,39,Gold,2022-04-22,2023-01-12,Rarely,2123.03,0,0,0,Kids,Mumbai,India,hotmail.com,Android,Card,0,1,Yes,1,1
CUST101070,Ira Chopra,28,Female,1121486.0,INR,46,Basic,2025-06-30,2025-10-23,Weekly,1960.76,51,3,47,Electronics,Bengaluru,India,gmail.com,Android,Upi,461,1,No,1,1
CUST101071,Amit Iyer,16,Male,276968.0,INR,31,Platinum,2025-03-16,2025-08-26,Rarely,2796.38,36,12,23,Home Decor,Delhi,India,hotmail.com,Desktop,Wallet,931,5,No,1,1
CUST101072,Rahul Mishra,34,Female,364119.0,USD,40,Silver,2022-06-07,2024-07-30,Monthly,545.89,25,1,25,Kids,Jaipur,India,rediffmail.com,Web,Wallet,1212,5,No,0,1
CUST101073,Ayaan Das,45,Male,376898.0,INR,45,Silver,2025-05-21,2025-08-12,Rarely,3880.11,10,6,3,Gaming,Pune,India,rediffmail.com,iOS,Debit Card,1470,4,Yes,1,1
CUST101074,Ayaan Mehta,43,Other,476848.0,INR,26,Silver,2024-09-03,2025-12-26,Rarely,505.8,21,12,8,Gaming,Lucknow,India,gmail.com,Web,Wallet,2234,5,No,0,1
CUST101075,Aditya Sinha,48,Male,469517.0,USD,66,Gold,2022-02-13,2024-06-22,Rarely,1973.62,21,18,2,Sports,Pune,India,gmail.com,Android,Credit Card,2373,5,Yes,0,1
CUST101076,Vihaan Joshi,45,Female,382036.0,INR,38,Silver,2021-12-19,2024-12-01,Rarely,1280.96,20,7,14,Sports,Kolkata,India,gmail.com,Web,Debit Card,1457,5,Yes,0,1
CUST101077,Aarav Mishra,30,Female,192961.0,INR,50,Platinum,2025-08-03,2025-09-21,Monthly,921.75,10,2,8,Fashion,Mumbai,India,gmail.com,Web,Cash,1446,3,Yes,0,1
CUST101078, Neha Sinha ,36,Female,1.0,USD,70,Silver,2021-07-25,2022-01-05,Monthly,2809.34,21,15,6,Kids,Pune,India,yahoo.com,iOS,Cash,1081,4,No,0,1
CUST101079,Neha Sharma,38,Male,814914.0,INR,11,Silver,2022-09-08,2024-07-24,Daily,712.08,64,27,38,Electronics,Delhi,India,outlook.com,iOS,Card,1898,4,Yes,0,1
CUST101080,Sara Kapoor,19,Female,555611.0,INR,41,Platinum,2024-06-13,2025-11-12,Monthly,1899.77,11,9,1,Grocery,Chennai,India,gmail.com,Web,Wallet,989,3,Yes,0,1
CUST101081, Neha Singh ,40,Female,254629.0,INR,19,Gold,2024-07-17,2026-05-19,Weekly,1146.77,3,0,2,Food Court,Bengaluru,India,gmail.com,iOS,Credit Card,1251,1,Yes,1,1
CUST101083,Priya Sharma,20,Female,343380.0,INR,100,Gold,2023-07-12,2025-08-24,Weekly,7274.64,3,0,3,Books,Chennai,India,gmail.com,iOS,Cash,1784,5,No,1,1
CUST101084,Aadhya Mehta,33,Male,927899.0,INR,32,Gold,2025-04-01,2025-04-01,Rarely,1840.75,13,8,6,Grocery,Hyderabad,India,yahoo.com,iOS,Upi,2469,3,No,0,0
CUST101085,Aditya Mehta,47,Male,804843.0,INR,75,Silver,2025-01-22,2025-06-09,Rarely,863.96,0,0,0,Grocery,Jaipur,India,outlook.com,iOS,Upi,1000,2,No,0,1
CUST101086,Ayaan Sharma,23,Female,899248.0,USD,70,Silver,2025-03-31,2025-06-08,Monthly,2991.4,4,1,2,Books,Ahmedabad,India,hotmail.com,Web,Cash,1189,1,Yes,0,1
CUST101087,Saanvi Patel,26,Male,490589.0,INR,67,Platinum,2024-05-19,2026-03-08,Weekly,2786.19,3,2,0,Sports,Delhi,India,gmail.com,Mobile,Debit Card,596,5,Yes,0,1
CUST101088,Riya Gupta,45,Other,570468.0,INR,40,Platinum,2024-02-05,2024-12-20,Rarely,1817.0349999999999,36,18,17,Sports,Bengaluru,India,yahoo.com,Android,Wallet,1784,5,Yes,0,1
CUST101089,Priya Singh,41,Male,363029.0,INR,32,Silver,2022-01-14,2022-09-04,Monthly,1005.08,8,5,3,Sports,Chennai,India,gmail.com,Desktop,Credit Card,1424,5,No,0,1
CUST101090,Riya Sharma,38,Male,595820.0,INR,37,Platinum,2021-02-23,2021-04-05,Monthly,971.79,21,14,7,Gaming,Bangalore,India,outlook.com,Android,Upi,703,2,No,0,1
CUST101091,Vivaan Nair,51,Female,1371515.0,INR,85,Gold,2023-04-27,2024-12-13,Monthly,1258.6,35,30,6,Grocery,Delhi,India,outlook.com,Android,Credit Card,641,1,No,0,1
CUST101092,Amit Sinha,33,Male,476811.0,INR,50,Silver,2024-02-04,2025-06-26,Rarely,3798.37,15,3,11,Home Decor,Pune,India,hotmail.com,Desktop,Credit Card,1815,3,Yes,1,1
CUST101093,Ananya Mishra,23,Female,305745.0,INR,49,Silver,2023-07-02,2024-10-18,Daily,2344.41,13,9,5,Books,Pune,India,gmail.com,Web,Card,617,2,Yes,0,1
CUST101094,Myra Rao,21,Female,1103858.0,INR,31,Silver,2021-02-10,2021-04-23,Rarely,1380.98,1,0,1,Electronics,Hyderabad,India,company.com,iOS,Upi,1304,2,Yes,1,1
CUST101095,Saanvi Rao,42,Male,524498.0,INR,81,Platinum,2021-12-11,2021-12-11,Rarely,1814.21,5,2,3,Electronics,Chennai,India,hotmail.com,Web,Credit Card,1328,3,No,0,0
CUST101096,Myra Reddy,37,Female,457801.0,INR,90,Platinum,2022-07-13,2024-05-28,Weekly,5476.97,0,0,1,Fashion,Lucknow,India,company.com,Web,Credit Card,1207,2,Yes,0,1
CUST101097,Reyansh Joshi,42,Female,648622.0,INR,40,Platinum,2021-03-09,2022-07-29,Rarely,1256.68,53,35,18,Fashion,Mumbai,India,company.com,iOS,Card,28,3,Yes,0,1
CUST101098,Sara Kumar,15,Male,413622.0,INR,80,Gold,2021-04-01,2022-01-02,Rarely,862.11,8,7,1,Sports,Jaipur,India,company.com,Android,Debit Card,929,4,No,0,1
CUST101099,Sara Gupta,33,Female,2345092.0,USD,65,Platinum,2023-01-22,2023-10-18,Weekly,3256.81,19,1,18,Home Decor,Kolkata,India,gmail.com,iOS,Upi,0,4,No,1,1
CUST101100,Kiara Singh,39,Male,309305.0,INR,53,Silver,2023-10-04,2025-03-07,Monthly,2588.07,3,1,1,Books,Lucknow,India,company.com,Desktop,Upi,798,3,Yes,1,1
CUST101101,Riya Verma,50,Male,748073.0,INR,16,Silver,2021-08-04,2022-09-16,Rarely,1817.0349999999999,10,4,6,Sports,Pune,India,hotmail.com,Desktop,Upi,568,4,Yes,0,1
CUST101102,Ayaan Iyer,32,Female,1283640.0,INR,61,Silver,2024-03-31,2024-09-26,Rarely,1793.68,29,8,21,Electronics,Lucknow,India,company.com,Web,Upi,1446,4,Yes,0,1
CUST101103,Arjun Sinha,30,Female,1261255.0,INR,48,Gold,2021-05-08,2022-01-02,Monthly,2412.08,12,7,4,Food Court,Chennai,India,yahoo.com,Desktop,Cash,321,2,No,0,1
CUST101104,Amit Das,35,Male,502515.0,USD,23,Gold,2025-05-07,2025-10-05,Monthly,622.77,80,62,19,Fashion,Ahmedabad,India,gmail.com,Mobile,Debit Card,1933,3,Yes,0,1
CUST101105,Amit Gupta,30,Male,1265512.0,USD,28,Silver,2023-11-08,2024-10-21,Monthly,1354.64,1,0,1,Gaming,Lucknow,India,gmail.com,Android,Card,320,5,Yes,1,1
CUST101106,Aditya Sharma,48,Other,266193.0,INR,52,Basic,2022-07-11,2024-05-07,Monthly,1788.91,9,3,5,Fashion,Pune,India,gmail.com,iOS,Cash,1490,5,No,0,1
CUST101107,Rahul Patel,33,Female,633831.0,INR,38,Silver,2022-02-18,2024-07-01,Monthly,1196.13,23,7,16,Kids,Jaipur,India,yahoo.com,Mobile,Credit Card,1345,4,Yes,0,1
CUST101108,Saanvi Mishra,53,Female,891701.0,INR,48,Platinum,2023-05-06,2024-12-12,Weekly,1542.16,47,43,4,Beauty,Mumbai,India,rediffmail.com,Android,Upi,1140,4,No,0,1
CUST101109,Krishna Patel,17,Male,826554.0,INR,58,Silver,2022-05-06,2024-06-08,Rarely,4223.82,2,1,2,Fashion,Hyderabad,India,company.com,Web,Upi,1754,4,Yes,0,1
CUST101110,Krishna Singh,45,Female,793051.0,INR,35,Silver,2022-04-25,2023-10-31,Monthly,1597.08,28,7,20,Beauty,Pune,India,gmail.com,Web,Debit Card,1370,5,Yes,0,1
CUST101111,Saanvi Sinha,39,Male,639285.0,USD,65,Gold,2024-05-27,2025-09-13,Rarely,2132.76,6,5,1,Food Court,Delhi,India,hotmail.com,iOS,Upi,1346,3,Yes,0,1
CUST101112,Sai Patel,50,Male,670071.0,INR,66,Silver,2024-12-12,2025-05-15,Weekly,2999.24,9,7,1,Beauty,Lucknow,India,gmail.com,Web,Card,1567,1,No,0,1
CUST101113,Ishaan Sharma,42,Female,620708.0,INR,82,Basic,2025-07-25,2025-11-20,Monthly,4662.54,28,5,23,Fashion,Chennai,India,gmail.com,iOS,Credit Card,634,1,No,0,1
CUST101114,Myra Kapoor,28,Female,397033.0,INR,56,Platinum,2024-10-13,2026-01-12,Weekly,1281.78,3,2,0,Food Court,Lucknow,India,gmail.com,iOS,Upi,1351,4,Yes,0,1
CUST101115,Pooja Reddy,37,Female,508831.0,INR,27,Basic,2025-07-06,2026-04-29,Monthly,3994.21,28,11,17,Electronics,Delhi,India,rediffmail.com,Android,Credit Card,1138,4,Yes,0,1
CUST101116,Aditya Nair,18,Female,588166.0,INR,40,Basic,2023-03-29,2024-11-09,Monthly,6069.63,31,16,14,Food Court,Delhi,India,gmail.com,Web,Cash,347,3,Yes,0,1
CUST101117,Reyansh Das,38,Female,626903.0,INR,67,Platinum,2023-01-18,2025-03-13,Monthly,3050.07,6,3,2,Beauty,Lucknow,India,gmail.com,iOS,Upi,1471,4,Yes,0,1
CUST101118,Ananya Reddy,58,Female,238697.0,INR,40,Silver,2024-05-02,2024-09-23,Rarely,1978.0,8,2,6,Kids,Hyderabad,India,gmail.com,Android,Debit Card,88,3,No,0,1
CUST101119,Aadhya Joshi,32,Female,648622.0,INR,39,Silver,2023-07-07,2024-06-05,Rarely,948.83,78,70,9,Electronics,Bengaluru,India,outlook.com,iOS,Cash,1236,2,No,0,1
CUST101120,Sara Das,36,Female,763776.0,INR,100,Silver,2024-05-10,2024-06-12,Daily,2847.92,9,0,9,Sports,Chennai,India,gmail.com,Web,Card,838,5,Yes,1,1
CUST101121,Sara Sharma,13,Male,573160.0,INR,38,Platinum,2021-11-01,2021-11-27,Rarely,518.51,46,39,6,Electronics,Bengaluru,India,gmail.com,iOS,Credit Card,1671,1,Yes,0,1
CUST101122,Riya Patel,22,Female,1621953.0,INR,46,Platinum,2025-08-01,2025-12-23,Monthly,1979.79,7,0,7,Home Decor,Hyderabad,India,hotmail.com,iOS,Upi,907,3,Yes,0,1
CUST101123,Pooja Patel,23,Female,394659.0,INR,93,Silver,2022-12-15,2025-02-02,Weekly,1578.05,20,16,3,Grocery,Delhi,India,gmail.com,Android,Wallet,1458,1,No,0,1
CUST101124,Ira Mishra,35,Male,1246862.0,INR,28,Silver,2023-12-01,2023-12-01,Weekly,2283.31,58,3,55,Electronics,Lucknow,India,gmail.com,iOS,Credit Card,49,3,Yes,0,0
CUST101125,Meera Verma,41,Female,520246.0,INR,59,Basic,2023-02-16,2024-12-20,Monthly,4913.82,0,0,1,Beauty,Lucknow,India,yahoo.com,Web,Credit Card,1098,5,No,0,1
CUST101126,Neha Mehta,55,Female,765608.0,INR,41,Silver,2021-07-06,2023-04-11,Rarely,2743.93,9,0,9,Beauty,Pune,India,gmail.com,iOS,Wallet,1139,3,No,1,1
CUST_NEW0030,Ayaan Chopra,31,Female,801702.0,INR,8,Silver,2025-06-19,2026-02-16,Rarely,953.52,13,8,4,Fashion,Hyderabad,India,outlook.com,Android,Upi,1672,2,Yes,0,1
CUST101129,Aadhya Sharma,33,Male,630334.0,USD,24,Platinum,2021-08-24,2022-04-19,Rarely,1090.73,18,8,10,Fashion,Hyderabad,India,company.com,Desktop,Credit Card,838,5,No,0,1
CUST101130,Diya Das,40,Male,794881.0,INR,45,Silver,2024-05-25,2025-06-15,Weekly,896.32,21,18,3,Home Decor,Chennai,India,company.com,Web,Credit Card,1053,5,No,0,1
CUST101131,Ayaan Patel,52,Male,177868.0,INR,40,Silver,2025-06-23,2025-11-19,Rarely,1729.48,6,4,2,Gaming,Hyderabad,India,company.com,Web,Wallet,2091,3,Yes,0,1
CUST101132,Ishaan Patel,16,Female,567153.0,INR,59,Basic,2022-10-12,2024-11-30,Rarely,1102.8,2,0,2,Grocery,Ahmedabad,India,hotmail.com,iOS,Upi,508,4,Yes,0,1
CUST101133,Riya Kapoor,35,Female,473000.0,INR,76,Silver,2025-04-28,2026-05-25,Monthly,3506.81,11,3,8,Gaming,Delhi,India,gmail.com,Android,Cash,1467,1,Yes,0,1
CUST101134,Priya Chopra,19,Male,1026127.0,INR,49,Basic,2025-05-07,2025-08-15,Rarely,1118.83,36,24,12,Home Decor,Bangalore,India,gmail.com,Mobile,Credit Card,2410,2,No,1,1
CUST101135,Aditya Patel,23,Female,711859.0,INR,77,Basic,2023-10-28,2026-03-02,Weekly,5137.78,75,3,72,Fashion,Mumbai,India,gmail.com,iOS,Upi,164,5,Yes,0,1
CUST101136,Amit Kapoor,23,Female,357670.0,INR,49,Silver,2021-10-03,2021-10-03,Rarely,1512.16,1,0,2,Grocery,Pune,India,yahoo.com,iOS,Debit Card,908,2,No,0,0
CUST101138,Arjun Verma,29,Male,435540.0,USD,54,Silver,2023-06-21,2025-02-12,Rarely,818.64,9,6,4,Sports,Pune,India,rediffmail.com,Android,Cash,863,3,Yes,0,1
CUST101139,Vivaan Chopra,16,Female,484373.0,INR,21,Silver,2023-01-29,2023-08-06,Weekly,5688.35,7,5,2,Books,Jaipur,India,hotmail.com,Desktop,Wallet,974,1,No,0,1
CUST101140,Rahul Mishra,26,Other,477006.0,USD,59,Platinum,2024-08-20,2024-10-18,Rarely,7872.19,5,1,4,Kids,Ahmedabad,India,gmail.com,iOS,Credit Card,185,5,No,0,1
CUST101141,Vivaan Iyer,33,Male,594863.0,INR,65,Silver,2021-08-05,2021-08-25,Daily,1375.55,14,8,7,Beauty,Lucknow,India,company.com,Web,Wallet,1546,5,No,0,1
CUST101142,Reyansh Kumar,25,Female,586971.0,INR,25,Silver,2021-11-03,2023-04-18,Weekly,1284.44,4,2,2,Gaming,Delhi,India,rediffmail.com,Android,Credit Card,1934,4,No,1,1
CUST101143,Amit Kumar,51,Male,648622.0,USD,33,Silver,2024-11-12,2025-12-24,Rarely,501.57,11,0,11,Gaming,Lucknow,India,gmail.com,iOS,Credit Card,1342,1,Yes,0,1
CUST101144,Vihaan Joshi,29,Female,1081290.0,INR,53,Silver,2021-05-13,2021-06-22,Daily,8127.61,27,24,4,Beauty,Bengaluru,India,outlook.com,iOS,Credit Card,886,5,Yes,0,1
CUST101145,Ayaan Verma,37,Female,236716.0,INR,39,Basic,2024-09-20,2025-02-12,Monthly,10750.12,7,6,1,Sports,Mumbai,India,hotmail.com,Web,Upi,1511,5,Yes,0,1
CUST101146,Aadhya Mishra,40,Male,878272.0,USD,76,Silver,2021-12-09,2022-06-09,Rarely,1000.64,10,8,3,Gaming,Delhi,India,yahoo.com,Android,Wallet,1688,5,Yes,0,1
CUST101147,Pooja Joshi,22,Female,522219.0,INR,100,Silver,2021-08-30,2022-05-08,Rarely,1240.17,6,3,3,Home Decor,Kolkata,India,gmail.com,Desktop,Wallet,1245,4,Yes,0,1
CUST101148,Kiara Mishra,27,Other,219723.0,INR,60,Basic,2022-02-17,2023-07-09,Monthly,2044.56,6,2,4,Electronics,Hyderabad,India,gmail.com,Android,Credit Card,1447,5,Yes,0,1
CUST101149,Aarav Verma,31,Female,1864961.0,INR,48,Silver,2021-11-11,2022-06-15,Rarely,1989.96,11,0,11,Fashion,Ahmedabad,India,gmail.com,iOS,Upi,1301,5,No,1,1
CUST101150,Amit Reddy,23,Female,334221.0,INR,76,Silver,2024-08-02,2024-08-02,Daily,2956.19,9,2,8,Sports,Pune,India,gmail.com,Web,Credit Card,1255,1,No,0,0
CUST101151,Ishaan Sinha,37,Female,1456001.0,INR,93,Silver,2025-01-30,2025-04-04,Weekly,1818.11,39,10,29,Electronics,Lucknow,India,company.com,iOS,Upi,269,3,Yes,0,1
CUST101152,Myra Singh,30,Male,398026.0,USD,44,Silver,2021-08-31,2021-12-21,Weekly,2824.43,2,0,2,Food Court,Pune,India,gmail.com,Android,Debit Card,771,4,Yes,0,1
CUST101153,Ira Nair,15,Female,283680.0,INR,30,Silver,2021-12-26,2024-10-04,Monthly,2374.03,4,3,2,Fashion,Delhi,India,gmail.com,iOS,Cash,1758,1,No,1,1
CUST101154, Pooja Singh ,37,Female,622984.0,INR,40,Silver,2025-04-29,2026-05-31,Daily,2984.26,16,5,10,Kids,Jaipur,India,outlook.com,Mobile,Card,2082,2,Yes,0,1
CUST101155,Saanvi Reddy,23,Female,292852.0,INR,22,Silver,2022-07-18,2023-05-12,Monthly,1898.44,16,10,6,Beauty,Kolkata,India,gmail.com,iOS,Upi,507,5,Yes,1,1
CUST_NEW0031,Riya Das,59,Female,648622.0,INR,83,Platinum,2023-06-16,2023-09-04,Rarely,3987.86,1,0,1,Books,Bangalore,India,yahoo.com,Desktop,Cash,1754,3,No,1,1
CUST101157,Diya Nair,37,Female,423455.0,INR,92,Silver,2021-04-30,2021-11-07,Monthly,1578.99,11,5,7,Home Decor,Chennai,India,gmail.com,Android,Wallet,0,3,Yes,0,1
CUST101158,Kiara Singh,45,Female,661594.0,INR,55,Silver,2023-12-24,2025-10-07,Daily,453.13,0,0,0,Fashion,Pune,India,company.com,Desktop,Upi,993,1,Yes,1,1
CUST101159,Meera Iyer,23,Male,2357550.0,INR,64,Platinum,2024-12-06,2025-01-28,Monthly,910.7,2,1,0,Sports,Jaipur,India,gmail.com,Android,Card,1334,4,No,0,1
CUST101160,Aarav Sinha,41,Male,327003.0,INR,56,Platinum,2022-05-31,2023-11-29,Daily,1514.84,4,0,4,Sports,Bengaluru,India,gmail.com,Desktop,Upi,889,1,Yes,0,1
CUST101161,Ira Sinha,50,Female,1251067.0,INR,83,Basic,2023-08-23,2024-06-04,Rarely,2230.93,14,2,12,Home Decor,Mumbai,India,hotmail.com,iOS,Cash,1010,5,Yes,0,1
CUST101162,Krishna Das,23,Female,471440.0,INR,78,Silver,2023-05-14,2025-07-04,Daily,1528.68,68,42,27,Fashion,Hyderabad,India,gmail.com,Android,Cash,1990,4,No,0,1
CUST101163,Ira Chopra,33,Other,1027128.0,INR,43,Silver,2021-10-04,2024-01-17,Monthly,427.28,20,18,3,Gaming,Hyderabad,India,company.com,iOS,Credit Card,64,5,No,0,1
CUST101164, Arjun Sharma ,0,Male,1746742.0,INR,95,Platinum,2024-03-15,2026-06-15,Rarely,5236.21,1,0,1,Food Court,Ahmedabad,India,gmail.com,iOS,Credit Card,1734,4,Yes,1,1
CUST101165,Neha Rao,44,Male,469218.0,USD,54,Platinum,2024-11-12,2025-01-23,Rarely,3148.7,16,7,8,Food Court,Ahmedabad,India,gmail.com,Desktop,Credit Card,523,4,No,0,1
CUST101166,Amit Iyer,32,Female,541373.0,INR,40,Silver,2022-11-11,2024-06-23,Rarely,539.8,38,21,17,Fashion,Bengaluru,India,gmail.com,Mobile,Credit Card,1167,5,No,1,1
CUST101167,Meera Joshi,36,Male,1730521.0,INR,30,Platinum,2022-02-07,2024-01-07,Rarely,1777.24,53,38,15,Books,Ahmedabad,India,rediffmail.com,Web,Card,1240,4,Yes,0,1
CUST101168, Amit Sinha ,41,Male,1276701.0,INR,74,Basic,2025-03-18,2025-11-02,Daily,1597.33,12,1,11,Sports,Hyderabad,India,gmail.com,iOS,Upi,798,5,No,0,1
CUST101169,Myra Kapoor,34,Male,707826.0,USD,54,Silver,2024-03-01,2025-01-09,Weekly,237.67,9,7,2,Food Court,Pune,India,company.com,iOS,Upi,1174,2,Yes,0,1
CUST101170,Amit Rao,32,Female,1034366.0,INR,51,Silver,2022-12-10,2024-03-25,Monthly,1182.57,6,0,5,Beauty,Ahmedabad,India,gmail.com,Mobile,Card,2805,1,No,0,1
CUST101171,Aadhya Mishra,43,Other,652742.0,INR,82,Silver,2024-03-09,2026-04-27,Daily,818.77,0,0,1,Gaming,Jaipur,India,yahoo.com,Mobile,Cash,1248,5,No,0,1
CUST101172, Pooja Verma ,25,Female,648622.0,USD,93,Basic,2022-04-22,2024-11-05,Rarely,642.65,18,15,3,Beauty,Jaipur,India,yahoo.com,Android,Card,1473,4,Yes,0,1
CUST101173,Riya Nair,38,Female,561204.0,INR,29,Silver,2023-01-06,2024-10-26,Weekly,2549.31,21,10,10,Fashion,Ahmedabad,India,hotmail.com,Web,Wallet,1647,1,Yes,0,1
CUST101174,Priya Gupta,36,Male,529610.0,INR,33,Gold,2024-02-07,2025-12-31,Weekly,587.53,29,19,10,Fashion,Chennai,India,gmail.com,iOS,Card,2102,5,Yes,0,1
CUST101175,Riya Mishra,25,Male,1510667.0,INR,56,Basic,2021-10-17,2023-10-01,Daily,1685.42,22,10,13,Gaming,Lucknow,India,gmail.com,Web,Credit Card,1960,1,No,0,1
CUST101176,Ananya Gupta,34,Male,25000000.0,INR,10,Gold,2021-04-22,2021-05-17,Rarely,1763.35,3,2,0,Gaming,Jaipur,India,hotmail.com,Web,Credit Card,1069,3,No,1,1
CUST101177,Aditya Rao,33,Female,1118074.0,INR,49,Platinum,2024-09-12,2025-12-01,Monthly,1735.78,10,3,6,Kids,Kolkata,India,gmail.com,Web,Upi,1521,5,Yes,0,1
CUST101178,Amit Chopra,26,Female,898045.0,INR,34,Silver,2021-10-23,2022-01-07,Monthly,1933.57,58,13,45,Kids,Jaipur,India,hotmail.com,iOS,Credit Card,1666,4,Yes,0,1
CUST101179,Arjun Iyer,28,Female,648344.0,INR,45,Platinum,2022-11-20,2024-02-01,Weekly,1122.14,54,13,42,Beauty,Bengaluru,India,gmail.com,Web,Upi,1109,3,Yes,0,1
CUST101180,Vihaan Sharma,44,Female,898548.0,USD,66,Silver,2022-09-24,2024-05-02,Rarely,7821.06,29,16,13,Home Decor,Chennai,India,hotmail.com,Web,Credit Card,916,3,Yes,0,1
CUST101181,Ananya Joshi,45,Male,510597.0,INR,62,Platinum,2021-07-20,2021-07-20,Daily,5569.46,10,9,0,Books,Lucknow,India,gmail.com,iOS,Upi,693,2,No,0,0
CUST101182,Priya Kumar,33,Female,691860.0,INR,59,Platinum,2024-07-25,2024-09-13,Monthly,1684.76,1,0,1,Gaming,Delhi,India,company.com,iOS,Upi,1039,5,No,1,1
CUST101183,Sai Joshi,28,Male,547083.0,INR,61,Silver,2025-07-02,2026-03-13,Daily,2442.09,6,4,2,Fashion,Chennai,India,rediffmail.com,Web,Upi,1324,2,Yes,0,1
CUST101184,Amit Gupta,53,Male,674925.0,INR,57,Gold,2023-06-02,2023-09-26,Rarely,2392.35,8,5,2,Gaming,Chennai,India,outlook.com,Web,Upi,1466,5,No,0,1
CUST101186,Priya Kumar,39,Male,474368.0,INR,70,Gold,2024-08-24,2025-09-17,Rarely,1015.75,14,0,15,Food Court,Mumbai,India,gmail.com,Android,Credit Card,1075,3,Yes,1,1
CUST101188,Sai Nair,35,Male,915897.0,INR,59,Platinum,2024-10-12,2024-10-12,Rarely,927.46,0,0,0,Home Decor,Ahmedabad,India,rediffmail.com,Android,Upi,1202,2,No,0,0
CUST101189,Aadhya Mehta,27,Male,362993.0,INR,70,Gold,2022-01-24,2024-03-21,Rarely,7009.47,43,11,32,Food Court,Delhi,India,yahoo.com,iOS,Credit Card,1661,4,No,0,1
CUST101190,Ira Gupta,18,Female,538535.0,INR,57,Basic,2021-09-18,2023-03-24,Daily,1634.11,46,40,6,Electronics,Kolkata,India,company.com,Mobile,Upi,196,5,Yes,0,1
CUST101191,Aditya Das,15,Male,725285.0,INR,51,Basic,2022-12-12,2025-02-10,Daily,1539.85,96,19,77,Books,Mumbai,India,gmail.com,iOS,Cash,59,5,Yes,0,1
CUST101192,Pooja Khan,33,Female,695004.0,INR,65,Silver,2024-10-25,2025-08-14,Rarely,1238.87,17,3,14,Fashion,Delhi,India,outlook.com,Web,Credit Card,865,3,No,0,1
CUST101193,Aadhya Sinha,39,Other,730805.0,INR,52,Silver,2021-03-12,2023-01-26,Rarely,1267.23,14,12,1,Fashion,Chennai,India,hotmail.com,Web,Credit Card,1164,1,No,0,1
CUST101194,Sara Gupta,39,Female,895806.0,INR,61,Platinum,2022-01-21,2022-04-19,Monthly,4647.64,20,4,17,Home Decor,Mumbai,India,gmail.com,Desktop,Upi,551,3,Yes,1,1
CUST101195,Pooja Joshi,50,Other,247810.0,USD,57,Basic,2025-08-03,2026-03-26,Weekly,2198.93,15,9,6,Sports,Chennai,India,rediffmail.com,Desktop,Credit Card,993,1,No,0,1
CUST_NEW0032,Reyansh Reddy,38,Male,648622.0,INR,57,Platinum,2021-06-22,2022-04-30,Daily,524.1,3,0,4,Grocery,Chennai,India,gmail.com,iOS,Credit Card,1472,3,No,0,1
CUST101197,Vihaan Das,40,Female,648622.0,INR,41,Silver,2024-12-19,2026-03-07,Weekly,2617.1,15,11,4,Books,Chennai,India,hotmail.com,iOS,Card,446,1,No,0,1
CUST101198,Diya Iyer,15,Male,930743.0,INR,65,Platinum,2025-02-24,2025-02-24,Weekly,4047.12,10,3,7,Electronics,Lucknow,India,outlook.com,Android,Credit Card,1790,3,Yes,0,0
CUST101199,Arjun Verma,45,Male,985618.0,INR,86,Basic,2021-11-27,2021-12-05,Monthly,2346.38,12,29,8,Grocery,Mumbai,India,company.com,Web,Upi,276,1,No,0,1
CUST101200,Ishaan Kapoor,37,Female,611542.0,INR,66,Silver,2025-07-13,2026-02-10,Monthly,1280.55,4,0,4,Beauty,Delhi,India,gmail.com,Android,Upi,1510,5,No,0,1
CUST101201,Arjun Khan,49,Female,801707.0,INR,54,Silver,2025-08-06,2026-02-16,Monthly,2254.15,5,1,5,Electronics,Hyderabad,India,hotmail.com,iOS,Credit Card,1012,3,Yes,0,1
CUST101202,Rahul Mehta,40,Female,472304.0,INR,1,Gold,2023-05-11,2025-02-04,Monthly,1309.82,8,0,9,Electronics,Chennai,India,rediffmail.com,Android,Credit Card,1243,4,Yes,1,1
CUST101203,Arjun Kumar,33,Other,468376.0,INR,40,Platinum,2024-09-11,2025-07-21,Weekly,2317.18,8,3,6,Sports,Mumbai,India,gmail.com,iOS,Credit Card,1039,1,Yes,0,1
CUST101204,Amit Khan,27,Male,916167.0,USD,90,Silver,2022-12-01,2024-05-21,Rarely,634.94,28,15,13,Kids,Pune,India,gmail.com,Android,Upi,1031,3,No,0,1
CUST101205, Arjun Nair ,29,Male,587870.0,INR,90,Basic,2021-02-20,2023-06-21,Monthly,604.19,25,1,24,Food Court,Delhi,India,yahoo.com,iOS,Cash,885,2,No,0,1
CUST101206,Priya Mehta,30,Male,643215.0,USD,56,Gold,2023-12-29,2026-04-18,Rarely,1399.59,11,1,11,Beauty,Lucknow,India,gmail.com,iOS,Wallet,2410,4,Yes,0,1
CUST101207,Ishaan Das,20,Male,735174.0,INR,24,Platinum,2021-09-03,2022-06-26,Daily,3606.24,10,0,9,Gaming,Jaipur,India,gmail.com,Web,Upi,2287,1,No,0,1
CUST101208,Vivaan Iyer,33,Female,858677.0,INR,73,Platinum,2021-04-30,2022-10-14,Daily,3109.63,4,2,3,Gaming,Pune,India,gmail.com,Web,Upi,1527,3,Yes,0,1
CUST101209,Priya Kumar,29,Female,591601.0,INR,53,Gold,2023-06-08,2024-08-01,Monthly,3003.95,90,10,80,Grocery,Delhi,India,gmail.com,Web,Cash,1663,2,Yes,0,1
CUST101210,Krishna Rao,20,Other,885845.0,INR,70,Basic,2024-11-20,2025-07-26,Rarely,2485.68,1,0,0,Gaming,Chennai,India,gmail.com,Mobile,Card,1943,3,Yes,0,1
CUST101211,Rahul Das,54,Other,883357.0,INR,58,Silver,2021-07-13,2022-02-18,Weekly,777.05,0,0,0,Grocery,Bengaluru,India,company.com,Desktop,Upi,1118,1,No,0,1
CUST101213,Vivaan Joshi,21,Female,391853.0,INR,55,Silver,2024-04-08,2024-06-23,Rarely,391.37,34,22,13,Sports,Pune,India,gmail.com,Web,Upi,1360,2,No,0,1
CUST101214,Vihaan Chopra,30,Male,985519.0,INR,68,Gold,2022-12-11,2024-01-08,Monthly,3364.33,10,8,2,Food Court,Jaipur,India,company.com,Web,Credit Card,732,1,No,0,1
CUST101215,Neha Iyer,41,Female,2402110.0,INR,73,Silver,2023-05-06,2023-12-07,Rarely,2397.0,3,2,1,Gaming,Chennai,India,gmail.com,Android,Card,2090,2,Yes,0,1
CUST101216,Meera Sharma,50,Female,883760.0,INR,37,Platinum,2025-02-15,2025-02-15,Monthly,4219.29,0,0,0,Gaming,Chennai,India,gmail.com,Desktop,Wallet,404,2,No,0,1
CUST101217,Neha Singh,43,Female,885789.0,INR,76,Platinum,2022-01-15,2023-09-19,Weekly,4843.11,61,54,8,Sports,Kolkata,India,gmail.com,Mobile,Upi,412,5,Yes,1,1
CUST101218,Vihaan Iyer,37,Male,413976.0,INR,86,Silver,2025-01-05,2026-01-16,Rarely,265.65,28,20,9,Electronics,Kolkata,India,gmail.com,Android,Wallet,1718,1,Yes,0,1
CUST101219,Sara Kumar,17,Other,1065588.0,INR,68,Basic,2025-05-10,2025-10-08,Monthly,727.89,3,2,1,Gaming,Jaipur,India,yahoo.com,iOS,Wallet,1778,1,Yes,0,1
CUST101220,Sai Sinha,33,Female,372029.0,INR,100,Platinum,2024-04-24,2026-04-13,Rarely,1817.0349999999999,17,0,16,Kids,Ahmedabad,India,gmail.com,Web,Cash,1946,1,No,1,1
CUST101221,Sara Kapoor,23,Male,1.0,INR,28,Silver,2024-08-20,2025-12-09,Monthly,2954.34,2,1,1,Sports,Delhi,India,gmail.com,Web,Card,909,2,Yes,1,1
CUST101222,Ayaan Mehta,62,Male,1049515.0,INR,39,Silver,2024-08-29,2026-05-22,Monthly,1904.19,10,2,9,Sports,Kolkata,India,rediffmail.com,Android,Card,942,5,Yes,1,1
CUST101223,Myra Nair,38,Female,502350.0,USD,80,Gold,2023-05-11,2025-10-20,Weekly,2782.29,30,14,17,Books,Hyderabad,India,yahoo.com,Web,Credit Card,0,3,Yes,1,1
CUST101224,Neha Khan,39,Female,817284.0,INR,39,Platinum,2023-05-11,2025-07-27,Monthly,2583.86,0,0,1,Electronics,Delhi,India,gmail.com,Web,Upi,618,5,Yes,0,1
CUST101225,Ishaan Nair,38,Female,681382.0,INR,49,Basic,2024-08-29,2024-11-19,Weekly,2438.9,3,2,2,Electronics,Delhi,India,hotmail.com,Desktop,Credit Card,1434,3,No,0,1
CUST101226,Saanvi Mehta,24,Female,759267.0,INR,38,Silver,2025-05-20,2026-01-07,Weekly,735.76,8,4,5,Beauty,Pune,India,gmail.com,Mobile,Upi,585,3,Yes,1,1
CUST101227,Saanvi Patel,46,Female,321012.0,INR,88,Platinum,2025-04-04,2025-04-09,Weekly,1021.37,40,36,5,Fashion,Kolkata,India,outlook.com,iOS,Upi,365,2,Yes,1,1
CUST101228,Krishna Kapoor,37,Female,477244.0,INR,47,Basic,2023-02-01,2023-02-01,Rarely,5097.85,3,0,2,Food Court,Jaipur,India,gmail.com,Web,Wallet,256,3,Yes,0,0
CUST101229,Riya Kapoor,35,Male,716929.0,INR,91,Platinum,2024-01-23,2024-06-23,Monthly,2530.48,9,6,3,Sports,Ahmedabad,India,company.com,Android,Card,875,5,No,0,1
CUST101230,Saanvi Das,29,Male,1030264.0,INR,62,Gold,2021-08-14,2022-08-31,Monthly,876.12,31,14,18,Grocery,Mumbai,India,gmail.com,iOS,Card,700,4,Yes,0,1
CUST101231,Meera Joshi,29,Female,895562.0,INR,31,Silver,2025-07-26,2025-10-17,Weekly,379.5,3,2,1,Food Court,Mumbai,India,hotmail.com,Web,Upi,2107,4,Yes,1,1
CUST101232,Ishaan Sinha,38,Female,1553159.0,INR,61,Silver,2021-08-12,2022-01-20,Rarely,1460.64,37,6,30,Gaming,Bengaluru,India,hotmail.com,Android,Credit Card,1154,2,Yes,1,1
CUST101233,Sara Das,0,Female,653038.0,USD,52,Platinum,2021-11-11,2023-10-17,Monthly,3447.73,0,0,0,Home Decor,Kolkata,India,gmail.com,Web,Upi,2022,3,Yes,1,1
CUST101235,Vivaan Sharma,56,Other,1219966.0,INR,65,Basic,2024-06-30,2025-02-05,Rarely,1796.06,40,6,34,Fashion,Hyderabad,India,hotmail.com,iOS,Debit Card,1689,2,No,0,1
CUST101237,Sara Das,33,Other,616994.0,INR,82,Basic,2021-08-26,2023-01-25,Rarely,1817.0349999999999,23,13,9,Food Court,Kolkata,India,gmail.com,Web,Upi,1865,2,No,0,1
CUST101238,Rahul Iyer,20,Male,328435.0,INR,40,Silver,2025-06-04,2025-06-04,Monthly,9987.23,41,27,15,Grocery,Lucknow,India,hotmail.com,iOS,Upi,1071,5,No,0,0
CUST101239,Vivaan Sinha,50,Male,1282969.0,USD,29,Gold,2021-07-04,2022-08-28,Monthly,1817.89,49,41,9,Home Decor,Bengaluru,India,yahoo.com,iOS,Wallet,1189,4,Yes,1,1
CUST101240,Neha Mishra,35,Female,968197.0,INR,71,Platinum,2024-08-08,2026-03-15,Rarely,390.37,23,6,16,Home Decor,Hyderabad,India,yahoo.com,Web,Upi,411,2,No,0,1
CUST101241,Aditya Singh,48,Other,585398.0,USD,44,Silver,2024-09-11,2025-03-10,Rarely,1093.87,109,104,4,Gaming,Kolkata,India,company.com,Mobile,Upi,465,1,Yes,0,1
CUST101243, Kiara Nair ,22,Male,877385.0,INR,62,Silver,2021-01-07,2022-10-22,Rarely,964.01,5,2,3,Grocery,Chennai,India,yahoo.com,Android,Credit Card,182,2,No,0,1
CUST101244,Krishna Kumar,23,Female,530764.0,INR,52,Platinum,2023-03-25,2024-08-05,Rarely,5369.33,31,9,23,Grocery,Bengaluru,India,gmail.com,Mobile,Upi,1453,2,Yes,0,1
CUST101245,Ananya Reddy,40,Male,1158786.0,INR,37,Platinum,2024-03-06,2026-01-10,Weekly,1149.57,20,12,9,Fashion,Mumbai,India,yahoo.com,Mobile,Wallet,1298,1,Yes,0,1
CUST101246,Aadhya Das,68,Male,648622.0,INR,61,Platinum,2025-03-27,2025-08-28,Rarely,2179.64,4,3,1,Grocery,Chennai,India,rediffmail.com,Web,Cash,1647,5,Yes,0,1
CUST101247, Saanvi Mehta ,25,Female,1546408.0,USD,30,Basic,2022-12-02,2023-05-04,Daily,1161.57,11,6,5,Home Decor,Kolkata,India,hotmail.com,Web,Card,327,1,No,1,1
CUST101248,Myra Singh,26,Female,648622.0,INR,61,Platinum,2023-08-25,2025-08-22,Rarely,4070.64,27,26,1,Sports,Lucknow,India,outlook.com,iOS,Credit Card,0,2,Yes,0,1
CUST101249,Amit Nair,36,Female,433449.0,INR,55,Gold,2023-10-09,2025-05-15,Monthly,1284.68,12,10,2,Kids,Delhi,India,gmail.com,Web,Upi,1326,3,No,0,1
CUST101250,Reyansh Singh,60,Male,703027.0,INR,50,Platinum,2021-11-26,2024-03-07,Weekly,1159.61,32,17,15,Kids,Hyderabad,India,yahoo.com,Web,Upi,956,4,Yes,0,1
CUST101251,Ishaan Mehta,33,Male,1612138.0,INR,39,Basic,2023-05-19,2024-04-02,Rarely,1324.35,16,4,13,Gaming,Mumbai,India,gmail.com,Mobile,Card,1216,2,Yes,0,1
CUST101252, Saanvi Iyer ,26,Male,306378.0,INR,44,Platinum,2024-09-12,2025-12-15,Weekly,1012.29,43,18,25,Kids,Ahmedabad,India,gmail.com,Mobile,Upi,1839,2,No,0,1
CUST101253,Ira Singh,39,Female,648622.0,INR,46,Basic,2021-06-17,2022-01-19,Rarely,2828.36,26,5,21,Kids,Jaipur,India,gmail.com,Android,Debit Card,2166,1,No,1,1
CUST101254,Ananya Kumar,35,Other,1028678.0,INR,70,Platinum,2021-08-05,2023-10-19,Monthly,2661.01,18,0,19,Beauty,Mumbai,India,company.com,iOS,Wallet,625,2,Yes,1,1
CUST101255,Rahul Sinha,60,Male,1061830.0,INR,98,Platinum,2024-06-10,2026-04-30,Weekly,1593.09,45,32,13,Gaming,Ahmedabad,India,gmail.com,Mobile,Credit Card,2698,2,Yes,0,1
CUST101256,Sara Iyer,31,Male,293573.0,INR,68,Silver,2025-07-27,2025-11-18,Monthly,1444.66,21,19,2,Grocery,Ahmedabad,India,gmail.com,iOS,Debit Card,211,5,Yes,0,1
CUST101258, Ishaan Mehta ,11,Male,648622.0,INR,29,Silver,2022-07-08,2025-01-16,Monthly,1674.42,2,1,1,Grocery,Lucknow,India,rediffmail.com,iOS,Credit Card,604,3,No,1,1
CUST101259,Sai Sharma,45,Female,328219.0,INR,100,Basic,2021-01-06,2021-12-16,Monthly,2917.71,28,8,20,Home Decor,Delhi,India,gmail.com,Android,Cash,1116,4,No,0,1
CUST101260,Aarav Sinha,35,Female,443424.0,INR,39,Gold,2023-04-21,2024-10-01,Daily,9205.19,45,42,2,Food Court,Kolkata,India,gmail.com,iOS,Credit Card,1006,1,Yes,0,1
CUST101261,Aadhya Verma,30,Male,589570.0,USD,44,Gold,2023-08-18,2024-11-05,Rarely,1294.1,34,18,17,Gaming,Lucknow,India,gmail.com,Android,Upi,1402,1,Yes,0,1
CUST101262, Riya Sinha ,41,Female,428980.0,INR,54,Silver,2023-07-25,2025-11-07,Weekly,2632.02,31,13,18,Home Decor,Pune,India,company.com,iOS,Cash,1189,2,No,0,1
CUST101263,Vihaan Nair,22,Male,1474765.0,INR,67,Silver,2024-05-28,2026-03-20,Rarely,1568.62,11,8,4,Grocery,Lucknow,India,outlook.com,Android,Cash,1075,3,Yes,0,1
CUST101264,Ananya Nair,37,Female,347491.0,INR,58,Silver,2025-04-29,2026-01-05,Monthly,1576.93,107,77,31,Food Court,Hyderabad,India,outlook.com,iOS,Upi,1714,2,Yes,0,1
CUST101265,Vihaan Gupta,0,Female,703764.0,INR,65,Basic,2021-07-16,2022-10-03,Monthly,1166.39,3,1,1,Home Decor,Lucknow,India,company.com,iOS,Wallet,2387,3,Yes,0,1
CUST101266,Amit Gupta,33,Female,1843345.0,INR,50,Silver,2021-07-31,2021-11-12,Weekly,894.15,25,9,16,Electronics,Chennai,India,yahoo.com,Desktop,Credit Card,0,4,No,0,1
CUST101267, Vivaan Patel ,32,Female,1414690.0,INR,12,Gold,2024-10-27,2026-06-11,Monthly,1817.0349999999999,24,22,1,Beauty,Delhi,India,outlook.com,Android,Wallet,102,1,No,0,1
CUST101268,Aadhya Sinha,34,Female,686640.0,INR,82,Silver,2024-03-20,2024-09-23,Weekly,2868.54,16,3,13,Gaming,Kolkata,India,yahoo.com,iOS,Credit Card,1307,4,Yes,1,1
CUST_NEW0033,Amit Das,29,Female,585339.0,INR,68,Gold,2022-06-28,2024-05-23,Weekly,1156.78,36,2,33,Books,Hyderabad,India,yahoo.com,iOS,Debit Card,426,3,Yes,1,1
CUST101270,Kiara Rao,30,Male,185024.0,INR,57,Silver,2022-10-23,2023-07-20,Weekly,709.98,10,7,4,Beauty,Bangalore,India,company.com,Web,Cash,2000,4,No,0,1
CUST101271,Saanvi Khan,35,Female,715337.0,INR,16,Platinum,2025-01-21,2025-12-15,Monthly,1885.76,13,8,4,Beauty,Bengaluru,India,outlook.com,iOS,Cash,641,2,Yes,0,1
CUST101272,Ishaan Kapoor,47,Other,461839.0,INR,64,Platinum,2021-05-23,2022-03-22,Weekly,1010.19,33,8,26,Gaming,Pune,India,gmail.com,Android,Upi,1176,3,Yes,0,1
CUST101273,Priya Verma,35,Female,286522.0,INR,60,Gold,2024-01-27,2024-07-07,Rarely,3271.09,0,0,1,Books,Mumbai,India,outlook.com,Web,Cash,1003,3,Yes,0,1
CUST101274,Vihaan Joshi,25,Male,925466.0,INR,32,Silver,2021-06-26,2022-03-27,Rarely,1279.29,18,16,2,Books,Kolkata,India,rediffmail.com,iOS,Upi,1349,3,No,1,1
CUST101275,Vihaan Mehta,33,Male,658179.0,INR,47,Gold,2023-12-19,2024-01-02,Monthly,4793.48,58,33,26,Food Court,Delhi,India,outlook.com,Mobile,Wallet,1183,3,No,0,1
CUST101276,Sai Das,31,Male,1833209.0,USD,59,Silver,2024-06-10,2025-01-28,Monthly,4392.7,18,5,12,Fashion,Hyderabad,India,gmail.com,Android,Upi,1030,5,No,0,1
CUST101277,Vihaan Khan,14,Male,648622.0,INR,64,Silver,2021-03-11,2022-12-14,Daily,1411.21,16,14,2,Kids,Jaipur,India,rediffmail.com,Mobile,Card,661,5,No,0,1
CUST101278,Sara Chopra,10,Female,936406.0,USD,15,Silver,2022-08-31,2023-04-30,Monthly,2342.07,14,11,3,Food Court,Delhi,India,gmail.com,iOS,Upi,2378,2,No,1,1
CUST101279, Reyansh Chopra ,23,Male,695113.0,INR,21,Gold,2021-03-07,2023-08-01,Monthly,1316.57,5,3,1,Kids,Mumbai,India,gmail.com,iOS,Upi,934,4,Yes,1,1
CUST101280,Pooja Gupta,31,Female,586741.0,INR,53,Platinum,2023-04-08,2023-10-05,Rarely,988.64,21,3,18,Fashion,Mumbai,India,rediffmail.com,Android,Cash,1622,2,Yes,0,1
CUST101281,Vivaan Mehta,25,Female,364021.0,INR,78,Gold,2022-07-25,2022-07-26,Weekly,6777.79,8,6,1,Gaming,Pune,India,gmail.com,Desktop,Upi,2228,3,No,0,1
CUST101282,Aarav Nair,48,Female,648622.0,INR,86,Silver,2024-02-06,2024-06-27,Rarely,3478.44,16,8,9,Electronics,Mumbai,India,outlook.com,Mobile,Debit Card,1280,5,Yes,0,1
CUST101283,Neha Kumar,50,Other,583326.0,USD,71,Basic,2024-08-20,2026-04-21,Weekly,900.86,13,8,4,Fashion,Pune,India,company.com,Web,Debit Card,1829,4,Yes,0,1
CUST101284,Amit Reddy,43,Male,982801.0,INR,20,Platinum,2021-12-05,2022-06-02,Weekly,9922.93,37,36,2,Kids,Chennai,India,company.com,Mobile,Cash,1341,4,No,0,1
CUST101285,Pooja Kumar,23,Male,661460.0,INR,57,Basic,2022-04-22,2023-03-28,Weekly,1705.21,11,1,10,Fashion,Kolkata,India,gmail.com,Mobile,Credit Card,796,1,No,0,1
CUST101286,Neha Das,47,Female,1003295.0,INR,34,Silver,2023-09-02,2026-01-20,Weekly,1673.88,7,0,8,Gaming,Lucknow,India,yahoo.com,Desktop,Card,291,3,Yes,0,1
CUST101287,Reyansh Kumar,35,Male,648622.0,INR,56,Basic,2023-12-29,2025-05-03,Daily,1062.74,33,7,25,Gaming,Jaipur,India,gmail.com,iOS,Upi,2627,3,No,0,1
CUST101288,Sai Sharma,24,Male,248009.0,USD,26,Basic,2023-09-13,2025-03-03,Rarely,2222.81,15,3,12,Grocery,Jaipur,India,rediffmail.com,iOS,Wallet,2146,5,Yes,0,1
CUST101289,Sai Sinha,23,Male,648622.0,INR,27,Platinum,2023-06-21,2025-08-25,Weekly,978.12,14,1,12,Books,Ahmedabad,India,gmail.com,Web,Card,912,2,Yes,0,1
CUST101290,Ishaan Reddy,41,Female,829392.0,INR,13,Silver,2024-08-04,2025-07-01,Monthly,1591.01,4,0,5,Kids,Mumbai,India,rediffmail.com,iOS,Credit Card,2274,3,No,1,1
CUST101292,Reyansh Rao,37,Male,1016523.0,INR,69,Silver,2023-03-14,2024-10-05,Rarely,1195.73,11,8,4,Gaming,Lucknow,India,company.com,iOS,Card,239,4,Yes,0,1
CUST101293,Sai Chopra,29,Other,1050554.0,INR,54,Gold,2021-03-10,2021-03-10,Monthly,1291.38,59,46,12,Electronics,Mumbai,India,hotmail.com,Web,Upi,1556,5,Yes,1,0
CUST101294,Vihaan Das,27,Other,650580.0,INR,24,Silver,2021-07-19,2022-12-02,Rarely,1831.35,19,8,12,Gaming,Mumbai,India,yahoo.com,Web,Upi,1304,5,Yes,0,1
CUST101295, Amit Khan ,33,Female,648622.0,INR,34,Gold,2022-12-12,2024-09-21,Rarely,2213.48,5,1,5,Fashion,Lucknow,India,outlook.com,Web,Wallet,911,5,No,0,1
CUST101296,Kiara Reddy,29,Male,760446.0,USD,30,Platinum,2023-05-11,2025-03-06,Rarely,2366.55,7,5,3,Fashion,Lucknow,India,gmail.com,Android,Cash,822,4,Yes,0,1
CUST101297,Aditya Sinha,33,Female,1079854.0,INR,59,Platinum,2023-12-07,2024-09-19,Monthly,2466.53,17,6,10,Kids,Chennai,India,gmail.com,Desktop,Upi,1111,1,No,0,1
CUST101298,Saanvi Khan,28,Female,298983.0,USD,44,Silver,2023-03-25,2023-10-16,Weekly,2435.87,10,4,5,Kids,Pune,India,rediffmail.com,iOS,Upi,1500,5,No,0,1
CUST101299,Ira Verma,9,Male,1502515.0,INR,30,Basic,2023-11-09,2025-12-31,Weekly,405.49,6,2,4,Books,Bengaluru,India,gmail.com,Desktop,Upi,1136,3,No,0,1
CUST101300,Meera Nair,20,Male,1207475.0,INR,38,Basic,2021-09-15,2022-12-20,Weekly,2401.42,39,24,14,Kids,Bangalore,India,hotmail.com,Android,Credit Card,1633,4,Yes,0,1
CUST101301,Sara Patel,28,Male,439240.0,INR,69,Silver,2022-10-22,2022-10-22,Rarely,3596.38,29,27,2,Home Decor,Mumbai,India,outlook.com,Mobile,Card,1329,1,Yes,0,0
CUST101302,Saanvi Sharma,34,Female,1562770.0,INR,56,Silver,2022-02-20,2023-02-06,Monthly,1440.16,25,3,21,Grocery,Mumbai,India,gmail.com,iOS,Credit Card,594,3,No,0,1
CUST101303,Amit Mishra,58,Other,505824.0,INR,52,Silver,2022-10-16,2025-03-08,Weekly,1171.95,0,0,0,Food Court,Pune,India,outlook.com,Mobile,Upi,907,2,Yes,1,1
CUST101304,Ananya Das,35,Male,383417.0,INR,70,Silver,2025-07-15,2025-08-25,Weekly,3459.28,8,7,0,Electronics,Jaipur,India,gmail.com,Android,Upi,1157,3,No,0,1
CUST101306,Arjun Rao,8,Male,1132109.0,INR,52,Gold,2025-03-04,2025-12-27,Weekly,981.14,8,5,4,Sports,Lucknow,India,hotmail.com,Web,Credit Card,1218,4,No,1,1
CUST101307,Vivaan Nair,27,Male,955751.0,INR,74,Silver,2021-01-06,2021-03-20,Weekly,3490.62,4,2,2,Grocery,Mumbai,India,hotmail.com,Android,Upi,1109,3,No,0,1
CUST101308,Aadhya Khan,10,Female,1344005.0,USD,57,Silver,2023-09-12,2026-02-26,Monthly,533.49,15,6,8,Electronics,Hyderabad,India,gmail.com,iOS,Cash,1029,4,Yes,0,1
CUST101309,Vivaan Das,38,Male,149830.0,INR,38,Platinum,2021-12-24,2022-07-07,Daily,6866.28,3,1,1,Electronics,Kolkata,India,gmail.com,Web,Cash,1721,4,Yes,0,1
CUST101312,Kiara Singh,33,Female,600803.0,INR,48,Basic,2024-05-23,2025-03-23,Monthly,6898.01,9,4,5,Food Court,Ahmedabad,India,gmail.com,Web,Credit Card,1523,4,No,0,1
CUST101313,Ayaan Kumar,56,Female,511426.0,INR,53,Basic,2023-03-03,2025-04-21,Weekly,1817.0349999999999,1,0,2,Food Court,Delhi,India,gmail.com,Android,Upi,1743,3,Yes,1,1
CUST101314,Ananya Kapoor,29,Male,283218.0,INR,43,Platinum,2022-11-14,2023-07-11,Weekly,1020.78,5,2,2,Beauty,Kolkata,India,gmail.com,Android,Credit Card,344,3,Yes,0,1
CUST101315,Krishna Gupta,27,Other,224428.0,INR,75,Gold,2023-04-11,2024-07-04,Daily,3495.8,5,1,3,Food Court,Mumbai,India,hotmail.com,iOS,Card,854,5,Yes,0,1
CUST101316,Ananya Chopra,54,Male,532470.0,INR,85,Basic,2021-02-23,2021-08-30,Weekly,3307.3,50,9,41,Electronics,Jaipur,India,outlook.com,Android,Upi,979,1,No,1,1
CUST101317,Amit Das,40,Male,374265.0,INR,100,Silver,2022-03-07,2023-03-09,Rarely,889.23,11,2,9,Books,Mumbai,India,gmail.com,iOS,Upi,931,3,Yes,0,1
CUST101318,Saanvi Gupta,28,Male,779224.0,INR,72,Basic,2023-12-12,2025-10-15,Weekly,401.49,36,5,31,Home Decor,Mumbai,India,gmail.com,Android,Credit Card,516,1,No,0,1
CUST_NEW0034,Kiara Das,30,Male,620784.0,INR,60,Gold,2022-12-15,2023-03-28,Monthly,1367.6,5,2,2,Books,Bangalore,India,gmail.com,iOS,Cash,1974,3,No,0,1
CUST101320,Neha Chopra,44,Male,351687.0,INR,71,Silver,2024-06-13,2024-09-24,Weekly,1476.94,24,4,20,Sports,Pune,India,hotmail.com,Web,Upi,485,2,No,0,1
CUST101321,Ira Khan,27,Female,1671264.0,INR,64,Gold,2024-11-06,2025-01-03,Monthly,1842.92,9,5,3,Beauty,Bengaluru,India,outlook.com,Mobile,Wallet,440,1,Yes,0,1
CUST101322,Ira Verma,27,Male,648622.0,INR,64,Silver,2024-10-31,2025-08-09,Rarely,2904.25,27,5,23,Sports,Bengaluru,India,yahoo.com,Web,Upi,404,1,No,1,1
CUST101323,Neha Mishra,14,Other,331288.0,INR,71,Silver,2025-08-28,2026-03-14,Weekly,898.49,15,12,4,Electronics,Kolkata,India,gmail.com,Desktop,Upi,1754,5,No,0,1
CUST101324,Vihaan Mehta,28,Male,537372.0,INR,66,Silver,2022-10-19,2024-02-11,Rarely,1884.79,59,12,46,Kids,Delhi,India,gmail.com,iOS,Credit Card,1596,1,Yes,0,1
CUST101325,Rahul Verma,43,Female,1457168.0,INR,43,Silver,2024-06-09,2025-09-01,Rarely,9883.28,4,0,5,Food Court,Jaipur,India,company.com,iOS,Upi,1519,2,Yes,0,1
CUST101326,Reyansh Reddy,9,Male,319145.0,INR,31,Platinum,2022-10-13,2023-12-31,Monthly,1320.46,56,43,13,Gaming,Ahmedabad,India,gmail.com,Mobile,Cash,1002,5,Yes,1,1
CUST101327,Kiara Patel,37,Male,1682824.0,INR,68,Basic,2024-05-14,2024-05-14,Rarely,2061.93,12,5,7,Food Court,Bengaluru,India,gmail.com,Android,Upi,484,1,No,0,0
CUST101328,Vihaan Chopra,14,Other,461869.0,INR,88,Silver,2022-02-11,2024-01-31,Weekly,12185.3,50,28,22,Gaming,Jaipur,India,outlook.com,Web,Cash,1319,4,No,1,1
CUST101329,Vihaan Sharma,33,Male,1173724.0,INR,26,Basic,2021-06-03,2021-10-06,Rarely,2345.4,82,17,65,Home Decor,Ahmedabad,India,company.com,iOS,Debit Card,40,4,Yes,0,1
CUST101330, Arjun Verma ,0,Male,1162559.0,INR,29,Platinum,2023-02-06,2024-04-30,Daily,463.84,3,1,2,Beauty,Bengaluru,India,gmail.com,iOS,Credit Card,1317,1,Yes,1,1
CUST_NEW0035,Meera Gupta,33,Female,648622.0,USD,31,Gold,2022-01-18,2023-08-17,Monthly,2444.74,9,6,4,Kids,Hyderabad,India,gmail.com,Web,Upi,2159,5,Yes,0,1
CUST101332,Ira Rao,33,Other,775150.0,INR,39,Platinum,2022-11-16,2024-09-19,Rarely,2811.74,0,0,0,Kids,Pune,India,hotmail.com,Android,Cash,1708,1,No,0,1
CUST101333,Vihaan Joshi,32,Male,224084.0,INR,47,Gold,2025-07-06,2025-07-18,Weekly,1927.71,2,1,1,Home Decor,Mumbai,India,gmail.com,Web,Card,1431,5,Yes,0,1
CUST101334,Aditya Mehta,46,Female,844797.0,USD,54,Basic,2021-08-31,2022-03-09,Weekly,1923.88,41,1,40,Gaming,Pune,India,rediffmail.com,Web,Upi,1315,5,Yes,0,1
CUST101335,Meera Chopra,48,Female,501049.0,INR,18,Silver,2022-11-03,2024-08-06,Monthly,1817.0349999999999,12,9,3,Beauty,Hyderabad,India,gmail.com,iOS,Cash,1065,1,Yes,0,1
CUST101336,Arjun Khan,31,Male,985980.0,USD,41,Gold,2021-07-28,2022-12-16,Rarely,3583.82,1,0,1,Food Court,Ahmedabad,India,gmail.com,Web,Debit Card,1026,1,Yes,0,1
CUST101337,Rahul Mishra,50,Female,745561.0,INR,57,Basic,2024-11-10,2024-11-18,Weekly,1057.78,73,37,36,Electronics,Pune,India,yahoo.com,Web,Card,1735,5,Yes,0,1
CUST101338,Kiara Sharma,24,Male,996605.0,INR,70,Silver,2023-11-14,2026-03-12,Daily,5906.55,17,9,8,Grocery,Chennai,India,yahoo.com,iOS,Wallet,1231,3,Yes,0,1
CUST101339,Meera Khan,46,Female,648622.0,INR,51,Silver,2022-03-13,2023-01-15,Rarely,1251.48,42,10,32,Electronics,Chennai,India,rediffmail.com,Android,Upi,0,5,No,1,1
CUST101340,Ananya Kapoor,25,Female,571837.0,INR,57,Silver,2021-08-12,2022-06-30,Rarely,1064.55,43,35,9,Electronics,Pune,India,hotmail.com,iOS,Upi,283,3,Yes,0,1
CUST101341,Sara Kumar,30,Male,2118924.0,INR,20,Silver,2025-05-05,2025-09-18,Monthly,1685.05,5,3,2,Food Court,Pune,India,gmail.com,Web,Upi,1148,2,No,0,1
CUST101342,Vihaan Sharma,36,Male,295355.0,INR,50,Platinum,2022-05-31,2023-12-30,Rarely,637.72,18,8,11,Books,Kolkata,India,rediffmail.com,Web,Debit Card,2471,5,No,1,1
CUST101343,Arjun Iyer,55,Female,602523.0,INR,9,Platinum,2021-08-18,2022-02-19,Monthly,2760.53,6,4,2,Sports,Kolkata,India,gmail.com,Android,Credit Card,1148,1,Yes,0,1
CUST101345,Krishna Iyer,28,Male,889070.0,INR,65,Silver,2023-09-24,2025-01-26,Rarely,3186.12,11,8,4,Grocery,Kolkata,India,outlook.com,Android,Cash,381,4,Yes,0,1
CUST101346,Aadhya Nair,24,Female,706637.0,INR,55,Platinum,2023-07-19,2025-02-05,Monthly,597.05,8,3,5,Grocery,Jaipur,India,company.com,iOS,Card,240,1,No,0,1
CUST101347,Diya Singh,38,Female,1208462.0,USD,68,Silver,2021-03-25,2022-03-10,Rarely,1817.0349999999999,18,6,13,Grocery,Lucknow,India,gmail.com,iOS,Credit Card,543,4,Yes,0,1
CUST101348,Aarav Singh,37,Other,1210208.0,INR,7,Silver,2023-10-16,2025-02-21,Weekly,1729.09,28,18,9,Fashion,Delhi,India,company.com,Web,Upi,1564,5,Yes,0,1
CUST101349,Aadhya Nair,40,Male,648622.0,INR,38,Silver,2024-10-11,2026-03-29,Rarely,2676.22,14,7,7,Sports,Mumbai,India,company.com,Web,Upi,649,3,Yes,1,1
CUST101350, Priya Reddy ,29,Male,1112086.0,INR,88,Silver,2024-12-07,2026-02-19,Monthly,1817.0349999999999,11,6,5,Beauty,Pune,India,gmail.com,Web,Debit Card,2438,5,Yes,0,1
CUST101351,Sara Das,43,Female,424163.0,INR,58,Silver,2025-07-24,2026-06-20,Rarely,689.11,21,3,17,Electronics,Mumbai,India,company.com,Web,Card,2120,3,Yes,0,1
CUST101352,Meera Reddy,44,Male,811346.0,INR,68,Gold,2022-08-17,2023-11-23,Daily,6898.17,6,4,2,Beauty,Delhi,India,gmail.com,iOS,Card,676,4,Yes,0,1
CUST101353,Aarav Mehta,35,Male,836862.0,INR,64,Basic,2023-10-21,2024-09-25,Weekly,6572.42,17,0,17,Beauty,Hyderabad,India,gmail.com,iOS,Debit Card,1071,4,Yes,0,1
CUST101354,Neha Mehta,14,Female,1418469.0,USD,41,Gold,2021-05-18,2023-02-07,Rarely,986.14,42,7,35,Fashion,Hyderabad,India,outlook.com,iOS,Card,1084,4,No,1,1
CUST101355,Priya Kumar,40,Male,1538024.0,INR,23,Gold,2023-02-25,2024-08-11,Rarely,740.66,7,4,2,Kids,Ahmedabad,India,gmail.com,Android,Upi,2650,3,No,1,1
CUST101356,Amit Khan,56,Other,387747.0,USD,40,Basic,2024-06-22,2025-04-23,Monthly,6005.07,4,3,2,Beauty,Delhi,India,gmail.com,Desktop,Cash,2107,5,Yes,0,1
CUST101357,Reyansh Mehta,52,Female,980529.0,INR,36,Platinum,2022-10-14,2024-12-25,Monthly,6495.53,44,4,39,Kids,Jaipur,India,outlook.com,Android,Upi,387,4,No,0,1
CUST101358, Aarav Joshi ,36,Male,352454.0,INR,64,Platinum,2022-11-19,2024-07-26,Weekly,1096.57,7,5,2,Gaming,Mumbai,India,gmail.com,Web,Credit Card,735,5,Yes,0,1
CUST101359,Ayaan Singh,58,Female,1130822.0,INR,60,Silver,2023-08-11,2024-11-12,Rarely,964.33,0,0,0,Grocery,Lucknow,India,outlook.com,Mobile,Wallet,940,4,No,1,1
CUST101360,Neha Das,31,Female,648622.0,INR,36,Platinum,2021-02-07,2023-01-02,Rarely,1817.0349999999999,25,0,25,Electronics,Bengaluru,India,hotmail.com,Web,Wallet,2559,4,No,0,1
CUST101361,Myra Iyer,37,Female,2075869.0,INR,60,Silver,2021-06-23,2021-11-30,Rarely,546.54,89,78,11,Fashion,Hyderabad,India,hotmail.com,iOS,Upi,712,3,Yes,0,1
CUST101362,Ayaan Singh,41,Male,361416.0,INR,9,Basic,2024-06-26,2024-11-05,Weekly,1517.82,1,0,1,Beauty,Hyderabad,India,company.com,Android,Debit Card,1071,1,Yes,1,1
CUST101363,Amit Kumar,33,Male,827147.0,INR,100,Silver,2024-06-12,2026-04-04,Monthly,715.59,1,0,1,Books,Mumbai,India,rediffmail.com,Web,Credit Card,488,3,No,0,1
CUST101364,Ishaan Sinha,23,Female,421681.0,INR,49,Silver,2023-05-11,2025-08-02,Daily,1527.61,1,0,1,Sports,Kolkata,India,outlook.com,iOS,Debit Card,1546,3,No,0,1
CUST101365,Myra Patel,40,Female,641261.0,INR,79,Silver,2022-07-27,2024-11-27,Monthly,1619.77,27,3,24,Food Court,Bengaluru,India,rediffmail.com,iOS,Wallet,513,1,No,1,1
CUST101366,Amit Singh,41,Male,517274.0,INR,42,Platinum,2021-08-16,2022-08-14,Weekly,972.41,3,2,2,Beauty,Mumbai,India,gmail.com,iOS,Cash,1730,5,Yes,0,1
CUST101367,Rahul Joshi,49,Male,1200699.0,INR,43,Gold,2023-01-07,2024-07-18,Weekly,2021.27,8,7,1,Books,Chennai,India,hotmail.com,iOS,Credit Card,2341,1,Yes,0,1
CUST101368,Priya Kapoor,41,Male,489532.0,USD,41,Gold,2021-03-30,2021-09-10,Monthly,1238.08,2,1,2,Food Court,Jaipur,India,rediffmail.com,iOS,Wallet,1226,4,No,0,1
CUST101369,Pooja Patel,35,Male,823629.0,INR,70,Platinum,2021-05-13,2021-09-01,Rarely,3571.68,14,10,4,Fashion,Pune,India,company.com,Android,Upi,667,1,Yes,0,1
CUST101370,Krishna Nair,43,Other,285144.0,USD,38,Silver,2024-04-12,2025-02-18,Rarely,1153.28,41,8,32,Food Court,Hyderabad,India,gmail.com,iOS,Wallet,0,5,Yes,0,1
CUST101371,Neha Das,60,Male,1873267.0,USD,54,Basic,2024-03-29,2025-11-28,Daily,3299.65,3,2,1,Sports,Chennai,India,rediffmail.com,Web,Credit Card,1659,4,No,0,1
CUST101372,Sai Mishra,25,Male,791782.0,INR,1,Platinum,2024-07-15,2025-07-02,Weekly,2477.88,5,2,2,Sports,Bangalore,India,outlook.com,Desktop,Cash,1391,3,No,0,1
CUST101374,Rahul Kumar,40,Male,546862.0,INR,56,Silver,2024-06-20,2024-06-20,Monthly,2240.66,7,3,5,Grocery,Kolkata,India,gmail.com,Desktop,Upi,1356,5,No,0,0
CUST101375,Priya Mishra,36,Male,648622.0,INR,52,Gold,2021-10-18,2022-02-22,Daily,4841.04,11,8,2,Beauty,Bangalore,India,gmail.com,iOS,Credit Card,1507,4,No,0,1
CUST101377,Kiara Patel,23,Male,1040171.0,INR,57,Silver,2024-10-21,2024-11-24,Weekly,461.99,12,0,13,Grocery,Lucknow,India,gmail.com,Web,Debit Card,777,3,No,1,1
CUST101378,Meera Gupta,45,Female,590697.0,INR,40,Silver,2021-07-16,2023-08-06,Weekly,1843.66,5,0,6,Beauty,Jaipur,India,yahoo.com,iOS,Cash,1222,3,No,0,1
CUST101379,Neha Das,37,Other,731198.0,INR,36,Platinum,2025-02-16,2025-03-19,Rarely,937.47,1,0,2,Grocery,Chennai,India,gmail.com,Android,Credit Card,0,1,No,0,1
CUST101380,Neha Sinha,29,Male,368947.0,USD,72,Silver,2024-12-21,2026-03-06,Rarely,2778.94,33,24,9,Fashion,Lucknow,India,outlook.com,iOS,Upi,2446,1,No,1,1
CUST101381,Arjun Iyer,35,Male,1440889.0,INR,51,Platinum,2022-05-23,2022-08-23,Rarely,11167.03,12,26,2,Grocery,Delhi,India,company.com,Desktop,Wallet,511,5,Yes,0,1
CUST101382,Krishna Gupta,37,Male,1147469.0,INR,57,Silver,2022-09-24,2022-12-02,Monthly,775.68,5,4,0,Kids,Ahmedabad,India,gmail.com,iOS,Upi,838,1,No,0,1
CUST101383,Reyansh Singh,0,Female,1957139.0,INR,80,Gold,2024-11-30,2024-11-30,Daily,380.71,7,0,8,Grocery,Bengaluru,India,outlook.com,iOS,Upi,1723,5,No,0,0
CUST101384,Myra Mishra,42,Male,941684.0,INR,64,Silver,2022-08-12,2024-05-03,Rarely,1817.0349999999999,14,1,13,Kids,Pune,India,outlook.com,iOS,Credit Card,1175,5,No,0,1
CUST101385,Diya Mehta,30,Female,640584.0,INR,50,Platinum,2024-02-21,2024-09-16,Monthly,993.63,26,12,14,Books,Bengaluru,India,company.com,iOS,Upi,1241,1,Yes,0,1
CUST101386,Krishna Sharma,41,Other,1137683.0,INR,56,Basic,2022-07-14,2022-12-06,Monthly,1810.5,46,45,0,Home Decor,Ahmedabad,India,gmail.com,Android,Credit Card,643,5,Yes,0,1
CUST101387,Priya Kumar,33,Male,648622.0,INR,42,Gold,2021-08-21,2021-08-21,Rarely,4194.14,4,3,0,Gaming,Lucknow,India,rediffmail.com,iOS,Upi,49,3,Yes,0,0
CUST101389,Krishna Joshi,26,Female,1004722.0,INR,47,Silver,2022-06-28,2023-10-11,Weekly,5275.73,10,6,4,Books,Jaipur,India,company.com,Android,Cash,555,4,Yes,1,1
CUST101390,Ishaan Joshi,33,Female,648622.0,INR,35,Platinum,2021-06-04,2021-08-07,Rarely,915.63,2,0,2,Sports,Delhi,India,hotmail.com,Mobile,Cash,166,2,Yes,0,1
CUST101391,Ishaan Kumar,41,Female,537513.0,INR,62,Gold,2023-03-04,2023-03-04,Monthly,885.81,2,1,1,Grocery,Chennai,India,rediffmail.com,Web,Credit Card,1562,4,No,0,0
CUST101392,Aarav Sinha,33,Female,705374.0,INR,85,Silver,2023-05-28,2025-11-11,Rarely,4519.65,24,21,4,Fashion,Kolkata,India,gmail.com,iOS,Cash,103,3,No,0,1
CUST101393,Ananya Khan,42,Female,851315.0,INR,46,Gold,2024-07-29,2025-03-03,Monthly,897.76,23,10,13,Grocery,Jaipur,India,company.com,Web,Wallet,1524,3,No,0,1
CUST101394,Reyansh Khan,30,Male,292497.0,INR,39,Silver,2025-07-14,2025-08-08,Monthly,2911.29,2,1,1,Electronics,Jaipur,India,hotmail.com,Mobile,Upi,1427,1,Yes,0,1
CUST101395, Vihaan Kumar ,22,Male,257730.0,INR,68,Silver,2021-03-03,2021-09-05,Monthly,1884.66,9,2,7,Home Decor,Ahmedabad,India,gmail.com,Android,Wallet,634,3,Yes,0,1
CUST101396,Ira Kumar,29,Male,376540.0,INR,64,Basic,2022-01-25,2024-06-13,Daily,3330.1,9,7,2,Kids,Lucknow,India,company.com,iOS,Upi,2036,2,No,0,1
CUST101397,Saanvi Mehta,10,Female,571612.0,INR,38,Silver,2024-01-17,2024-08-22,Weekly,1647.75,19,5,14,Books,Kolkata,India,gmail.com,iOS,Upi,1670,4,Yes,0,1
CUST101398,Aditya Das,33,Male,833231.0,INR,17,Platinum,2023-02-17,2024-12-20,Monthly,6986.25,0,0,0,Beauty,Delhi,India,gmail.com,iOS,Credit Card,1875,3,No,1,1
CUST101399,Riya Nair,49,Female,1717821.0,INR,62,Silver,2022-06-29,2022-11-19,Monthly,15103.24,6,3,3,Gaming,Jaipur,India,gmail.com,Web,Wallet,1478,3,No,0,1
CUST101400, Neha Mehta ,43,Female,1093443.0,INR,100,Silver,2023-08-26,2024-06-23,Rarely,5733.36,84,11,73,Gaming,Bangalore,India,company.com,iOS,Credit Card,1491,4,Yes,1,1
CUST101401,Vivaan Iyer,52,Female,895202.0,INR,48,Platinum,2023-12-24,2025-11-27,Weekly,1480.34,15,9,6,Gaming,Jaipur,India,company.com,Android,Wallet,1513,2,Yes,0,1
CUST101403,Diya Rao,30,Female,517753.0,INR,66,Gold,2024-09-11,2024-12-25,Rarely,728.96,6,2,4,Books,Lucknow,India,hotmail.com,Android,Credit Card,1414,5,No,0,1
CUST101404,Sai Gupta,36,Female,1173772.0,INR,1,Silver,2024-07-26,2026-06-14,Weekly,3932.3,8,4,5,Home Decor,Pune,India,rediffmail.com,Web,Credit Card,885,4,Yes,0,1
CUST101405,Vihaan Kapoor,32,Female,218662.0,INR,53,Silver,2025-04-25,2025-07-15,Rarely,3080.1,7,1,5,Books,Bengaluru,India,yahoo.com,Desktop,Card,248,5,No,0,1
CUST101406,Aarav Joshi,42,Female,599387.0,INR,31,Silver,2021-02-17,2021-11-09,Monthly,3491.15,31,16,14,Kids,Kolkata,India,company.com,iOS,Card,1521,3,No,0,1
CUST101407,Vihaan Iyer,24,Female,1054916.0,INR,47,Silver,2022-10-11,2023-04-08,Rarely,2703.63,9,3,5,Grocery,Hyderabad,India,gmail.com,Web,Credit Card,1513,5,No,1,1
CUST101408,Ira Verma,49,Female,342935.0,INR,82,Basic,2022-07-18,2022-07-20,Monthly,818.56,56,2,53,Grocery,Pune,India,gmail.com,iOS,Upi,839,4,Yes,0,1
CUST101409,Aditya Mishra,41,Female,521927.0,INR,51,Basic,2023-01-04,2024-10-26,Rarely,1838.79,8,6,1,Grocery,Delhi,India,outlook.com,Android,Debit Card,987,5,No,0,1
CUST101410,Reyansh Joshi,45,Male,693195.0,INR,8,Silver,2022-10-10,2024-08-23,Rarely,1441.18,28,0,29,Electronics,Jaipur,India,gmail.com,Web,Card,1713,2,No,1,1
CUST101411,Sara Rao,0,Male,659907.0,INR,87,Platinum,2022-11-08,2024-12-11,Rarely,8403.97,4,1,2,Beauty,Jaipur,India,gmail.com,iOS,Credit Card,2553,5,Yes,0,1
CUST101412, Neha Mishra ,49,Female,648622.0,USD,9,Platinum,2021-11-04,2022-08-07,Weekly,1643.89,12,0,7,Gaming,Ahmedabad,India,outlook.com,iOS,Credit Card,819,1,No,0,1
CUST101413,Riya Nair,39,Male,360134.0,INR,72,Silver,2025-03-10,2026-06-15,Rarely,742.27,45,5,40,Grocery,Hyderabad,India,outlook.com,Android,Cash,1443,4,No,0,1
CUST101414,Amit Mehta,41,Female,648622.0,USD,31,Silver,2022-04-19,2023-07-10,Daily,4367.31,5,0,4,Gaming,Chennai,India,gmail.com,Mobile,Credit Card,1488,3,No,0,1
CUST101415,Rahul Sinha,36,Female,662532.0,INR,37,Basic,2024-12-11,2025-12-18,Monthly,1094.81,31,8,23,Books,Hyderabad,India,rediffmail.com,Mobile,Credit Card,836,1,No,0,1
CUST101416,Ishaan Joshi,39,Female,267135.0,INR,87,Silver,2021-10-18,2022-04-01,Weekly,1059.74,27,25,1,Gaming,Pune,India,gmail.com,iOS,Upi,648,3,Yes,0,1
CUST101417,Vivaan Singh,30,Male,717218.0,INR,59,Silver,2022-10-20,2024-02-01,Monthly,1993.32,11,3,9,Grocery,Pune,India,gmail.com,Web,Upi,966,4,Yes,0,1
CUST101418,Neha Verma,33,Male,1067183.0,INR,36,Platinum,2023-03-13,2024-02-22,Weekly,2385.38,43,15,28,Gaming,Bengaluru,India,outlook.com,iOS,Credit Card,1902,5,No,0,1
CUST101419,Ishaan Nair,36,Male,1225345.0,INR,60,Platinum,2025-04-14,2025-08-23,Daily,973.49,3,0,4,Gaming,Jaipur,India,rediffmail.com,Web,Credit Card,2068,3,No,0,1
CUST101420,Ayaan Nair,47,Female,308969.0,INR,76,Platinum,2024-05-05,2025-11-27,Rarely,3378.54,2,0,2,Sports,Pune,India,gmail.com,Android,Card,978,1,No,0,1
CUST101421,Ayaan Joshi,33,Male,274817.0,USD,98,Basic,2024-10-24,2025-10-07,Weekly,929.2,14,13,2,Gaming,Jaipur,India,gmail.com,Desktop,Cash,0,2,No,0,1
CUST101422,Ishaan Rao,22,Male,789465.0,INR,66,Platinum,2023-01-07,2023-12-22,Weekly,2004.14,31,23,8,Food Court,Chennai,India,outlook.com,Web,Wallet,699,2,No,0,1
CUST101423,Diya Mehta,35,Male,252019.0,USD,74,Silver,2025-06-22,2026-05-06,Monthly,5776.51,25,6,19,Kids,Mumbai,India,outlook.com,Mobile,Wallet,784,5,No,1,1
CUST101424,Amit Kumar,57,Male,770717.0,USD,77,Silver,2024-07-22,2024-11-23,Monthly,1454.3,79,10,70,Fashion,Mumbai,India,outlook.com,Web,Upi,775,5,Yes,1,1
CUST101426,Ananya Verma,37,Other,691461.0,INR,82,Silver,2022-06-25,2023-07-13,Monthly,1618.81,10,9,1,Grocery,Delhi,India,gmail.com,iOS,Upi,795,5,Yes,0,1
CUST101427,Amit Verma,37,Female,1045045.0,INR,45,Basic,2023-10-30,2025-09-01,Rarely,2035.56,12,10,2,Gaming,Chennai,India,rediffmail.com,Desktop,Debit Card,1214,2,No,0,1
CUST101428,Rahul Kapoor,34,Other,1428020.0,INR,34,Gold,2023-11-24,2025-03-02,Weekly,1554.64,12,9,2,Sports,Kolkata,India,company.com,Web,Card,976,1,No,0,1
CUST101429,Priya Khan,33,Male,861363.0,INR,73,Platinum,2024-04-21,2024-04-21,Rarely,1317.22,13,0,13,Books,Hyderabad,India,gmail.com,Web,Card,2801,3,No,0,0
CUST101430,Sara Sharma,42,Female,336039.0,USD,55,Gold,2021-06-02,2023-07-28,Daily,2091.79,12,7,5,Sports,Mumbai,India,gmail.com,iOS,Upi,1359,1,Yes,1,1
CUST101431,Diya Verma,49,Female,317766.0,INR,40,Gold,2025-08-23,2025-10-11,Daily,1972.98,1,0,1,Fashion,Hyderabad,India,outlook.com,Desktop,Upi,178,1,Yes,0,1
CUST101432,Meera Kumar,39,Female,434291.0,INR,38,Basic,2023-04-16,2023-05-13,Daily,4071.04,13,11,3,Home Decor,Kolkata,India,gmail.com,Mobile,Upi,646,5,Yes,0,1
CUST101433,Ira Kumar,33,Female,1420793.0,INR,84,Basic,2022-11-07,2024-10-10,Rarely,1207.61,24,1,24,Fashion,Jaipur,India,gmail.com,iOS,Wallet,1447,1,Yes,0,1
CUST101435,Aadhya Khan,41,Female,785392.0,INR,77,Basic,2023-06-10,2024-04-28,Weekly,5017.92,14,4,9,Books,Mumbai,India,yahoo.com,iOS,Wallet,1189,4,No,0,1
CUST101436,Sara Mishra,35,Female,189320.0,INR,39,Platinum,2024-10-28,2024-11-29,Weekly,901.53,11,6,4,Gaming,Ahmedabad,India,company.com,Android,Debit Card,1278,3,No,0,1
CUST101437,Saanvi Chopra,38,Male,287008.0,INR,42,Silver,2023-02-03,2024-08-17,Rarely,921.9,2,1,2,Electronics,Ahmedabad,India,hotmail.com,Android,Upi,1160,3,Yes,0,1
CUST101438, Vihaan Sinha ,24,Male,630629.0,INR,81,Basic,2023-04-30,2023-10-19,Monthly,2809.71,7,1,6,Home Decor,Bengaluru,India,yahoo.com,Web,Upi,988,2,Yes,0,1
CUST101439,Ayaan Mehta,56,Female,234302.0,INR,61,Silver,2023-11-05,2025-04-02,Rarely,2139.6,23,15,7,Grocery,Kolkata,India,gmail.com,Android,Upi,1915,2,Yes,0,1
CUST101440,Pooja Mishra,50,Female,831856.0,INR,41,Gold,2022-10-18,2023-03-12,Daily,440.05,12,10,2,Food Court,Pune,India,gmail.com,iOS,Credit Card,1762,4,Yes,0,1
CUST101441,Sara Patel,33,Male,437680.0,INR,100,Silver,2025-11-03,2026-02-03,Rarely,2398.2,8,7,0,Fashion,Delhi,India,gmail.com,Desktop,Upi,1067,1,No,0,1
CUST101442,Ishaan Patel,45,Male,939331.0,INR,62,Platinum,2023-02-28,2024-12-20,Monthly,736.42,11,3,7,Gaming,Kolkata,India,company.com,Android,Upi,1316,5,No,1,1
CUST101444,Reyansh Verma,34,Female,1604211.0,INR,74,Platinum,2021-07-23,2023-10-27,Rarely,1022.97,10,1,9,Fashion,Bangalore,India,gmail.com,iOS,Card,658,5,Yes,0,1
CUST101445,Diya Kapoor,38,Male,946220.0,INR,83,Basic,2024-09-21,2026-02-21,Rarely,2286.94,16,10,7,Gaming,Delhi,India,rediffmail.com,iOS,Card,1218,5,Yes,1,1
CUST101446, Meera Kapoor ,60,Other,584897.0,INR,26,Basic,2024-11-15,2025-05-24,Rarely,1201.67,13,12,2,Food Court,Pune,India,yahoo.com,Web,Credit Card,0,2,Yes,0,1
CUST101447,Ishaan Mishra,26,Male,468131.0,INR,23,Silver,2025-07-31,2025-11-04,Monthly,978.52,39,37,2,Gaming,Kolkata,India,gmail.com,Mobile,Upi,2536,3,No,1,1
CUST101448,Vihaan Sinha,31,Other,306923.0,USD,74,Gold,2025-04-07,2025-04-07,Weekly,3123.64,8,2,6,Electronics,Hyderabad,India,gmail.com,Android,Upi,855,4,No,0,0
CUST101449,Priya Sinha,31,Male,648622.0,INR,49,Platinum,2021-01-14,2022-08-17,Daily,1068.13,5,2,3,Kids,Delhi,India,gmail.com,Android,Debit Card,2814,3,No,1,1
CUST101450,Sai Joshi,2,Female,429581.0,INR,60,Silver,2024-01-28,2024-01-28,Monthly,1661.1,21,16,5,Fashion,Hyderabad,India,company.com,iOS,Credit Card,1103,4,Yes,1,0
CUST101452,Ira Mishra,30,Other,695417.0,USD,63,Silver,2025-06-22,2025-09-11,Weekly,1337.43,1,0,0,Gaming,Lucknow,India,outlook.com,iOS,Card,1854,3,No,0,1
CUST101453,Vivaan Sinha,31,Female,776629.0,INR,29,Silver,2025-01-07,2026-03-10,Daily,493.82,13,5,7,Sports,Pune,India,gmail.com,iOS,Upi,1884,1,Yes,0,1
CUST101454,Priya Das,21,Other,1068903.0,INR,65,Silver,2022-08-09,2025-01-20,Monthly,1081.95,28,4,25,Gaming,Kolkata,India,gmail.com,Web,Upi,2030,3,Yes,1,1
CUST101455,Pooja Mishra,33,Female,932496.0,INR,39,Silver,2024-10-16,2026-03-15,Rarely,3381.78,66,63,3,Sports,Lucknow,India,outlook.com,Android,Card,1727,3,Yes,0,1
CUST101456,Arjun Iyer,16,Male,1557620.0,INR,75,Gold,2021-12-12,2023-09-29,Weekly,1790.45,3,0,3,Gaming,Chennai,India,gmail.com,iOS,Debit Card,1189,3,Yes,0,1
CUST101457,Amit Verma,33,Male,726926.0,INR,93,Platinum,2021-04-23,2022-03-02,Monthly,526.14,33,0,33,Electronics,Pune,India,outlook.com,iOS,Upi,789,1,No,0,1
CUST101458,Ishaan Iyer,33,Female,648622.0,INR,66,Gold,2024-11-14,2025-08-02,Weekly,1545.52,22,17,4,Home Decor,Bengaluru,India,gmail.com,iOS,Card,1279,2,Yes,1,1
CUST101459,Aadhya Singh,20,Female,389897.0,INR,37,Platinum,2025-07-28,2025-08-11,Daily,4185.62,23,18,6,Books,Bengaluru,India,company.com,iOS,Credit Card,1605,4,No,0,1
CUST101460,Saanvi Sinha,51,Other,544555.0,INR,48,Platinum,2022-10-20,2025-01-13,Rarely,5503.12,0,0,0,Grocery,Mumbai,India,outlook.com,iOS,Upi,1679,1,Yes,0,1
CUST101461,Pooja Rao,30,Female,666583.0,INR,60,Basic,2025-03-30,2025-04-08,Monthly,1273.31,1,0,1,Beauty,Mumbai,India,hotmail.com,iOS,Upi,1787,4,Yes,0,1
CUST101462,Meera Sinha,32,Female,648622.0,INR,58,Basic,2021-03-30,2023-01-17,Monthly,1825.24,71,12,58,Grocery,Delhi,India,gmail.com,Web,Upi,1507,3,No,0,1
CUST101463, Ananya Khan ,32,Female,345402.0,INR,84,Silver,2022-07-07,2022-11-18,Weekly,6779.01,1,0,1,Beauty,Chennai,India,hotmail.com,iOS,Upi,1506,5,Yes,0,1
CUST101464,Diya Joshi,23,Female,252824.0,INR,47,Basic,2021-08-04,2021-10-28,Daily,1470.1,2,1,1,Books,Bengaluru,India,gmail.com,Desktop,Card,1518,4,Yes,0,1
CUST101465,Vivaan Mishra,31,Female,1009704.0,USD,41,Basic,2023-03-16,2023-07-19,Rarely,1280.25,8,3,6,Gaming,Mumbai,India,rediffmail.com,Web,Cash,715,4,No,0,1
CUST101466,Vivaan Nair,44,Female,1436416.0,INR,47,Gold,2021-05-22,2022-10-15,Rarely,1480.73,13,12,1,Books,Lucknow,India,gmail.com,Android,Credit Card,1545,1,Yes,0,1
CUST101467,Amit Khan,27,Male,646310.0,USD,91,Basic,2021-02-22,2021-09-18,Rarely,519.09,56,47,10,Beauty,Kolkata,India,company.com,Mobile,Debit Card,1552,5,Yes,0,1
CUST101468,Neha Mehta,32,Male,523925.0,INR,53,Basic,2021-02-27,2021-08-06,Weekly,2391.01,9,6,4,Electronics,Kolkata,India,gmail.com,iOS,Upi,2204,3,Yes,0,1
CUST101469,Ishaan Kapoor,44,Male,393431.0,INR,42,Platinum,2025-04-15,2025-11-14,Monthly,2946.65,12,0,12,Grocery,Chennai,India,company.com,Web,Upi,581,4,Yes,0,1
CUST101470,Aarav Khan,31,Other,500068.0,USD,75,Silver,2022-11-03,2023-08-20,Weekly,3412.68,18,12,6,Kids,Hyderabad,India,gmail.com,Android,Debit Card,1498,5,Yes,0,1
CUST101471,Rahul Chopra,14,Female,711469.0,INR,65,Gold,2024-11-06,2025-08-08,Monthly,12341.25,15,3,12,Food Court,Jaipur,India,gmail.com,iOS,Debit Card,913,5,No,1,1
CUST101472,Arjun Gupta,43,Male,1469169.0,INR,97,Platinum,2022-05-27,2023-07-04,Weekly,1178.16,4,3,1,Home Decor,Delhi,India,company.com,iOS,Debit Card,0,2,No,0,1
CUST101473,Rahul Khan,31,Female,579735.0,INR,65,Basic,2024-09-11,2025-10-10,Weekly,1412.81,17,13,5,Sports,Ahmedabad,India,yahoo.com,Web,Credit Card,2021,3,Yes,0,1
CUST101474,Vivaan Joshi,37,Male,781072.0,INR,35,Silver,2023-03-29,2024-08-18,Weekly,1073.6,20,4,16,Grocery,Kolkata,India,gmail.com,Web,Credit Card,92,1,Yes,0,1
CUST101475,Saanvi Rao,30,Female,708537.0,INR,19,Platinum,2023-07-14,2024-03-09,Rarely,1784.35,6,1,6,Kids,Jaipur,India,gmail.com,Web,Upi,2265,1,Yes,1,1
CUST101476,Saanvi Mishra,33,Female,926992.0,INR,37,Silver,2022-04-24,2024-09-17,Weekly,522.32,54,33,21,Food Court,Pune,India,gmail.com,Web,Credit Card,1776,5,Yes,0,1
CUST101477, Riya Chopra ,39,Male,2060895.0,INR,1,Basic,2023-05-11,2026-04-16,Monthly,2922.12,0,0,1,Kids,Kolkata,India,gmail.com,iOS,Upi,1282,4,No,1,1
CUST101478,Krishna Patel,33,Other,343219.0,INR,39,Basic,2023-04-11,2025-06-12,Rarely,1993.87,0,0,0,Sports,Lucknow,India,yahoo.com,Android,Upi,941,3,No,0,1
CUST101479,Aditya Verma,28,Male,496389.0,USD,62,Silver,2022-04-22,2023-03-31,Rarely,1977.68,3,2,2,Home Decor,Mumbai,India,gmail.com,iOS,Credit Card,533,1,Yes,0,1
CUST101480,Sara Singh,20,Female,1391555.0,USD,64,Silver,2021-02-11,2021-11-21,Rarely,733.5,2,0,3,Sports,Ahmedabad,India,yahoo.com,iOS,Wallet,1559,5,No,0,1
CUST101481,Priya Kapoor,28,Female,264489.0,INR,57,Silver,2025-05-19,2025-07-14,Weekly,1499.32,3,0,4,Food Court,Ahmedabad,India,gmail.com,iOS,Upi,437,3,No,0,1
CUST101482,Riya Nair,18,Female,1037618.0,INR,20,Platinum,2022-10-09,2023-05-29,Rarely,2646.59,3,1,3,Kids,Mumbai,India,gmail.com,iOS,Upi,134,1,No,1,1
CUST101483,Ishaan Mishra,43,Male,936082.0,INR,57,Platinum,2022-06-11,2022-06-11,Rarely,1888.77,2,1,0,Electronics,Mumbai,India,outlook.com,iOS,Wallet,1034,5,Yes,0,0
CUST101484,Aditya Kumar,34,Female,254097.0,INR,94,Gold,2021-05-18,2023-09-09,Rarely,5313.27,47,19,29,Kids,Mumbai,India,yahoo.com,iOS,Card,533,4,No,0,1
CUST101485,Riya Patel,15,Male,1436287.0,INR,40,Silver,2023-08-14,2025-01-25,Rarely,560.29,14,11,4,Beauty,Jaipur,India,gmail.com,Android,Card,1206,2,Yes,0,1
CUST101486,Neha Gupta,32,Male,1157071.0,INR,48,Platinum,2023-11-03,2024-05-19,Monthly,813.42,28,12,16,Food Court,Kolkata,India,yahoo.com,Android,Wallet,1084,4,No,1,1
CUST101487,Ishaan Khan,38,Male,2341279.0,INR,33,Silver,2023-12-03,2025-11-06,Rarely,806.35,2,1,1,Food Court,Jaipur,India,company.com,Web,Cash,0,3,Yes,1,1
CUST101489,Meera Sinha,20,Male,645956.0,INR,62,Platinum,2023-10-18,2025-06-30,Rarely,2861.7,8,0,8,Gaming,Jaipur,India,hotmail.com,Desktop,Debit Card,1505,5,Yes,1,1
CUST101490,Sara Iyer,28,Male,648622.0,USD,78,Silver,2022-04-29,2023-09-30,Weekly,1844.24,0,0,0,Grocery,Lucknow,India,hotmail.com,iOS,Upi,388,4,Yes,0,1
CUST101491,Rahul Verma,36,Female,1286544.0,INR,25,Silver,2021-01-27,2022-03-21,Rarely,1340.35,80,26,53,Home Decor,Pune,India,gmail.com,iOS,Wallet,2241,1,No,0,1
CUST101492,Meera Kapoor,40,Female,973622.0,INR,56,Platinum,2023-08-04,2023-08-05,Rarely,894.2,13,6,7,Grocery,Delhi,India,gmail.com,Mobile,Upi,2129,4,No,0,1
CUST101493,Rahul Singh,28,Female,980841.0,INR,80,Silver,2023-10-24,2024-06-26,Rarely,1729.7,0,0,0,Fashion,Kolkata,India,rediffmail.com,Web,Upi,1189,2,Yes,0,1
CUST101496,Aadhya Khan,39,Male,246772.0,USD,100,Platinum,2025-06-14,2025-08-14,Weekly,1293.75,16,0,16,Gaming,Lucknow,India,hotmail.com,Android,Wallet,278,2,No,1,1
CUST101497,Vihaan Reddy,47,Male,700079.0,INR,17,Silver,2024-02-06,2024-02-06,Monthly,1897.52,45,16,29,Books,Lucknow,India,gmail.com,Web,Upi,2805,4,Yes,1,0
CUST101498,Sara Gupta,16,Male,672906.0,INR,83,Platinum,2023-03-12,2024-10-23,Monthly,2078.7,8,0,9,Books,Ahmedabad,India,gmail.com,iOS,Cash,235,3,Yes,0,1
CUST101499,Aadhya Patel,30,Other,760428.0,INR,88,Basic,2024-10-20,2026-01-27,Rarely,1641.7,44,39,5,Kids,Delhi,India,gmail.com,Mobile,Card,1583,4,No,0,1
CUST101500,Krishna Kumar,39,Male,588698.0,INR,22,Silver,2024-07-03,2024-07-03,Rarely,4028.3,9,3,7,Fashion,Pune,India,hotmail.com,Mobile,Card,628,5,No,1,0
CUST101501,Vihaan Khan,30,Female,268006.0,INR,68,Silver,2022-10-13,2022-11-28,Weekly,1817.0349999999999,33,17,17,Food Court,Hyderabad,India,outlook.com,Android,Credit Card,2080,1,No,1,1
CUST101502,Aadhya Mehta,14,Other,347478.0,INR,37,Basic,2024-10-23,2026-02-08,Rarely,3082.67,9,4,5,Fashion,Bengaluru,India,gmail.com,Android,Credit Card,374,4,No,0,1
CUST101503,Vivaan Kapoor,47,Male,648622.0,INR,68,Silver,2024-08-24,2025-11-28,Daily,5202.53,9,0,10,Electronics,Ahmedabad,India,gmail.com,iOS,Upi,1569,4,Yes,0,1
CUST101504,Kiara Gupta,32,Male,475845.0,USD,55,Platinum,2022-02-18,2022-08-02,Weekly,2219.6,0,0,0,Sports,Ahmedabad,India,hotmail.com,iOS,Upi,1954,1,Yes,0,1
CUST101505,Reyansh Rao,41,Male,565189.0,USD,59,Basic,2022-01-05,2024-06-10,Rarely,3048.42,6,2,4,Sports,Kolkata,India,outlook.com,iOS,Upi,871,4,No,0,1
CUST101506,Pooja Sharma,40,Male,350035.0,INR,86,Gold,2022-05-22,2024-08-01,Rarely,3496.02,2,1,0,Food Court,Pune,India,gmail.com,iOS,Wallet,435,4,Yes,0,1
CUST101507,Ishaan Gupta,22,Male,513113.0,INR,66,Basic,2024-03-04,2026-04-21,Rarely,4503.97,7,0,7,Electronics,Delhi,India,gmail.com,iOS,Debit Card,888,1,Yes,0,1
CUST101508,Meera Kumar,34,Female,868013.0,INR,67,Gold,2021-03-31,2022-04-24,Rarely,1537.83,0,0,0,Kids,Chennai,India,gmail.com,iOS,Debit Card,1079,2,Yes,0,1
CUST101509,Vivaan Khan,46,Male,437208.0,INR,65,Silver,2022-05-04,2022-05-04,Rarely,1930.23,9,6,3,Gaming,Bengaluru,India,gmail.com,Web,Wallet,872,1,No,0,0
CUST101510, Rahul Reddy ,31,Male,607503.0,USD,45,Silver,2023-03-12,2025-04-22,Monthly,2667.47,14,4,10,Electronics,Bengaluru,India,outlook.com,Android,Card,702,1,No,0,1
CUST101511,Reyansh Das,28,Other,404985.0,INR,77,Gold,2023-08-09,2024-07-02,Daily,837.28,6,2,4,Gaming,Delhi,India,outlook.com,iOS,Debit Card,883,2,No,0,1
CUST101512,Pooja Das,25,Male,462037.0,INR,77,Silver,2024-06-19,2025-12-31,Monthly,2945.51,4,0,4,Sports,Mumbai,India,rediffmail.com,iOS,Cash,1962,3,No,0,1
CUST101513,Vivaan Verma,26,Female,843439.0,INR,51,Basic,2022-04-20,2023-12-19,Rarely,1774.15,18,15,3,Fashion,Pune,India,hotmail.com,Web,Credit Card,893,4,No,0,1
CUST101514,Ira Joshi,0,Male,545375.0,INR,44,Silver,2022-04-23,2023-07-18,Rarely,2481.19,26,18,8,Beauty,Chennai,India,gmail.com,Desktop,Wallet,1099,4,Yes,0,1
CUST101515,Amit Joshi,50,Female,660874.0,INR,37,Silver,2024-03-21,2026-05-30,Daily,3529.93,14,1,13,Electronics,Delhi,India,gmail.com,Desktop,Upi,1249,5,Yes,0,1
CUST101516,Aarav Sharma,59,Other,710094.0,INR,60,Basic,2024-10-01,2025-06-16,Rarely,738.5,7,6,2,Grocery,Delhi,India,hotmail.com,iOS,Cash,0,4,Yes,0,1
CUST101517,Vihaan Verma,33,Male,370477.0,INR,100,Platinum,2023-05-13,2023-09-17,Daily,3082.46,16,1,15,Gaming,Ahmedabad,India,company.com,Android,Wallet,2342,2,No,0,1
CUST_NEW0036,Aarav Sinha,42,Female,648622.0,INR,66,Platinum,2022-02-16,2022-05-05,Monthly,2182.89,43,28,15,Sports,Bangalore,India,gmail.com,iOS,Wallet,626,4,Yes,1,1
CUST101519,Kiara Kapoor,33,Other,409839.0,INR,9,Platinum,2021-05-03,2022-07-14,Daily,2555.2,1,0,2,Kids,Pune,India,hotmail.com,Android,Upi,2089,5,No,1,1
CUST101520,Vihaan Sinha,47,Female,440421.0,INR,64,Platinum,2025-06-27,2025-09-07,Weekly,1172.88,9,0,8,Food Court,Mumbai,India,yahoo.com,Desktop,Credit Card,1012,4,Yes,0,1
CUST101521,Diya Reddy,61,Male,1078280.0,INR,58,Basic,2023-07-02,2025-10-25,Monthly,471.08,14,4,10,Home Decor,Jaipur,India,gmail.com,Web,Upi,541,5,Yes,0,1
CUST101522,Aditya Sinha,37,Male,552924.0,INR,17,Basic,2023-12-01,2025-06-14,Weekly,2765.07,0,0,1,Sports,Ahmedabad,India,outlook.com,Android,Cash,0,3,No,0,1
CUST101523,Sara Joshi,52,Male,524567.0,INR,66,Platinum,2022-09-25,2022-11-27,Monthly,787.63,18,2,15,Electronics,Delhi,India,rediffmail.com,Web,Credit Card,688,2,Yes,1,1
CUST101524,Rahul Sinha,28,Female,177978.0,INR,68,Basic,2021-10-23,2022-06-21,Monthly,2733.53,5,3,1,Electronics,Kolkata,India,hotmail.com,Android,Credit Card,573,3,No,1,1
CUST101525,Meera Mehta,46,Female,591436.0,INR,55,Silver,2023-05-09,2025-02-09,Weekly,1218.99,17,0,17,Fashion,Mumbai,India,gmail.com,Web,Upi,1115,4,No,0,1
CUST101526,Meera Nair,33,Male,590950.0,INR,44,Basic,2022-12-08,2024-09-16,Monthly,2218.05,39,34,4,Books,Mumbai,India,hotmail.com,Android,Debit Card,1701,4,No,0,1
CUST101527,Aarav Kapoor,32,Male,661124.0,INR,76,Platinum,2023-04-20,2024-11-04,Weekly,6780.17,5,4,1,Beauty,Pune,India,gmail.com,Web,Debit Card,1195,5,Yes,0,1
CUST101528,Myra Khan,38,Female,298039.0,INR,24,Silver,2022-01-09,2024-05-20,Rarely,5079.67,30,0,29,Beauty,Ahmedabad,India,gmail.com,iOS,Credit Card,1265,3,Yes,0,1
CUST101529,Vivaan Singh,33,Male,573626.0,USD,49,Platinum,2023-02-27,2024-10-19,Weekly,2735.05,36,6,30,Home Decor,Jaipur,India,yahoo.com,Web,Upi,1152,3,Yes,0,1
CUST101530,Ananya Gupta,26,Other,1488452.0,INR,100,Basic,2024-11-27,2024-11-27,Rarely,594.0,18,12,6,Electronics,Jaipur,India,gmail.com,iOS,Card,1180,2,No,0,0
CUST101531,Krishna Nair,18,Other,1308506.0,USD,22,Silver,2022-04-17,2023-12-04,Monthly,2434.88,19,17,2,Kids,Ahmedabad,India,outlook.com,Mobile,Cash,771,5,Yes,0,1
CUST_NEW0037,Vihaan Rao,21,Other,648622.0,INR,71,Silver,2025-07-25,2025-07-25,Weekly,626.27,32,23,9,Kids,Chennai,India,gmail.com,Android,Upi,743,4,Yes,0,0
CUST101533,Saanvi Verma,29,Female,374466.0,INR,100,Basic,2024-06-04,2026-01-04,Monthly,1641.12,12,0,2,Home Decor,Delhi,India,gmail.com,Desktop,Upi,0,5,Yes,0,1
CUST101534,Sai Reddy,31,Female,560617.0,INR,31,Basic,2025-06-22,2026-02-20,Rarely,3055.48,24,2,21,Fashion,Bengaluru,India,hotmail.com,Mobile,Debit Card,1039,5,No,1,1
CUST101535, Aditya Gupta ,34,Female,1228488.0,INR,49,Silver,2024-04-22,2025-10-13,Daily,2115.84,2,1,1,Gaming,Lucknow,India,gmail.com,Desktop,Cash,1917,5,Yes,0,1
CUST101536,Reyansh Mishra,36,Female,518001.0,USD,82,Gold,2025-05-17,2026-05-01,Weekly,1173.84,8,6,1,Home Decor,Delhi,India,gmail.com,Mobile,Upi,807,4,Yes,1,1
CUST101537,Rahul Mishra,65,Other,782034.0,USD,27,Silver,2021-05-09,2021-11-05,Rarely,875.75,3,0,2,Gaming,Hyderabad,India,gmail.com,iOS,Upi,1113,3,No,1,1
CUST101538,Ishaan Kumar,34,Female,1002125.0,INR,63,Silver,2024-04-10,2026-04-18,Monthly,511.94,0,0,0,Home Decor,Mumbai,India,company.com,iOS,Credit Card,920,1,No,0,1
CUST101539,Neha Rao,43,Male,911414.0,INR,76,Basic,2021-05-31,2023-10-07,Rarely,6743.73,10,7,4,Gaming,Delhi,India,gmail.com,Android,Credit Card,992,4,No,0,1
CUST101540,Ayaan Kumar,58,Male,425774.0,INR,44,Gold,2022-01-31,2022-05-10,Rarely,1914.03,48,9,39,Beauty,Kolkata,India,gmail.com,Web,Cash,2107,4,Yes,0,1
CUST101541,Aadhya Kumar,31,Female,460359.0,INR,50,Platinum,2021-04-04,2023-05-20,Weekly,2374.42,63,24,40,Sports,Mumbai,India,hotmail.com,Web,Upi,666,3,Yes,0,1
CUST101542,Aadhya Chopra,30,Female,967324.0,INR,45,Platinum,2021-06-12,2023-09-08,Rarely,6405.1,33,24,10,Home Decor,Kolkata,India,outlook.com,Desktop,Upi,1188,1,Yes,1,1
CUST101543,Sara Patel,35,Other,1107772.0,INR,67,Silver,2023-06-29,2025-04-25,Weekly,1817.0349999999999,45,3,42,Fashion,Ahmedabad,India,yahoo.com,Web,Credit Card,1931,5,No,0,1
CUST101544,Krishna Gupta,50,Male,629671.0,INR,28,Gold,2024-05-29,2024-10-04,Monthly,2286.93,12,5,7,Beauty,Delhi,India,yahoo.com,Web,Upi,0,5,Yes,0,1
CUST101545,Ishaan Reddy,16,Female,331685.0,USD,88,Gold,2023-05-14,2025-06-24,Rarely,309.71,4,1,4,Beauty,Chennai,India,rediffmail.com,Desktop,Wallet,792,3,Yes,0,1
CUST101546,Aarav Joshi,23,Other,663862.0,INR,54,Platinum,2021-01-04,2023-04-12,Rarely,431.39,4,2,3,Books,Pune,India,rediffmail.com,Android,Debit Card,2922,1,Yes,0,1
CUST101547,Reyansh Sharma,29,Male,1196476.0,INR,72,Gold,2022-07-16,2023-08-18,Monthly,5825.94,55,39,15,Home Decor,Ahmedabad,India,rediffmail.com,Mobile,Wallet,1035,3,Yes,0,1
CUST101548,Krishna Reddy,20,Male,894269.0,INR,82,Basic,2024-08-09,2025-08-22,Rarely,4687.1,21,17,4,Books,Ahmedabad,India,rediffmail.com,Android,Upi,1314,2,Yes,0,1
CUST101549,Ishaan Mishra,6,Female,373598.0,INR,82,Gold,2022-07-24,2024-07-27,Weekly,977.67,16,2,15,Food Court,Mumbai,India,company.com,iOS,Credit Card,527,4,Yes,1,1
CUST101550, Sai Rao ,47,Male,619061.0,INR,49,Gold,2024-05-19,2024-07-11,Daily,2347.38,29,15,14,Fashion,Jaipur,India,gmail.com,Android,Upi,2678,3,No,1,1
CUST101551,Diya Mehta,50,Female,498119.0,USD,84,Basic,2025-04-08,2025-04-30,Monthly,951.27,0,0,0,Home Decor,Pune,India,gmail.com,Web,Upi,1343,1,No,0,1
CUST101552,Ira Kapoor,35,Male,658814.0,INR,58,Platinum,2025-02-23,2026-03-09,Monthly,2415.39,20,18,2,Gaming,Kolkata,India,gmail.com,Web,Card,1087,2,Yes,0,1
CUST101554,Meera Khan,39,Male,588553.0,INR,72,Silver,2023-05-03,2024-03-14,Weekly,2060.49,12,15,25,Electronics,Ahmedabad,India,gmail.com,iOS,Upi,1540,1,Yes,0,1
CUST101555,Diya Kumar,46,Female,962182.0,INR,58,Basic,2023-07-02,2025-07-20,Monthly,2102.22,46,19,28,Food Court,Delhi,India,yahoo.com,Android,Upi,795,3,Yes,0,1
CUST_NEW0038,Priya Patel,34,Male,467302.0,INR,66,Gold,2023-05-30,2023-12-29,Daily,1154.86,67,16,52,Fashion,Hyderabad,India,rediffmail.com,iOS,Cash,11,5,No,0,1
CUST101557,Vihaan Sinha,31,Female,1063181.0,INR,61,Gold,2025-11-04,2026-06-16,Monthly,1652.54,5,0,5,Gaming,Hyderabad,India,hotmail.com,Desktop,Upi,517,2,No,0,1
CUST101558, Amit Sinha ,46,Female,303058.0,USD,62,Silver,2025-04-26,2025-12-01,Monthly,3712.75,28,17,12,Beauty,Ahmedabad,India,yahoo.com,Desktop,Upi,1369,4,No,1,1
CUST101559,Myra Gupta,40,Other,522894.0,INR,1,Basic,2022-06-06,2023-08-23,Rarely,2448.32,46,14,32,Electronics,Bengaluru,India,hotmail.com,iOS,Credit Card,687,1,Yes,0,1
CUST101560,Vivaan Reddy,35,Male,1278822.0,INR,76,Basic,2022-04-07,2024-04-28,Weekly,3595.08,40,34,5,Electronics,Bangalore,India,rediffmail.com,iOS,Debit Card,418,4,Yes,0,1
CUST101561,Krishna Iyer,21,Other,790821.0,INR,26,Silver,2022-07-28,2024-04-24,Weekly,1163.04,56,28,28,Beauty,Pune,India,gmail.com,Web,Cash,503,2,Yes,0,1
CUST101562,Reyansh Singh,19,Other,489526.0,INR,24,Platinum,2023-07-30,2025-06-29,Monthly,1099.98,33,17,15,Beauty,Chennai,India,rediffmail.com,Web,Upi,635,1,Yes,0,1
CUST101563,Vivaan Reddy,13,Other,1475809.0,USD,66,Platinum,2025-07-11,2025-09-21,Rarely,911.52,30,6,23,Fashion,Lucknow,India,hotmail.com,Desktop,Debit Card,1180,1,No,0,1
CUST101564,Sai Nair,43,Female,402342.0,INR,51,Silver,2024-02-16,2025-08-05,Weekly,737.7,10,3,7,Electronics,Delhi,India,gmail.com,Mobile,Upi,2175,4,Yes,0,1
CUST101565,Aadhya Rao,39,Male,451444.0,INR,40,Basic,2024-04-28,2026-01-19,Rarely,2889.42,3,0,3,Food Court,Hyderabad,India,company.com,Web,Upi,1673,1,No,0,1
CUST101566,Krishna Kapoor,33,Female,768343.0,INR,37,Basic,2021-12-24,2022-07-13,Rarely,1754.85,0,0,0,Books,Ahmedabad,India,gmail.com,Android,Credit Card,1553,2,Yes,0,1
CUST_NEW0039,Vivaan Gupta,11,Female,1178131.0,INR,84,Silver,2021-12-11,2022-04-02,Rarely,878.07,31,29,3,Electronics,Bangalore,India,hotmail.com,iOS,Wallet,1170,2,No,0,1
CUST101568, Amit Khan ,56,Female,1053194.0,INR,59,Silver,2025-02-13,2025-02-13,Daily,1838.98,4,0,4,Sports,Delhi,India,rediffmail.com,Web,Credit Card,293,2,No,0,0
CUST101569,Ananya Chopra,47,Female,380654.0,INR,81,Silver,2023-08-03,2025-04-03,Monthly,4233.57,27,12,16,Fashion,Lucknow,India,company.com,Android,Wallet,1493,4,Yes,0,1
CUST101570,Vivaan Sinha,27,Female,708460.0,INR,64,Platinum,2024-04-04,2024-05-22,Weekly,661.23,41,21,20,Grocery,Bengaluru,India,outlook.com,Android,Upi,807,5,No,0,1
CUST101571,Reyansh Nair,38,Male,1747315.0,INR,43,Platinum,2025-03-23,2025-07-20,Rarely,564.93,4,2,2,Grocery,Hyderabad,India,outlook.com,Web,Credit Card,743,3,No,0,1
CUST101572,Amit Sinha,23,Female,460949.0,INR,79,Gold,2023-08-14,2024-12-26,Monthly,1645.31,0,0,0,Fashion,Bangalore,India,rediffmail.com,Web,Credit Card,1438,2,No,0,1
CUST101573,Krishna Mehta,30,Male,499461.0,USD,58,Gold,2021-02-16,2022-03-09,Weekly,1329.27,6,4,1,Beauty,Ahmedabad,India,gmail.com,Web,Cash,1256,5,No,0,1
CUST101574,Vihaan Verma,36,Male,923363.0,INR,55,Gold,2024-03-09,2026-06-26,Monthly,5329.65,22,21,2,Gaming,Lucknow,India,company.com,iOS,Cash,0,3,No,0,1
CUST101575,Ishaan Nair,33,Female,1213410.0,INR,70,Basic,2024-04-23,2026-03-10,Rarely,1047.02,31,3,28,Home Decor,Kolkata,India,company.com,iOS,Upi,1756,4,Yes,0,1
CUST101576,Reyansh Mehta,22,Male,321129.0,INR,32,Platinum,2023-03-15,2024-05-11,Rarely,979.82,12,5,16,Kids,Ahmedabad,India,yahoo.com,Web,Debit Card,1623,4,Yes,0,1
CUST101577,Saanvi Kumar,37,Male,685631.0,INR,60,Silver,2022-02-12,2024-10-07,Rarely,1059.64,24,16,8,Home Decor,Jaipur,India,gmail.com,Android,Credit Card,882,2,No,0,1
CUST101578,Riya Rao,29,Female,506989.0,INR,9,Platinum,2024-02-01,2026-05-16,Rarely,1817.0349999999999,25,21,5,Food Court,Jaipur,India,gmail.com,iOS,Credit Card,2253,4,No,0,1
CUST101579,Meera Mishra,37,Male,320678.0,INR,43,Silver,2024-06-14,2024-10-02,Rarely,1143.99,21,3,18,Food Court,Delhi,India,rediffmail.com,Web,Upi,697,2,No,0,1
CUST101580,Riya Verma,34,Male,1294427.0,INR,64,Basic,2022-11-10,2023-09-30,Daily,1545.11,34,0,34,Electronics,Chennai,India,gmail.com,iOS,Wallet,1469,2,No,0,1
CUST101581,Diya Kapoor,28,Male,327977.0,USD,29,Silver,2024-04-18,2024-12-22,Monthly,2034.62,50,34,15,Fashion,Delhi,India,company.com,Android,Debit Card,943,5,Yes,0,1
CUST101582,Kiara Chopra,53,Male,714164.0,INR,68,Silver,2025-01-14,2025-09-21,Daily,2525.9,5,1,4,Kids,Bengaluru,India,gmail.com,iOS,Upi,1105,5,Yes,0,1
CUST101583,Pooja Iyer,27,Female,1263550.0,INR,95,Basic,2021-10-15,2023-04-11,Weekly,1732.0,9,3,7,Grocery,Kolkata,India,gmail.com,iOS,Credit Card,777,3,No,1,1
CUST101584,Aditya Kumar,36,Male,768999.0,INR,10,Silver,2023-09-27,2025-10-27,Weekly,1836.38,20,4,15,Fashion,Ahmedabad,India,company.com,Android,Wallet,1583,1,Yes,1,1
CUST101585,Priya Kapoor,46,Male,858231.0,INR,52,Basic,2025-01-26,2026-03-01,Weekly,702.55,7,3,4,Food Court,Chennai,India,gmail.com,iOS,Cash,0,3,No,1,1
CUST101586,Vihaan Rao,23,Male,611491.0,INR,47,Gold,2021-06-10,2022-04-09,Rarely,3695.92,4,1,3,Food Court,Ahmedabad,India,company.com,iOS,Credit Card,1641,4,Yes,0,1
CUST101587,Sai Sinha,24,Male,332401.0,INR,100,Gold,2024-08-27,2026-06-03,Monthly,2501.32,13,4,9,Home Decor,Mumbai,India,gmail.com,Desktop,Upi,382,5,No,0,1
CUST101588,Ananya Sharma,35,Male,1931125.0,INR,33,Platinum,2021-10-31,2022-08-12,Weekly,758.07,7,1,6,Kids,Mumbai,India,outlook.com,iOS,Cash,1046,2,Yes,0,1
CUST101589,Aarav Kumar,0,Female,294766.0,INR,39,Gold,2023-08-21,2025-04-02,Daily,1754.68,7,3,4,Sports,Pune,India,yahoo.com,Desktop,Upi,448,3,Yes,0,1
CUST101590,Aarav Nair,32,Female,507755.0,INR,37,Gold,2021-09-07,2023-08-26,Weekly,6869.89,0,0,0,Grocery,Kolkata,India,gmail.com,iOS,Wallet,772,5,Yes,0,1
CUST101591,Pooja Das,51,Female,599990.0,INR,58,Platinum,2023-01-21,2025-03-13,Rarely,1168.43,12,10,2,Books,Kolkata,India,gmail.com,Android,Upi,964,2,No,1,1
CUST101592,Arjun Singh,29,Female,831091.0,INR,50,Silver,2024-03-15,2025-07-24,Daily,3400.99,41,26,15,Electronics,Chennai,India,gmail.com,Android,Upi,1127,4,Yes,0,1
CUST101593,Saanvi Sharma,54,Male,1045712.0,INR,62,Basic,2022-05-12,2023-11-25,Monthly,250.74,19,9,11,Home Decor,Bangalore,India,gmail.com,iOS,Credit Card,892,3,Yes,1,1
CUST101594,Myra Singh,12,Female,648622.0,INR,70,Silver,2023-10-13,2026-03-11,Rarely,4735.47,7,0,8,Food Court,Bangalore,India,rediffmail.com,iOS,Upi,904,5,No,0,1
CUST101595,Sai Iyer,23,Female,648622.0,INR,62,Basic,2021-01-24,2022-02-11,Rarely,1332.49,4,2,1,Beauty,Chennai,India,gmail.com,Mobile,Credit Card,858,3,No,0,1
CUST101596,Vivaan Nair,56,Female,928006.0,INR,14,Platinum,2021-12-21,2023-12-11,Rarely,9901.62,5,4,1,Electronics,Hyderabad,India,gmail.com,iOS,Upi,1992,2,Yes,0,1
CUST101597,Aadhya Kumar,55,Male,206894.0,INR,1,Platinum,2021-12-13,2023-06-30,Rarely,2543.17,16,0,16,Grocery,Hyderabad,India,company.com,Web,Debit Card,846,3,No,0,1
CUST101598,Ira Mishra,16,Female,1465221.0,INR,78,Silver,2022-02-28,2022-12-31,Rarely,1457.23,7,3,5,Sports,Kolkata,India,gmail.com,Android,Wallet,1256,5,No,0,1
CUST101599,Arjun Rao,13,Male,763892.0,INR,87,Platinum,2021-10-16,2023-01-25,Rarely,2886.75,24,14,9,Fashion,Hyderabad,India,gmail.com,Android,Cash,1284,5,No,0,1
CUST101600, Saanvi Das ,41,Female,1245756.0,INR,58,Gold,2022-10-16,2023-04-13,Monthly,991.42,41,3,37,Electronics,Jaipur,India,gmail.com,Mobile,Credit Card,1250,5,No,0,1
CUST101601,Sai Sinha,33,Female,736475.0,INR,45,Basic,2021-04-04,2023-07-07,Daily,1675.83,7,1,6,Kids,Kolkata,India,outlook.com,Android,Cash,1259,2,Yes,0,1
CUST101602,Aditya Reddy,45,Male,6065526.0,INR,41,Basic,2024-01-27,2025-05-11,Daily,1175.97,12,8,3,Books,Bengaluru,India,gmail.com,Android,Upi,2196,1,Yes,1,1
CUST101603,Ananya Joshi,17,Female,308555.0,INR,76,Gold,2025-01-20,2026-01-23,Rarely,858.53,29,7,23,Kids,Jaipur,India,gmail.com,Web,Card,1655,5,No,0,1
CUST101604,Saanvi Sinha,27,Male,820797.0,INR,68,Platinum,2024-06-09,2025-06-15,Rarely,4389.23,21,14,8,Kids,Jaipur,India,gmail.com,iOS,Credit Card,702,1,No,0,1
CUST101605,Aarav Patel,23,Female,1151309.0,USD,21,Silver,2024-11-25,2026-05-24,Rarely,3748.29,15,14,2,Fashion,Mumbai,India,gmail.com,Desktop,Upi,278,1,Yes,0,1
CUST101606,Ishaan Kumar,40,Female,480423.0,INR,63,Basic,2021-04-08,2021-06-30,Rarely,4264.44,46,18,28,Sports,Lucknow,India,gmail.com,Web,Upi,1908,1,No,0,1
CUST101607,Kiara Nair,26,Male,978858.0,INR,46,Basic,2023-08-07,2024-04-16,Weekly,4916.72,23,22,2,Food Court,Kolkata,India,hotmail.com,Android,Cash,2255,3,Yes,0,1
CUST101608,Aarav Iyer,40,Female,435117.0,INR,95,Platinum,2023-06-19,2023-11-20,Rarely,3060.86,7,0,7,Gaming,Pune,India,gmail.com,Android,Cash,312,2,Yes,0,1
CUST101609,Ishaan Mishra,47,Female,1715864.0,INR,11,Platinum,2023-01-11,2024-09-11,Weekly,741.3,0,0,0,Books,Delhi,India,yahoo.com,Mobile,Wallet,0,4,No,1,1
CUST101610,Kiara Nair,39,Other,638439.0,INR,82,Silver,2024-08-04,2025-02-23,Weekly,1483.5,45,19,26,Food Court,Kolkata,India,gmail.com,Android,Wallet,1106,2,Yes,0,1
CUST101611,Aarav Sharma,28,Female,648622.0,INR,74,Silver,2021-12-28,2023-09-25,Weekly,1225.2,30,5,26,Kids,Hyderabad,India,gmail.com,Desktop,Debit Card,2597,4,No,0,1
CUST101612,Aditya Kapoor,24,Female,1.0,INR,100,Gold,2023-10-13,2024-07-05,Monthly,2655.28,32,10,22,Fashion,Ahmedabad,India,outlook.com,iOS,Upi,105,4,Yes,0,1
CUST101613,Aarav Das,46,Female,1442924.0,USD,48,Silver,2022-12-31,2023-05-16,Weekly,5443.54,37,18,20,Sports,Jaipur,India,gmail.com,Desktop,Card,1091,2,Yes,0,1
CUST101614,Ishaan Das,36,Other,1342721.0,USD,77,Gold,2023-12-17,2025-06-15,Rarely,5122.59,8,1,7,Books,Ahmedabad,India,gmail.com,Mobile,Credit Card,1360,2,No,0,1
CUST101615,Aarav Reddy,35,Female,397446.0,INR,36,Platinum,2024-09-23,2026-03-31,Rarely,1431.76,3,2,1,Kids,Ahmedabad,India,gmail.com,Android,Credit Card,925,1,Yes,0,1
CUST101616,Priya Mehta,47,Male,337547.0,INR,42,Platinum,2023-09-15,2025-11-23,Rarely,1807.35,7,5,2,Sports,Hyderabad,India,yahoo.com,Android,Cash,0,3,No,0,1
CUST101617,Aadhya Verma,35,Female,491324.0,INR,39,Basic,2023-02-24,2025-03-28,Rarely,530.68,4,2,3,Beauty,Lucknow,India,rediffmail.com,Web,Credit Card,1061,4,No,0,1
CUST101618,Meera Mishra,35,Female,551756.0,INR,11,Silver,2024-09-27,2026-02-07,Daily,869.8,11,10,2,Books,Hyderabad,India,yahoo.com,iOS,Wallet,384,4,No,0,1
CUST101619,Ananya Iyer,27,Male,513042.0,USD,65,Gold,2021-01-03,2022-01-28,Rarely,3699.76,12,1,11,Sports,Lucknow,India,hotmail.com,iOS,Upi,872,1,Yes,1,1
CUST101621,Kiara Mehta,34,Other,463896.0,INR,30,Silver,2021-01-22,2021-03-11,Rarely,1443.18,5,4,0,Sports,Kolkata,India,gmail.com,Android,Credit Card,681,3,No,1,1
CUST101622,Priya Iyer,15,Other,836537.0,INR,45,Silver,2022-06-24,2024-01-08,Rarely,370.14,10,2,7,Fashion,Chennai,India,outlook.com,iOS,Credit Card,855,3,Yes,1,1
CUST101623,Priya Mehta,33,Male,1184551.0,INR,89,Silver,2022-08-01,2023-07-16,Rarely,1195.41,8,6,2,Food Court,Delhi,India,hotmail.com,iOS,Upi,1904,1,No,0,1
CUST101624,Sara Iyer,20,Male,1027764.0,INR,100,Platinum,2021-03-09,2022-05-09,Rarely,1796.14,38,22,17,Books,Mumbai,India,outlook.com,iOS,Wallet,1143,5,Yes,0,1
CUST101625,Ananya Gupta,32,Female,717932.0,INR,23,Silver,2024-09-03,2026-04-16,Monthly,1817.0349999999999,10,1,9,Home Decor,Bengaluru,India,gmail.com,iOS,Cash,1581,5,No,0,1
CUST101626,Rahul Sharma,36,Male,648622.0,INR,82,Gold,2023-08-05,2023-11-22,Rarely,2836.26,13,1,12,Sports,Ahmedabad,India,rediffmail.com,Web,Debit Card,2264,5,No,0,1
CUST101627, Diya Joshi ,33,Female,648622.0,INR,32,Platinum,2024-07-14,2024-07-14,Weekly,1383.75,19,3,17,Grocery,Pune,India,company.com,Desktop,Upi,1930,4,No,0,0
CUST101629,Priya Kumar,20,Male,154193.0,INR,74,Basic,2024-01-26,2026-06-20,Rarely,4779.06,36,33,3,Food Court,Bangalore,India,company.com,Android,Wallet,377,5,Yes,0,1
CUST101630,Reyansh Das,34,Female,781611.0,INR,68,Silver,2021-06-11,2021-06-11,Rarely,3054.57,13,3,11,Food Court,Ahmedabad,India,gmail.com,iOS,Credit Card,842,5,Yes,0,0
CUST101631,Saanvi Kapoor,68,Other,340460.0,INR,50,Basic,2022-12-04,2023-07-16,Weekly,6194.63,3,0,2,Electronics,Kolkata,India,yahoo.com,Android,Credit Card,1726,4,Yes,0,1
CUST101632,Rahul Joshi,28,Male,459232.0,INR,1,Gold,2023-11-05,2026-01-18,Rarely,5901.6,23,13,10,Beauty,Ahmedabad,India,yahoo.com,iOS,Cash,2112,1,Yes,0,1
CUST101633,Krishna Rao,46,Male,380786.0,INR,53,Silver,2021-11-30,2022-09-20,Weekly,1515.84,63,29,34,Gaming,Hyderabad,India,gmail.com,iOS,Debit Card,1682,3,Yes,0,1
CUST101634,Priya Reddy,47,Other,950455.0,INR,51,Silver,2021-09-05,2024-01-28,Weekly,607.62,8,3,5,Books,Delhi,India,outlook.com,iOS,Cash,232,3,No,1,1
CUST101635,Priya Sharma,38,Female,1350838.0,INR,20,Silver,2022-04-25,2023-12-09,Rarely,3677.84,42,17,25,Fashion,Jaipur,India,gmail.com,iOS,Card,1847,4,Yes,0,1
CUST101636,Ayaan Singh,53,Male,600162.0,INR,61,Silver,2022-11-02,2024-09-08,Weekly,2473.67,37,17,19,Food Court,Chennai,India,hotmail.com,Web,Credit Card,1947,2,Yes,0,1
CUST101637,Amit Kapoor,35,Male,676412.0,INR,43,Platinum,2023-10-04,2024-12-09,Daily,1218.09,21,4,16,Food Court,Delhi,India,hotmail.com,Android,Upi,1317,2,Yes,0,1
CUST101638,Priya Rao,35,Female,1410009.0,INR,53,Platinum,2023-05-14,2023-06-05,Monthly,2665.0,1,0,2,Food Court,Pune,India,outlook.com,Desktop,Upi,545,4,Yes,0,1
CUST101639,Meera Verma,43,Other,737975.0,INR,44,Gold,2025-03-06,2025-03-13,Weekly,540.66,2,1,0,Kids,Mumbai,India,hotmail.com,Android,Cash,1350,5,No,0,1
CUST101640, Rahul Gupta ,19,Female,512479.0,INR,59,Basic,2021-03-18,2021-03-18,Rarely,3388.0,4,0,4,Electronics,Jaipur,India,hotmail.com,iOS,Upi,1725,1,Yes,1,0
CUST101641,Ira Kapoor,36,Male,403608.0,INR,85,Gold,2023-09-27,2024-11-23,Rarely,1296.88,6,2,4,Food Court,Mumbai,India,gmail.com,iOS,Wallet,709,4,No,0,1
CUST101642,Pooja Khan,21,Other,260290.0,INR,49,Silver,2023-11-20,2025-12-07,Monthly,3050.57,61,22,39,Fashion,Hyderabad,India,gmail.com,iOS,Upi,670,2,Yes,0,1
CUST101643,Rahul Joshi,21,Female,439483.0,INR,48,Platinum,2024-02-02,2025-08-15,Monthly,3427.98,4,1,2,Home Decor,Pune,India,gmail.com,Web,Credit Card,715,5,No,0,1
CUST101644,Ishaan Sinha,11,Male,306919.0,INR,66,Platinum,2022-01-16,2023-05-09,Daily,1561.97,5,3,2,Grocery,Ahmedabad,India,outlook.com,Desktop,Upi,1147,4,Yes,0,1
CUST101645,Neha Patel,63,Female,616454.0,INR,63,Platinum,2023-01-01,2024-11-20,Weekly,2728.78,51,25,26,Grocery,Hyderabad,India,hotmail.com,iOS,Debit Card,830,5,Yes,1,1
CUST101646,Aditya Chopra,49,Female,1193072.0,USD,44,Platinum,2023-05-31,2025-06-05,Rarely,2199.56,10,5,5,Fashion,Mumbai,India,hotmail.com,Android,Card,432,5,No,0,1
CUST101647,Ananya Mishra,40,Female,449091.0,INR,51,Silver,2024-08-09,2026-05-31,Rarely,1248.54,3,1,1,Electronics,Pune,India,yahoo.com,Web,Cash,1886,5,Yes,1,1
CUST101648,Neha Patel,51,Male,512952.0,INR,80,Silver,2024-01-15,2024-06-14,Rarely,1134.56,5,3,1,Electronics,Bangalore,India,gmail.com,Web,Upi,2216,3,No,0,1
CUST101649, Aadhya Reddy ,23,Female,562746.0,INR,63,Silver,2024-06-09,2024-09-26,Rarely,1269.42,5,4,2,Grocery,Mumbai,India,outlook.com,Mobile,Credit Card,321,4,No,0,1
CUST101650,Ira Kapoor,24,Male,816723.0,INR,49,Platinum,2025-04-01,2026-05-12,Rarely,1449.41,41,11,29,Grocery,Lucknow,India,rediffmail.com,Android,Credit Card,1258,1,No,1,1
CUST101651,Amit Das,38,Male,1324654.0,USD,100,Silver,2023-08-21,2023-08-21,Daily,4395.34,6,1,4,Gaming,Chennai,India,company.com,iOS,Upi,1500,1,Yes,0,0
CUST101652,Aarav Reddy,37,Male,1379766.0,INR,78,Silver,2023-05-28,2024-02-15,Monthly,1568.81,22,3,20,Sports,Delhi,India,gmail.com,Web,Credit Card,1536,1,Yes,0,1
CUST101653,Vihaan Sharma,41,Female,1037283.0,INR,51,Gold,2023-07-31,2024-02-26,Weekly,1817.0349999999999,22,17,5,Grocery,Pune,India,rediffmail.com,iOS,Card,929,2,Yes,0,1
CUST101654, Kiara Mishra ,32,Male,847955.0,INR,57,Silver,2022-12-16,2023-01-08,Weekly,811.09,2,0,2,Electronics,Lucknow,India,outlook.com,Web,Cash,1189,5,No,0,1
CUST101655,Reyansh Sinha,20,Other,628136.0,INR,1,Platinum,2021-11-07,2021-12-24,Rarely,2578.6,25,7,17,Gaming,Chennai,India,gmail.com,Desktop,Upi,1189,5,Yes,0,1
CUST101656,Rahul Kapoor,35,Female,340770.0,INR,47,Gold,2023-05-11,2024-08-08,Daily,1368.27,21,15,6,Fashion,Lucknow,India,hotmail.com,Mobile,Credit Card,1299,2,Yes,1,1
CUST101657,Meera Chopra,38,Other,918963.0,INR,74,Silver,2022-06-19,2024-09-05,Weekly,2414.48,21,12,9,Electronics,Delhi,India,company.com,iOS,Cash,2562,1,No,0,1
CUST101658,Amit Verma,44,Male,560540.0,USD,20,Silver,2021-07-31,2021-09-19,Rarely,4688.34,7,4,3,Fashion,Lucknow,India,outlook.com,iOS,Cash,816,5,No,1,1
CUST101660,Sai Khan,25,Male,231231.0,INR,37,Basic,2025-06-11,2025-06-11,Monthly,1556.74,11,5,6,Sports,Delhi,India,gmail.com,Web,Debit Card,1980,3,Yes,1,0
CUST101661,Aditya Kapoor,14,Female,1210638.0,INR,67,Gold,2025-06-13,2025-06-13,Weekly,2480.8,27,17,10,Fashion,Delhi,India,gmail.com,iOS,Credit Card,2034,4,No,0,1
CUST101663,Krishna Sharma,30,Female,459174.0,INR,58,Silver,2021-10-13,2024-01-26,Weekly,4285.1,2,0,2,Food Court,Hyderabad,India,gmail.com,Web,Card,679,4,Yes,0,1
CUST101664,Arjun Reddy,26,Male,283821.0,INR,42,Silver,2024-07-10,2025-08-26,Monthly,1592.94,16,14,1,Books,Delhi,India,outlook.com,iOS,Credit Card,1558,4,No,0,1
CUST101665,Rahul Sinha,25,Male,379718.0,INR,92,Basic,2025-04-15,2025-09-25,Rarely,1817.0349999999999,4,0,3,Electronics,Jaipur,India,gmail.com,Web,Card,868,5,Yes,1,1
CUST101666,Myra Mishra,33,Other,187607.0,INR,39,Gold,2021-02-01,2021-10-15,Rarely,571.24,30,23,7,Sports,Bengaluru,India,gmail.com,iOS,Upi,1786,3,Yes,0,1
CUST101667,Kiara Iyer,55,Female,189105.0,INR,65,Basic,2021-11-19,2021-11-19,Monthly,642.77,28,5,24,Fashion,Jaipur,India,gmail.com,Android,Card,1978,5,No,1,0
CUST101668, Sara Mishra ,33,Male,2026533.0,INR,70,Basic,2022-08-14,2022-12-28,Weekly,2626.8,48,8,40,Home Decor,Bangalore,India,hotmail.com,iOS,Cash,1554,4,Yes,0,1
CUST101669,Aadhya Mehta,42,Other,591748.0,INR,43,Silver,2023-04-25,2025-03-25,Monthly,1817.0349999999999,10,0,10,Sports,Hyderabad,India,gmail.com,Desktop,Upi,779,1,No,0,1
CUST101670,Rahul Kapoor,33,Female,829617.0,USD,47,Platinum,2021-06-23,2022-10-15,Monthly,4471.89,12,7,4,Sports,Mumbai,India,gmail.com,iOS,Credit Card,1128,3,Yes,0,1
CUST101671,Aditya Nair,28,Female,1135071.0,INR,100,Platinum,2021-01-29,2023-11-04,Daily,2739.6,16,2,13,Sports,Ahmedabad,India,gmail.com,Web,Credit Card,1100,4,Yes,0,1
CUST101672,Amit Mishra,53,Female,267585.0,INR,49,Silver,2023-07-10,2023-08-12,Monthly,1538.63,15,6,9,Fashion,Delhi,India,gmail.com,Web,Debit Card,1539,2,Yes,0,1
CUST101673,Arjun Sinha,35,Female,825646.0,INR,64,Silver,2024-01-02,2024-04-06,Weekly,1655.22,7,0,7,Beauty,Jaipur,India,outlook.com,Desktop,Credit Card,809,1,Yes,0,1
CUST101674,Vivaan Verma,31,Other,1667153.0,INR,35,Basic,2021-06-09,2021-06-09,Rarely,2144.87,22,3,18,Sports,Chennai,India,gmail.com,iOS,Credit Card,781,4,Yes,0,0
CUST101675,Amit Chopra,40,Female,1147855.0,INR,68,Gold,2022-06-09,2022-08-15,Weekly,1711.95,9,8,2,Home Decor,Kolkata,India,rediffmail.com,Web,Debit Card,1165,3,Yes,0,1
CUST101676,Amit Kapoor,39,Other,1121314.0,INR,41,Basic,2023-11-26,2024-12-09,Rarely,6616.84,5,3,2,Electronics,Ahmedabad,India,outlook.com,iOS,Upi,1189,1,Yes,1,1
CUST101677,Riya Verma,28,Male,1031440.0,INR,72,Basic,2021-05-14,2023-02-15,Rarely,984.73,59,10,50,Grocery,Hyderabad,India,yahoo.com,Android,Credit Card,54,3,Yes,0,1
CUST101678,Amit Chopra,37,Male,897438.0,INR,46,Gold,2023-11-24,2025-08-30,Weekly,946.83,13,2,11,Gaming,Mumbai,India,gmail.com,Mobile,Upi,2358,4,No,1,1
CUST101679,Aarav Singh,31,Other,452477.0,USD,71,Gold,2023-06-06,2024-12-17,Weekly,1705.53,15,3,12,Home Decor,Hyderabad,India,gmail.com,Mobile,Upi,1920,4,Yes,0,1
CUST101680,Meera Das,31,Female,678484.0,INR,52,Basic,2021-07-11,2021-07-11,Monthly,3354.04,43,16,27,Sports,Kolkata,India,rediffmail.com,Android,Credit Card,1812,1,No,1,0
CUST101681,Sai Patel,31,Female,1338973.0,INR,50,Silver,2023-12-07,2026-03-11,Weekly,2989.11,16,3,13,Electronics,Kolkata,India,gmail.com,iOS,Card,461,5,Yes,1,1
CUST101682,Arjun Gupta,45,Male,602204.0,INR,38,Silver,2022-07-07,2023-03-28,Rarely,1960.9,18,16,3,Books,Delhi,India,company.com,Web,Upi,1323,3,Yes,1,1
CUST101683,Myra Patel,32,Male,687996.0,INR,95,Silver,2023-03-15,2025-08-19,Daily,1086.22,4,3,0,Fashion,Ahmedabad,India,gmail.com,iOS,Debit Card,353,4,No,0,1
CUST101684,Pooja Nair,29,Female,373681.0,INR,43,Platinum,2021-03-13,2023-05-14,Weekly,1334.98,18,15,2,Electronics,Jaipur,India,gmail.com,Mobile,Upi,2061,3,Yes,0,1
CUST101685,Ishaan Iyer,23,Male,1.0,INR,46,Silver,2021-11-25,2023-06-20,Monthly,927.21,1,0,0,Kids,Pune,India,rediffmail.com,Android,Credit Card,1189,4,Yes,0,1
CUST101686,Ayaan Verma,34,Female,620957.0,INR,78,Gold,2021-01-09,2022-11-03,Monthly,3606.13,2,0,2,Food Court,Pune,India,gmail.com,Desktop,Upi,2839,1,Yes,0,1
CUST101687,Kiara Iyer,42,Male,700144.0,INR,73,Silver,2023-07-15,2025-11-28,Rarely,5029.81,11,2,9,Sports,Lucknow,India,gmail.com,Android,Upi,358,4,No,1,1
CUST101688,Aadhya Joshi,21,Female,990969.0,INR,43,Gold,2023-06-01,2023-12-21,Daily,1184.95,13,12,1,Fashion,Jaipur,India,gmail.com,iOS,Credit Card,842,1,Yes,1,1
CUST101689,Priya Mishra,65,Female,1392669.0,INR,65,Silver,2022-05-16,2024-09-24,Rarely,1654.11,2,0,1,Grocery,Pune,India,company.com,Web,Credit Card,1414,5,Yes,1,1
CUST101690,Vihaan Iyer,32,Female,504811.0,USD,61,Gold,2021-11-13,2024-01-19,Rarely,5153.51,1,0,1,Sports,Delhi,India,company.com,Web,Wallet,1621,4,Yes,0,1
CUST101691,Ishaan Mehta,10,Male,826940.0,INR,47,Basic,2024-10-02,2026-01-09,Daily,1817.0349999999999,6,2,4,Books,Pune,India,outlook.com,iOS,Upi,1636,1,No,0,1
CUST101692,Vivaan Sharma,33,Female,1570508.0,INR,60,Silver,2021-04-19,2023-05-26,Monthly,1568.26,6,2,4,Gaming,Mumbai,India,gmail.com,Web,Upi,1693,2,Yes,0,1
CUST101693,Sara Chopra,40,Female,309210.0,INR,24,Silver,2024-03-27,2025-08-04,Rarely,5502.75,12,6,6,Sports,Mumbai,India,gmail.com,Desktop,Cash,1569,2,Yes,0,1
CUST101694,Neha Kapoor,33,Female,1538577.0,INR,39,Silver,2022-10-04,2024-01-15,Monthly,2348.0,20,0,21,Grocery,Mumbai,India,gmail.com,Mobile,Upi,2225,3,No,0,1
CUST101695,Pooja Nair,44,Other,604216.0,INR,27,Silver,2024-12-14,2025-03-30,Rarely,1513.48,28,18,10,Home Decor,Lucknow,India,gmail.com,Android,Upi,613,1,Yes,1,1
CUST101696,Vihaan Chopra,36,Male,470208.0,INR,31,Basic,2024-09-16,2026-05-15,Weekly,4597.58,7,1,6,Food Court,Jaipur,India,gmail.com,Mobile,Wallet,1270,1,No,1,1
CUST101697,Rahul Sharma,48,Other,454197.0,INR,78,Silver,2021-05-05,2021-09-27,Monthly,4777.04,32,24,8,Grocery,Jaipur,India,hotmail.com,Web,Upi,0,4,No,0,1
CUST101698,Rahul Sharma,49,Female,648622.0,INR,56,Basic,2023-01-13,2024-08-16,Monthly,1103.01,18,12,6,Books,Chennai,India,company.com,iOS,Upi,1093,2,No,0,1
CUST101699,Aadhya Nair,18,Male,457618.0,INR,78,Silver,2022-05-29,2023-04-15,Weekly,866.25,34,2,33,Grocery,Chennai,India,gmail.com,iOS,Credit Card,1032,4,Yes,0,1
CUST101700,Rahul Khan,17,Female,800789.0,USD,34,Silver,2022-02-05,2023-02-04,Weekly,2236.95,18,3,15,Electronics,Chennai,India,rediffmail.com,iOS,Debit Card,251,5,Yes,0,1
CUST101701,Ananya Verma,38,Male,908802.0,INR,80,Platinum,2021-04-21,2021-05-25,Weekly,2272.67,1,0,2,Gaming,Kolkata,India,gmail.com,Web,Card,1552,5,No,0,1
CUST101702,Reyansh Sinha,46,Female,340766.0,INR,33,Silver,2021-09-04,2021-09-04,Monthly,996.06,3,0,4,Grocery,Mumbai,India,gmail.com,Web,Upi,1189,4,No,1,0
CUST101703,Pooja Mishra,39,Female,641703.0,INR,21,Gold,2024-05-22,2025-03-26,Weekly,2786.31,21,14,7,Electronics,Kolkata,India,gmail.com,iOS,Upi,1214,3,Yes,0,1
CUST101705,Reyansh Gupta,30,Female,279044.0,INR,37,Basic,2023-10-17,2025-02-13,Monthly,1023.97,27,7,21,Books,Jaipur,India,gmail.com,iOS,Wallet,372,3,No,0,1
CUST101706,Neha Khan,24,Female,332666.0,USD,54,Silver,2022-05-30,2024-07-09,Rarely,3605.83,3,2,0,Food Court,Lucknow,India,hotmail.com,Mobile,Upi,240,2,Yes,0,1
CUST101707,Meera Sharma,28,Female,811508.0,INR,72,Silver,2021-06-05,2022-04-14,Monthly,3127.72,1,0,1,Kids,Chennai,India,gmail.com,iOS,Upi,1181,1,No,0,1
CUST101708,Vivaan Kumar,36,Female,800239.0,USD,50,Silver,2022-10-15,2023-12-15,Weekly,1817.0349999999999,12,1,11,Home Decor,Hyderabad,India,company.com,Desktop,Credit Card,1461,4,Yes,1,1
CUST101709,Rahul Patel,38,Female,596055.0,INR,34,Silver,2024-11-02,2025-05-14,Rarely,2481.24,19,8,11,Sports,Lucknow,India,company.com,Web,Card,1951,5,Yes,1,1
CUST101710,Ishaan Mishra,7,Male,2169923.0,INR,23,Silver,2024-10-03,2026-04-23,Daily,1698.79,11,10,1,Beauty,Bangalore,India,gmail.com,Desktop,Wallet,2091,1,No,1,1
CUST101711,Sara Verma,32,Female,635124.0,INR,57,Silver,2023-09-11,2025-02-12,Daily,1774.24,23,0,23,Grocery,Chennai,India,company.com,iOS,Card,1589,4,Yes,0,1
CUST101712,Aarav Iyer,22,Male,572897.0,INR,50,Silver,2023-06-05,2023-06-19,Monthly,6604.52,9,6,3,Grocery,Bengaluru,India,hotmail.com,iOS,Credit Card,2026,3,No,0,1
CUST101713,Aditya Chopra,32,Male,681147.0,INR,1,Silver,2021-04-23,2022-10-28,Rarely,608.9,16,4,11,Electronics,Mumbai,India,outlook.com,Android,Debit Card,489,3,Yes,1,1
CUST101714,Ishaan Kumar,20,Male,1029722.0,INR,57,Silver,2022-12-24,2023-04-07,Weekly,1188.69,3,1,1,Fashion,Delhi,India,gmail.com,iOS,Wallet,1309,2,Yes,0,1
CUST101715,Diya Kumar,22,Female,737469.0,INR,71,Silver,2021-04-02,2022-12-31,Rarely,3658.64,26,23,4,Electronics,Ahmedabad,India,gmail.com,iOS,Upi,1149,3,Yes,1,1
CUST101716,Pooja Chopra,29,Other,748525.0,INR,81,Silver,2021-01-02,2022-04-10,Weekly,2253.86,14,4,10,Beauty,Kolkata,India,company.com,iOS,Debit Card,940,3,No,0,1
CUST101717,Ishaan Sinha,47,Female,402301.0,USD,53,Platinum,2021-03-16,2021-05-25,Rarely,1044.72,3,2,1,Electronics,Lucknow,India,hotmail.com,iOS,Upi,1907,4,Yes,0,1
CUST101718,Arjun Nair,42,Male,489859.0,INR,39,Silver,2025-07-25,2026-03-02,Rarely,5563.42,13,4,9,Grocery,Pune,India,gmail.com,Web,Credit Card,878,1,Yes,1,1
CUST101719,Pooja Rao,34,Female,648622.0,INR,91,Silver,2025-06-02,2025-08-19,Monthly,3290.82,4,1,4,Food Court,Pune,India,gmail.com,Desktop,Debit Card,1972,5,Yes,0,1
CUST101720,Priya Mishra,41,Male,648622.0,USD,80,Platinum,2021-07-17,2023-07-01,Weekly,1938.53,0,0,0,Grocery,Bengaluru,India,company.com,Desktop,Debit Card,1457,3,No,0,1
CUST101721,Rahul Joshi,31,Female,684820.0,INR,2,Gold,2023-06-27,2023-08-28,Weekly,1821.98,15,0,16,Fashion,Lucknow,India,gmail.com,Web,Card,1572,1,No,0,1
CUST101722,Saanvi Kumar,27,Female,373579.0,INR,7,Basic,2021-04-29,2021-06-28,Weekly,753.54,8,4,3,Fashion,Kolkata,India,company.com,iOS,Upi,1082,2,No,0,1
CUST101723,Amit Gupta,9,Other,778456.0,INR,15,Gold,2021-05-19,2021-08-21,Monthly,2117.47,5,0,5,Grocery,Ahmedabad,India,gmail.com,Android,Cash,742,1,Yes,1,1
CUST101724,Rahul Rao,33,Male,1128999.0,INR,72,Basic,2021-08-13,2023-11-27,Weekly,1898.44,5,3,2,Fashion,Lucknow,India,gmail.com,Web,Credit Card,2539,1,No,0,1
CUST101725,Vivaan Mishra,26,Male,588136.0,INR,39,Platinum,2021-07-15,2022-10-13,Rarely,3689.35,7,6,0,Gaming,Pune,India,hotmail.com,Desktop,Credit Card,1189,3,No,1,1
CUST_NEW0040,Sai Iyer,44,Female,648622.0,INR,68,Silver,2021-03-02,2021-03-02,Daily,1566.69,13,6,6,Electronics,Hyderabad,India,gmail.com,iOS,Upi,1003,3,Yes,0,0
CUST101727,Aarav Joshi,48,Male,567334.0,INR,88,Gold,2025-01-07,2026-01-07,Monthly,4406.18,39,0,39,Sports,Mumbai,India,gmail.com,Web,Debit Card,1842,3,Yes,0,1
CUST101728,Saanvi Khan,45,Female,999183.0,INR,42,Silver,2024-11-20,2026-01-22,Rarely,1488.71,2,0,3,Books,Pune,India,rediffmail.com,Android,Debit Card,1478,3,Yes,0,1
CUST101729,Rahul Joshi,43,Female,408478.0,INR,52,Silver,2021-01-15,2021-12-22,Rarely,971.03,1,0,1,Kids,Delhi,India,yahoo.com,Android,Debit Card,1598,5,Yes,0,1
CUST101730,Sai Verma,43,Male,725565.0,INR,52,Basic,2024-02-13,2024-07-24,Weekly,1055.8,24,22,2,Fashion,Pune,India,company.com,Web,Card,1102,3,Yes,0,1
CUST101732,Ananya Patel,36,Female,667130.0,INR,35,Silver,2022-08-15,2022-12-19,Rarely,523.89,10,1,9,Home Decor,Ahmedabad,India,gmail.com,Android,Debit Card,921,4,No,0,1
CUST101733,Vihaan Rao,46,Female,430406.0,INR,74,Platinum,2024-01-19,2024-08-19,Monthly,3095.49,19,13,7,Grocery,Delhi,India,gmail.com,iOS,Credit Card,435,4,Yes,0,1
CUST101734,Ira Joshi,21,Male,330701.0,INR,100,Basic,2023-11-30,2024-10-09,Rarely,6232.3,6,5,1,Food Court,Lucknow,India,gmail.com,Mobile,Upi,0,2,Yes,0,1
CUST101735,Vivaan Sharma,34,Other,283687.0,INR,45,Silver,2024-12-28,2025-03-20,Monthly,3837.22,17,7,9,Grocery,Hyderabad,India,gmail.com,iOS,Credit Card,1209,3,Yes,1,1
CUST101736, Arjun Singh ,33,Female,1322815.0,INR,54,Basic,2022-04-03,2024-03-23,Rarely,12808.76,15,11,4,Electronics,Kolkata,India,gmail.com,Android,Upi,312,3,No,1,1
CUST101737,Sara Iyer,56,Female,693418.0,INR,33,Gold,2022-09-19,2023-08-03,Weekly,1313.96,31,1,30,Kids,Kolkata,India,rediffmail.com,iOS,Credit Card,1590,5,No,0,1
CUST101738,Aadhya Reddy,20,Female,1208073.0,INR,70,Gold,2023-09-21,2024-04-02,Monthly,8993.0,37,0,37,Gaming,Bengaluru,India,gmail.com,Android,Upi,1479,5,No,0,1
CUST101739,Priya Khan,19,Male,490996.0,INR,64,Silver,2021-11-15,2023-09-16,Rarely,2287.26,41,26,15,Gaming,Delhi,India,yahoo.com,Android,Debit Card,310,1,No,0,1
CUST101740,Saanvi Singh,33,Female,648622.0,INR,46,Platinum,2022-01-26,2023-07-26,Monthly,3478.4,18,0,18,Gaming,Jaipur,India,gmail.com,Mobile,Upi,2037,4,Yes,1,1
CUST101741,Diya Chopra,39,Female,420080.0,INR,66,Silver,2023-01-04,2024-03-06,Weekly,2681.61,31,6,26,Kids,Chennai,India,company.com,iOS,Upi,904,5,No,0,1
CUST101742,Sara Reddy,32,Female,625666.0,INR,46,Platinum,2021-10-01,2024-02-26,Weekly,751.05,46,30,15,Books,Pune,India,outlook.com,iOS,Credit Card,1301,5,Yes,0,1
CUST101743,Aarav Mishra,6,Male,308785.0,INR,67,Silver,2021-01-05,2022-03-25,Rarely,1817.0349999999999,124,14,110,Home Decor,Bengaluru,India,gmail.com,Desktop,Cash,1234,5,Yes,0,1
CUST101744,Aditya Sinha,46,Male,140408.0,INR,56,Silver,2023-05-11,2024-03-04,Rarely,1172.0,6,4,1,Electronics,Jaipur,India,gmail.com,Mobile,Upi,1089,5,Yes,0,1
CUST101745,Ishaan Singh,19,Male,344215.0,USD,68,Silver,2024-10-19,2025-08-11,Weekly,3252.53,4,3,2,Books,Delhi,India,yahoo.com,Web,Upi,1189,4,Yes,0,1
CUST101746,Diya Patel,33,Other,478376.0,INR,79,Silver,2022-09-18,2023-10-18,Monthly,1139.75,7,3,4,Books,Bengaluru,India,gmail.com,Android,Wallet,2434,2,Yes,0,1
CUST101747, Aditya Patel ,52,Male,768963.0,INR,51,Basic,2022-08-16,2024-10-17,Daily,3395.86,9,1,9,Grocery,Mumbai,India,gmail.com,Android,Upi,1354,3,No,0,1
CUST101748,Saanvi Kapoor,38,Male,886978.0,INR,29,Silver,2023-03-31,2024-10-21,Daily,989.07,11,9,3,Electronics,Bengaluru,India,company.com,iOS,Credit Card,2198,4,No,0,1
CUST101749, Ananya Kumar ,43,Female,1270643.0,INR,67,Gold,2022-11-30,2024-11-03,Weekly,1850.01,2,1,0,Sports,Bengaluru,India,hotmail.com,Android,Wallet,631,4,Yes,0,1
CUST101750,Krishna Verma,28,Female,25000000.0,INR,44,Basic,2023-09-30,2024-02-02,Monthly,3136.5,83,18,65,Grocery,Bangalore,India,outlook.com,Web,Upi,0,2,No,0,1
CUST101751,Ananya Das,31,Female,956613.0,INR,25,Silver,2022-07-21,2024-07-22,Rarely,2747.0,6,0,5,Grocery,Kolkata,India,rediffmail.com,Android,Upi,1711,2,Yes,0,1
CUST101752,Riya Mehta,55,Male,629550.0,INR,1,Gold,2021-06-15,2022-04-01,Weekly,7095.11,22,8,15,Gaming,Lucknow,India,gmail.com,iOS,Debit Card,52,5,Yes,0,1
CUST101753,Aarav Gupta,33,Male,310475.0,INR,50,Silver,2024-04-17,2024-06-16,Rarely,3944.18,16,4,12,Gaming,Ahmedabad,India,gmail.com,Web,Credit Card,2032,5,No,1,1
CUST101755,Aarav Kapoor,32,Male,707189.0,INR,63,Platinum,2022-12-10,2024-01-08,Weekly,2805.89,20,16,4,Beauty,Kolkata,India,company.com,iOS,Card,1430,2,No,1,1
CUST101756,Rahul Iyer,31,Male,1495702.0,INR,72,Platinum,2021-12-20,2023-07-13,Rarely,893.28,31,12,18,Beauty,Bangalore,India,company.com,Android,Credit Card,1395,5,Yes,1,1
CUST101757,Krishna Kumar,27,Male,314949.0,INR,48,Basic,2021-09-24,2021-09-24,Weekly,515.21,8,1,7,Grocery,Hyderabad,India,gmail.com,iOS,Wallet,1505,1,Yes,0,0
CUST101758,Sara Mehta,26,Female,847246.0,INR,60,Silver,2023-01-09,2025-04-02,Rarely,2768.73,15,5,9,Electronics,Pune,India,gmail.com,Web,Upi,1056,3,No,0,1
CUST101759, Ayaan Verma ,31,Female,425699.0,USD,48,Silver,2025-03-28,2026-04-19,Rarely,1318.85,2,0,2,Fashion,Lucknow,India,company.com,Desktop,Upi,243,3,Yes,1,1
CUST101760,Rahul Mehta,16,Female,419181.0,INR,73,Silver,2024-06-28,2026-04-15,Weekly,9869.02,9,5,4,Electronics,Hyderabad,India,gmail.com,Desktop,Credit Card,663,3,Yes,0,1
CUST101761,Ishaan Gupta,30,Other,504762.0,INR,23,Basic,2021-05-16,2022-11-07,Rarely,2476.38,36,26,9,Sports,Ahmedabad,India,gmail.com,Desktop,Card,1328,4,No,1,1
CUST101762,Ayaan Mehta,28,Female,193295.0,INR,57,Gold,2023-09-05,2025-08-11,Monthly,4948.22,72,22,49,Grocery,Delhi,India,outlook.com,iOS,Credit Card,1825,4,No,1,1
CUST101763,Vihaan Sinha,42,Male,558837.0,INR,76,Silver,2021-01-11,2023-02-06,Monthly,3753.22,12,8,9,Gaming,Mumbai,India,rediffmail.com,Android,Debit Card,1179,2,Yes,0,1
CUST101764,Krishna Reddy,37,Female,598272.0,INR,93,Platinum,2024-06-26,2024-08-11,Daily,911.04,5,1,4,Grocery,Mumbai,India,gmail.com,Android,Debit Card,1356,4,No,0,1
CUST101765,Ayaan Reddy,61,Male,480581.0,INR,39,Silver,2025-05-01,2026-06-01,Rarely,173.4,4,3,1,Food Court,Chennai,India,gmail.com,iOS,Upi,1431,4,No,1,1
CUST101766,Aarav Gupta,32,Male,935268.0,INR,67,Platinum,2025-01-23,2025-05-19,Monthly,4022.3,20,4,15,Kids,Chennai,India,yahoo.com,Web,Card,1342,1,Yes,0,1
CUST101767,Ishaan Kumar,16,Female,622094.0,INR,57,Platinum,2021-08-13,2021-10-14,Weekly,3664.78,81,42,39,Grocery,Chennai,India,gmail.com,Web,Upi,1642,5,No,0,1
CUST101768,Myra Reddy,22,Male,1449251.0,INR,26,Silver,2022-02-13,2022-07-04,Rarely,500.3,6,1,5,Electronics,Chennai,India,gmail.com,iOS,Wallet,1316,3,Yes,0,1
CUST101769,Sai Kapoor,45,Male,309427.0,INR,49,Gold,2022-12-15,2023-01-16,Monthly,7005.21,10,6,4,Food Court,Hyderabad,India,company.com,iOS,Upi,1294,5,No,0,1
CUST101770,Meera Verma,4,Male,202849.0,INR,41,Silver,2021-08-24,2023-11-29,Daily,2566.22,13,1,12,Beauty,Ahmedabad,India,yahoo.com,iOS,Debit Card,2368,5,No,1,1
CUST101771,Saanvi Khan,38,Female,430140.0,INR,1,Platinum,2021-03-19,2023-01-02,Rarely,1098.0,0,0,0,Kids,Kolkata,India,rediffmail.com,Web,Upi,1623,4,Yes,1,1
CUST101772,Aditya Rao,31,Male,496830.0,INR,39,Gold,2021-09-23,2021-11-30,Monthly,768.14,4,3,1,Beauty,Chennai,India,gmail.com,iOS,Credit Card,842,2,Yes,1,1
CUST101773,Reyansh Sharma,11,Male,1120594.0,INR,33,Gold,2023-09-20,2024-07-20,Monthly,2352.46,21,2,18,Books,Bengaluru,India,hotmail.com,Mobile,Credit Card,1067,3,Yes,1,1
CUST101774,Sai Mehta,38,Female,527875.0,INR,51,Gold,2024-06-22,2025-12-10,Weekly,2392.08,1,0,2,Fashion,Lucknow,India,gmail.com,Android,Credit Card,956,3,No,0,1
CUST101776,Myra Sharma,33,Female,760231.0,INR,69,Platinum,2024-12-01,2026-06-25,Monthly,1872.32,7,2,5,Electronics,Delhi,India,yahoo.com,Mobile,Credit Card,1565,3,Yes,0,1
CUST101777,Saanvi Sinha,44,Female,648622.0,INR,34,Platinum,2023-11-12,2025-08-28,Rarely,1029.26,6,3,3,Beauty,Hyderabad,India,outlook.com,iOS,Debit Card,1351,2,Yes,0,1
CUST101778,Ayaan Singh,34,Male,502146.0,INR,81,Silver,2025-06-18,2025-08-07,Weekly,2213.53,7,5,2,Food Court,Pune,India,company.com,Desktop,Upi,2072,4,Yes,0,1
CUST101779,Arjun Joshi,40,Male,662068.0,INR,41,Gold,2023-10-26,2026-02-28,Rarely,901.21,5,2,3,Grocery,Hyderabad,India,gmail.com,iOS,Debit Card,302,5,No,0,1
CUST101780,Myra Gupta,32,Female,333287.0,USD,61,Platinum,2023-12-10,2024-07-02,Rarely,1023.87,6,0,5,Home Decor,Hyderabad,India,outlook.com,iOS,Card,2142,3,No,0,1
CUST101781,Ayaan Iyer,30,Female,378512.0,USD,35,Basic,2022-09-08,2025-01-20,Weekly,2882.07,28,21,6,Grocery,Lucknow,India,hotmail.com,Android,Credit Card,1855,1,Yes,0,1
CUST101782,Krishna Patel,23,Female,906190.0,INR,70,Basic,2023-03-08,2023-10-30,Rarely,1019.2,8,1,8,Beauty,Delhi,India,yahoo.com,Mobile,Card,1400,5,No,0,1
CUST101783,Kiara Gupta,16,Female,415976.0,USD,58,Silver,2024-03-18,2024-05-11,Rarely,1771.74,10,0,11,Home Decor,Hyderabad,India,rediffmail.com,iOS,Wallet,1978,4,No,0,1
CUST101784,Diya Kumar,28,Male,793336.0,INR,74,Silver,2025-08-08,2025-12-28,Weekly,2152.46,13,2,11,Home Decor,Ahmedabad,India,gmail.com,Android,Debit Card,1869,2,Yes,0,1
CUST101785, Neha Joshi ,9,Male,1523559.0,USD,53,Platinum,2023-09-02,2024-01-12,Rarely,1044.58,8,0,7,Grocery,Kolkata,India,gmail.com,Desktop,Upi,1332,2,No,0,1
CUST101786,Rahul Mishra,32,Other,906452.0,INR,29,Silver,2025-06-20,2025-08-20,Daily,1817.0349999999999,15,8,7,Electronics,Hyderabad,India,company.com,Android,Cash,690,4,Yes,0,1
CUST101787,Rahul Nair,27,Female,429961.0,INR,72,Gold,2022-05-13,2023-07-15,Weekly,1282.41,16,11,6,Kids,Delhi,India,yahoo.com,iOS,Cash,1171,4,Yes,0,1
CUST_NEW0041,Aarav Mishra,44,Other,648622.0,USD,44,Basic,2021-10-11,2023-11-16,Weekly,1690.71,7,2,5,Electronics,Hyderabad,India,yahoo.com,Mobile,Debit Card,966,2,Yes,0,1
CUST101789,Reyansh Chopra,47,Male,687217.0,INR,49,Silver,2024-12-14,2025-08-01,Weekly,1815.09,3,1,2,Gaming,Chennai,India,yahoo.com,Android,Upi,904,2,No,0,1
CUST101790, Rahul Das ,52,Female,681105.0,INR,25,Basic,2024-02-02,2025-12-03,Weekly,3395.34,1,0,0,Beauty,Lucknow,India,gmail.com,Web,Upi,1006,1,No,1,1
CUST101791,Sai Joshi,28,Other,360782.0,INR,60,Silver,2023-05-15,2023-11-11,Weekly,648.91,15,6,9,Kids,Lucknow,India,company.com,Web,Upi,317,4,Yes,0,1
CUST101792,Kiara Das,23,Male,595753.0,INR,75,Silver,2021-06-14,2021-06-20,Rarely,5057.59,7,1,6,Food Court,Delhi,India,gmail.com,Mobile,Cash,40,1,No,1,1
CUST101793,Priya Singh,13,Other,650528.0,INR,95,Silver,2023-07-25,2025-09-30,Rarely,1220.68,0,0,0,Grocery,Bengaluru,India,rediffmail.com,Web,Cash,1612,2,No,0,1
CUST101794,Vivaan Verma,33,Male,591078.0,INR,53,Basic,2023-03-12,2024-08-19,Rarely,2797.64,2,1,1,Electronics,Bangalore,India,yahoo.com,Web,Card,36,5,Yes,0,1
CUST101795,Ishaan Chopra,42,Other,288697.0,INR,69,Basic,2021-12-04,2023-09-09,Weekly,3571.08,1,0,1,Kids,Delhi,India,gmail.com,Android,Credit Card,1251,4,Yes,0,1
CUST101796,Amit Sinha,25,Male,1013665.0,USD,37,Gold,2024-03-08,2025-11-16,Rarely,1153.25,29,3,25,Home Decor,Ahmedabad,India,gmail.com,Android,Credit Card,1296,1,Yes,0,1
CUST101797,Rahul Patel,38,Female,1278361.0,INR,50,Silver,2023-01-13,2023-07-04,Weekly,6881.93,19,8,11,Food Court,Kolkata,India,outlook.com,Mobile,Debit Card,1725,3,Yes,0,1
CUST101798,Saanvi Khan,33,Male,453853.0,INR,39,Silver,2022-05-27,2024-04-26,Rarely,2236.31,3,0,3,Home Decor,Jaipur,India,gmail.com,Web,Cash,852,4,Yes,0,1
CUST101799,Ananya Mishra,46,Male,1138745.0,INR,75,Basic,2023-09-16,2024-04-08,Rarely,1469.85,9,2,8,Home Decor,Hyderabad,India,rediffmail.com,iOS,Wallet,796,1,Yes,1,1
CUST101800, Saanvi Das ,33,Male,285327.0,INR,19,Silver,2022-11-25,2023-03-01,Rarely,2712.12,4,3,1,Gaming,Bengaluru,India,gmail.com,Mobile,Cash,0,5,Yes,1,1
CUST101801,Priya Iyer,19,Female,443246.0,INR,100,Silver,2024-10-29,2024-11-13,Monthly,566.58,16,2,15,Kids,Hyderabad,India,gmail.com,iOS,Debit Card,378,4,Yes,1,1
CUST101802,Vihaan Singh,21,Female,850743.0,INR,28,Basic,2021-07-21,2021-07-21,Rarely,804.59,4,0,4,Electronics,Lucknow,India,gmail.com,Mobile,Upi,1388,1,Yes,1,0
CUST101803,Aditya Patel,43,Female,274685.0,INR,62,Silver,2023-10-22,2024-10-20,Weekly,1817.0349999999999,30,20,11,Books,Bengaluru,India,rediffmail.com,Desktop,Credit Card,1493,3,Yes,0,1
CUST101804,Vihaan Patel,31,Female,676541.0,USD,100,Basic,2023-10-13,2025-06-08,Daily,491.81,14,7,6,Grocery,Kolkata,India,gmail.com,iOS,Upi,1321,3,No,0,1
CUST101805,Kiara Joshi,22,Female,853879.0,INR,78,Gold,2022-05-27,2024-03-22,Weekly,333.18,2,0,2,Sports,Chennai,India,gmail.com,iOS,Credit Card,291,3,Yes,1,1
CUST101806,Vivaan Mishra,35,Male,597574.0,INR,52,Silver,2024-04-29,2025-08-08,Daily,1143.05,24,15,9,Gaming,Kolkata,India,gmail.com,Web,Debit Card,1731,5,No,0,1
CUST101807,Krishna Joshi,38,Female,909234.0,INR,72,Platinum,2024-11-26,2025-01-21,Rarely,1318.81,40,12,27,Home Decor,Delhi,India,rediffmail.com,Mobile,Credit Card,1282,5,Yes,0,1
CUST101808, Saanvi Rao ,23,Female,540758.0,INR,53,Basic,2025-06-27,2025-09-05,Monthly,5132.07,6,3,4,Electronics,Jaipur,India,hotmail.com,Web,Card,1376,5,Yes,1,1
CUST101809,Diya Iyer,33,Female,1063225.0,INR,77,Silver,2025-04-18,2025-09-29,Rarely,2179.88,12,4,1,Home Decor,Kolkata,India,gmail.com,Android,Debit Card,1762,4,No,1,1
CUST101810,Ira Nair,28,Female,434466.0,INR,34,Basic,2023-08-28,2024-01-28,Rarely,7069.98,55,18,37,Gaming,Ahmedabad,India,hotmail.com,Web,Upi,782,1,Yes,1,1
CUST101811,Ishaan Reddy,55,Female,591692.0,INR,28,Gold,2021-04-04,2022-10-20,Daily,947.86,10,6,3,Grocery,Mumbai,India,gmail.com,Desktop,Wallet,1851,1,No,0,1
CUST101812,Meera Mehta,0,Male,649629.0,INR,92,Silver,2021-12-28,2024-06-01,Monthly,617.7,21,19,3,Electronics,Lucknow,India,gmail.com,Web,Card,1222,5,Yes,0,1
CUST101813,Diya Mishra,16,Female,747327.0,USD,67,Basic,2024-01-17,2024-02-22,Weekly,2361.24,26,20,6,Fashion,Mumbai,India,company.com,Mobile,Upi,2152,2,No,0,1
CUST101814,Krishna Verma,33,Male,456902.0,INR,35,Platinum,2021-10-08,2022-09-11,Rarely,2366.88,25,8,17,Home Decor,Kolkata,India,hotmail.com,iOS,Wallet,272,1,Yes,0,1
CUST101815,Krishna Iyer,22,Male,457349.0,USD,47,Basic,2024-08-08,2024-09-02,Rarely,1260.32,12,2,1,Home Decor,Mumbai,India,rediffmail.com,Web,Upi,1624,5,No,0,1
CUST101816,Meera Nair,23,Male,648622.0,INR,20,Platinum,2023-10-06,2024-12-23,Rarely,1169.93,58,20,39,Home Decor,Chennai,India,gmail.com,Desktop,Credit Card,810,3,No,0,1
CUST101817,Ananya Mehta,33,Male,882986.0,INR,51,Basic,2025-03-23,2025-03-23,Weekly,691.03,5,3,1,Sports,Kolkata,India,gmail.com,iOS,Upi,1939,3,Yes,0,0
CUST101818,Kiara Kumar,40,Male,648622.0,USD,71,Silver,2023-06-18,2024-07-07,Monthly,2899.19,1,0,1,Grocery,Lucknow,India,rediffmail.com,Android,Upi,1930,1,No,0,1
CUST101819,Vivaan Mehta,24,Male,660506.0,INR,73,Platinum,2023-10-21,2024-07-22,Monthly,600.92,23,13,10,Beauty,Mumbai,India,company.com,Web,Upi,842,3,No,0,1
CUST101820,Sara Verma,28,Male,760580.0,INR,75,Gold,2024-03-24,2025-07-19,Monthly,1636.89,19,16,3,Food Court,Chennai,India,gmail.com,iOS,Cash,1054,1,Yes,1,1
CUST101821,Sai Iyer,47,Male,1081402.0,INR,85,Silver,2023-10-28,2024-11-08,Weekly,1751.52,0,0,0,Grocery,Jaipur,India,yahoo.com,Android,Credit Card,974,1,Yes,0,1
CUST101822,Aditya Sinha,35,Male,449201.0,INR,63,Platinum,2024-09-03,2025-10-10,Monthly,2534.74,55,28,28,Beauty,Hyderabad,India,outlook.com,Mobile,Card,1288,5,Yes,0,1
CUST101823,Riya Joshi,33,Female,648622.0,INR,61,Silver,2024-09-04,2025-04-02,Monthly,2698.81,0,0,0,Gaming,Pune,India,rediffmail.com,iOS,Credit Card,70,5,Yes,0,1
CUST101825, Rahul Gupta ,40,Female,521423.0,INR,66,Basic,2022-11-12,2023-09-14,Rarely,752.2,12,11,2,Electronics,Delhi,India,hotmail.com,Desktop,Card,2837,2,Yes,0,1
CUST101826,Amit Patel,32,Female,208988.0,USD,83,Silver,2021-11-03,2021-11-29,Monthly,2380.31,12,3,3,Fashion,Jaipur,India,hotmail.com,Android,Cash,956,4,Yes,0,1
CUST101827,Saanvi Singh,22,Female,516408.0,INR,77,Basic,2021-01-03,2021-04-15,Monthly,1838.01,25,1,25,Gaming,Bengaluru,India,yahoo.com,iOS,Card,538,1,Yes,0,1
CUST101828,Diya Iyer,21,Male,613374.0,USD,41,Silver,2024-07-08,2025-07-12,Monthly,1817.0349999999999,2,0,3,Sports,Lucknow,India,gmail.com,iOS,Upi,1379,2,Yes,0,1
CUST101829,Pooja Rao,33,Other,1649492.0,INR,61,Platinum,2022-10-16,2024-12-25,Rarely,3334.88,19,4,16,Food Court,Pune,India,hotmail.com,Web,Wallet,0,3,Yes,0,1
CUST101830,Diya Patel,24,Male,604352.0,INR,47,Silver,2021-10-30,2022-01-10,Daily,2073.95,67,64,3,Gaming,Delhi,India,gmail.com,iOS,Upi,1423,3,No,0,1
CUST101831,Sara Joshi,29,Male,1625373.0,INR,32,Silver,2021-01-03,2021-09-12,Weekly,1338.46,0,0,0,Fashion,Jaipur,India,gmail.com,Android,Wallet,1880,5,Yes,1,1
CUST101832,Aarav Kumar,38,Female,702116.0,INR,54,Platinum,2022-03-07,2024-01-19,Monthly,598.94,7,4,3,Fashion,Kolkata,India,gmail.com,Mobile,Upi,1597,1,Yes,0,1
CUST101833,Ananya Mehta,35,Other,799219.0,INR,1,Silver,2024-05-28,2024-05-28,Monthly,1184.16,8,1,8,Food Court,Chennai,India,yahoo.com,Web,Card,1876,4,No,1,0
CUST101834,Amit Reddy,44,Female,172739.0,INR,72,Basic,2022-02-28,2022-07-26,Weekly,2266.69,33,14,20,Electronics,Mumbai,India,yahoo.com,iOS,Debit Card,1430,3,No,0,1
CUST101835, Aditya Das ,29,Male,850236.0,INR,100,Gold,2021-09-16,2023-11-28,Monthly,2011.65,77,3,74,Electronics,Hyderabad,India,company.com,Web,Credit Card,845,3,No,0,1
CUST101836,Aditya Khan,37,Female,2132116.0,INR,59,Basic,2022-01-18,2022-03-16,Weekly,4949.0,37,14,24,Fashion,Kolkata,India,yahoo.com,Desktop,Card,955,4,No,1,1
CUST101837,Aadhya Mishra,43,Female,613070.0,INR,73,Platinum,2021-08-03,2022-12-06,Rarely,1346.15,10,9,2,Home Decor,Mumbai,India,company.com,iOS,Upi,691,2,No,1,1
CUST101838,Diya Chopra,49,Other,457318.0,INR,52,Silver,2024-01-02,2025-05-21,Daily,2871.71,2,1,1,Kids,Mumbai,India,gmail.com,Android,Wallet,1603,5,No,0,1
CUST101839,Ananya Sinha,39,Female,1340350.0,INR,56,Silver,2021-09-16,2022-05-18,Weekly,7861.13,23,1,22,Beauty,Lucknow,India,gmail.com,Android,Upi,753,3,Yes,0,1
CUST101840,Sai Sharma,30,Female,813714.0,INR,94,Silver,2025-04-26,2026-06-17,Weekly,10815.48,5,2,2,Fashion,Ahmedabad,India,gmail.com,Desktop,Credit Card,602,2,Yes,0,1
CUST101841,Ayaan Singh,20,Female,2452403.0,INR,33,Basic,2023-02-04,2023-02-04,Daily,1073.96,0,0,0,Sports,Jaipur,India,gmail.com,Web,Credit Card,1493,2,No,1,0
CUST101842,Neha Nair,45,Female,901347.0,INR,51,Silver,2024-05-24,2026-08-05,Weekly,1551.86,11,8,2,Gaming,Ahmedabad,India,yahoo.com,iOS,Credit Card,1481,3,Yes,1,1
CUST101843,Amit Iyer,23,Female,590905.0,INR,36,Platinum,2022-01-30,2023-09-28,Monthly,1659.84,20,7,13,Home Decor,Jaipur,India,gmail.com,iOS,Wallet,1305,2,Yes,0,1
CUST101844, Pooja Das ,16,Male,646880.0,INR,30,Platinum,2021-07-04,2023-02-21,Monthly,3693.57,23,9,13,Electronics,Kolkata,India,gmail.com,Desktop,Wallet,1045,4,Yes,0,1
CUST101845,Sara Sharma,31,Female,978706.0,USD,54,Gold,2024-08-07,2024-08-07,Weekly,1318.52,3,0,3,Books,Jaipur,India,outlook.com,Web,Cash,1331,5,No,0,0
CUST101846,Krishna Sharma,25,Male,648622.0,INR,35,Silver,2024-12-09,2025-12-13,Weekly,3087.84,20,4,15,Home Decor,Kolkata,India,rediffmail.com,Android,Cash,851,1,Yes,0,1
CUST101847,Aarav Singh,24,Other,360431.0,INR,83,Basic,2024-10-09,2024-11-17,Weekly,1555.62,5,3,3,Electronics,Pune,India,gmail.com,Desktop,Upi,991,3,Yes,0,1
CUST100974,Neha Singh,46,Female,678258.0,USD,32,Gold,2025-07-16,2025-09-12,Rarely,794.01,3,0,3,Food Court,Delhi,India,company.com,Android,Upi,1441,2,Yes,1,1
CUST101849,Neha Khan,40,Other,552602.0,INR,60,Basic,2025-04-24,2026-02-05,Daily,2777.36,3,0,3,Gaming,Pune,India,gmail.com,iOS,Upi,1446,2,No,0,1
CUST101850,Sara Mishra,32,Female,841811.0,INR,15,Basic,2022-07-19,2023-07-28,Weekly,743.0,14,11,3,Kids,Jaipur,India,outlook.com,iOS,Credit Card,1895,1,No,0,1
CUST101851,Ayaan Singh,69,Female,1552967.0,INR,76,Gold,2021-12-30,2022-07-02,Rarely,1200.61,0,0,0,Sports,Jaipur,India,gmail.com,Desktop,Wallet,1088,5,No,0,1
CUST101852,Priya Kumar,39,Female,275509.0,INR,68,Silver,2023-12-21,2025-12-25,Rarely,3932.61,22,11,10,Electronics,Ahmedabad,India,gmail.com,Mobile,Upi,1561,1,No,0,1
CUST101853,Reyansh Singh,19,Female,601911.0,INR,94,Platinum,2021-05-07,2023-07-28,Daily,1489.89,19,3,16,Electronics,Hyderabad,India,company.com,Web,Debit Card,0,2,No,0,1
CUST101854,Diya Iyer,33,Male,706552.0,INR,72,Platinum,2023-03-06,2025-04-22,Rarely,1582.09,13,12,1,Electronics,Hyderabad,India,gmail.com,Android,Debit Card,1995,5,Yes,0,1
CUST101855,Sai Nair,21,Female,659673.0,INR,41,Gold,2022-09-01,2022-11-28,Monthly,1949.18,3,0,2,Fashion,Lucknow,India,gmail.com,Web,Upi,165,2,Yes,0,1
CUST101856,Kiara Sinha,21,Female,896801.0,INR,70,Silver,2021-03-12,2023-05-07,Rarely,439.47,5,1,4,Fashion,Lucknow,India,gmail.com,Mobile,Upi,1049,2,Yes,0,1
CUST101857,Reyansh Sharma,33,Female,503371.0,INR,64,Platinum,2023-11-28,2025-03-29,Monthly,1387.59,3,0,2,Books,Lucknow,India,outlook.com,Desktop,Upi,1271,4,No,0,1
CUST101858,Aadhya Mehta,39,Female,925086.0,INR,71,Silver,2024-10-29,2025-09-01,Rarely,12020.82,3,1,3,Home Decor,Delhi,India,gmail.com,Android,Credit Card,2202,5,No,0,1
CUST101859,Priya Verma,21,Female,721808.0,INR,2,Gold,2023-03-20,2025-05-30,Monthly,1170.7,70,32,39,Food Court,Pune,India,outlook.com,Web,Credit Card,607,3,Yes,0,1
CUST101860,Neha Kapoor,36,Female,2092461.0,INR,82,Gold,2022-03-12,2023-01-07,Rarely,6977.17,57,5,52,Grocery,Bengaluru,India,yahoo.com,Android,Debit Card,1326,3,Yes,0,1
CUST_NEW0042,Aarav Nair,45,Female,278794.0,USD,20,Basic,2023-10-05,2024-05-31,Rarely,2631.37,14,4,10,Food Court,Bangalore,India,gmail.com,Web,Card,485,5,No,0,1
CUST101862,Amit Reddy,49,Other,648622.0,USD,61,Gold,2024-10-08,2025-07-01,Weekly,5510.33,15,7,8,Beauty,Bengaluru,India,hotmail.com,Web,Debit Card,1847,3,No,0,1
CUST101863,Kiara Gupta,58,Female,937876.0,INR,65,Platinum,2024-02-24,2025-08-31,Monthly,642.74,14,3,10,Kids,Delhi,India,company.com,iOS,Credit Card,196,2,No,1,1
CUST101864,Vihaan Nair,41,Male,544784.0,INR,60,Silver,2024-07-12,2026-03-05,Rarely,4087.6,8,0,8,Gaming,Chennai,India,gmail.com,Mobile,Upi,1964,3,No,0,1
CUST101865,Aadhya Verma,45,Male,296120.0,USD,16,Basic,2022-09-19,2024-08-20,Monthly,625.38,22,0,21,Electronics,Bengaluru,India,hotmail.com,Android,Card,931,3,Yes,0,1
CUST101866,Saanvi Singh,46,Female,807438.0,INR,72,Basic,2025-01-17,2025-06-15,Weekly,6311.45,1,0,1,Kids,Kolkata,India,gmail.com,Web,Upi,1380,4,Yes,1,1
CUST101868,Ishaan Reddy,33,Male,997028.0,INR,56,Platinum,2022-08-11,2023-08-05,Monthly,1379.69,1,0,0,Food Court,Jaipur,India,hotmail.com,iOS,Debit Card,2333,5,No,0,1
CUST101869,Aadhya Sharma,39,Male,758625.0,INR,44,Gold,2022-04-01,2023-10-22,Rarely,1696.44,28,12,16,Grocery,Chennai,India,gmail.com,Android,Upi,671,1,Yes,1,1
CUST100811,Krishna Mishra,44,Male,1832716.0,INR,42,Basic,2023-06-15,2025-04-25,Weekly,5199.1,33,23,10,Gaming,Kolkata,India,gmail.com,iOS,Debit Card,554,5,Yes,0,1
CUST101871,Aditya Sharma,30,Female,210452.0,INR,40,Platinum,2023-09-14,2024-04-19,Monthly,4888.16,52,23,30,Kids,Hyderabad,India,company.com,Android,Cash,1938,5,Yes,0,1
CUST101872,Arjun Nair,39,Male,253632.0,INR,79,Silver,2024-01-13,2025-09-05,Rarely,1862.45,9,4,5,Fashion,Ahmedabad,India,rediffmail.com,Web,Credit Card,448,2,No,0,1
CUST101873,Arjun Mehta,26,Female,650627.0,INR,72,Platinum,2022-07-31,2023-03-01,Weekly,2326.64,8,4,5,Electronics,Ahmedabad,India,gmail.com,Web,Card,2366,4,No,1,1
CUST101874,Arjun Reddy,21,Female,337963.0,INR,57,Basic,2023-12-25,2024-09-17,Daily,1147.11,32,27,4,Grocery,Delhi,India,outlook.com,iOS,Upi,1991,2,Yes,1,1
CUST101875,Riya Verma,37,Female,252804.0,INR,40,Basic,2025-06-15,2025-12-16,Weekly,1268.45,0,0,0,Electronics,Mumbai,India,gmail.com,Android,Debit Card,717,1,No,1,1
CUST101876,Riya Kumar,24,Female,902668.0,INR,52,Platinum,2022-01-23,2024-03-23,Rarely,3937.93,25,11,15,Sports,Bangalore,India,gmail.com,iOS,Card,1224,4,Yes,0,1
CUST101877,Aditya Khan,60,Female,799390.0,INR,47,Basic,2025-08-04,2026-04-05,Rarely,505.3,12,5,8,Gaming,Jaipur,India,gmail.com,Mobile,Upi,623,1,No,0,1
CUST101878,Aarav Verma,38,Female,1241091.0,INR,82,Platinum,2023-01-31,2025-06-24,Daily,3237.78,6,0,6,Books,Kolkata,India,hotmail.com,Android,Upi,2518,5,No,0,1
CUST101879,Ira Das,36,Male,755249.0,USD,77,Basic,2023-08-29,2025-09-28,Monthly,2974.83,27,13,13,Fashion,Pune,India,rediffmail.com,iOS,Card,1650,4,Yes,0,1
CUST101880,Aarav Sharma,33,Male,2848327.0,INR,47,Basic,2021-08-18,2023-05-12,Weekly,449.62,10,0,9,Sports,Jaipur,India,gmail.com,Android,Upi,1405,3,Yes,0,1
CUST101882,Aditya Khan,6,Female,1377660.0,INR,67,Basic,2021-09-08,2023-06-29,Rarely,4007.82,24,18,6,Beauty,Mumbai,India,yahoo.com,Android,Debit Card,1374,1,Yes,0,1
CUST101883,Vihaan Gupta,21,Female,969960.0,INR,44,Silver,2021-04-21,2022-04-07,Rarely,1345.22,14,13,2,Kids,Kolkata,India,gmail.com,Android,Credit Card,196,4,No,0,1
CUST101884,Ira Mishra,23,Female,644570.0,INR,41,Gold,2024-11-09,2025-03-14,Rarely,3437.66,5,1,5,Sports,Chennai,India,outlook.com,iOS,Upi,1626,5,Yes,0,1
CUST101885,Neha Khan,25,Male,137998.0,INR,68,Silver,2024-06-20,2025-10-18,Monthly,1817.0349999999999,35,11,24,Books,Bengaluru,India,gmail.com,iOS,Upi,1854,5,No,1,1
CUST101886,Myra Chopra,35,Male,919804.0,INR,66,Silver,2022-01-24,2022-06-18,Monthly,494.94,45,13,33,Grocery,Jaipur,India,gmail.com,Mobile,Credit Card,1042,1,Yes,1,1
CUST101887,Arjun Gupta,49,Female,1870281.0,INR,62,Gold,2023-03-13,2023-12-25,Rarely,2914.36,2,1,0,Fashion,Mumbai,India,gmail.com,iOS,Card,1162,3,Yes,0,1
CUST101888,Vihaan Khan,33,Male,315967.0,INR,60,Platinum,2023-05-11,2025-03-24,Weekly,1025.87,10,6,3,Electronics,Jaipur,India,hotmail.com,Desktop,Upi,688,4,Yes,0,1
CUST101889,Vivaan Kapoor,34,Female,1448012.0,INR,57,Silver,2022-10-24,2024-12-19,Weekly,289.31,44,30,14,Books,Jaipur,India,gmail.com,Android,Upi,1835,2,Yes,0,1
CUST101890,Ishaan Mishra,33,Male,606981.0,INR,73,Silver,2022-04-04,2023-07-08,Daily,1044.41,8,3,5,Kids,Pune,India,outlook.com,Android,Upi,560,3,No,0,1
CUST101891,Kiara Kumar,20,Female,446462.0,INR,57,Platinum,2023-09-10,2025-11-17,Rarely,2833.81,38,22,17,Food Court,Kolkata,India,company.com,iOS,Credit Card,1213,2,No,0,1
CUST101892,Vihaan Das,33,Male,474032.0,INR,35,Gold,2023-05-05,2023-08-31,Daily,2103.3,1,0,1,Beauty,Jaipur,India,yahoo.com,Web,Cash,767,2,No,0,1
CUST101893,Rahul Mehta,25,Other,1125334.0,INR,1,Gold,2023-01-16,2024-11-03,Monthly,1042.39,17,0,17,Beauty,Delhi,India,gmail.com,Web,Upi,863,2,No,1,1
CUST101894,Vihaan Joshi,37,Female,398824.0,INR,88,Basic,2021-06-22,2022-07-01,Weekly,4257.57,38,4,34,Fashion,Bangalore,India,hotmail.com,Android,Cash,598,4,No,0,1
CUST101895,Sai Sharma,42,Female,664787.0,INR,43,Silver,2023-12-24,2024-03-16,Monthly,1458.64,35,0,35,Sports,Kolkata,India,hotmail.com,Desktop,Upi,1991,5,Yes,0,1
CUST101896,Neha Verma,37,Other,738511.0,INR,100,Silver,2022-10-13,2022-10-20,Rarely,517.13,7,5,2,Books,Kolkata,India,gmail.com,iOS,Credit Card,1496,5,Yes,0,1
CUST101897,Riya Mehta,40,Male,984040.0,INR,56,Basic,2022-06-18,2023-03-20,Monthly,661.25,16,11,5,Books,Kolkata,India,gmail.com,iOS,Upi,1820,3,No,0,1
CUST101898,Krishna Gupta,64,Female,964940.0,INR,25,Gold,2021-05-02,2022-03-07,Monthly,2569.12,3,1,3,Electronics,Pune,India,gmail.com,iOS,Card,93,5,Yes,1,1
CUST101899,Sai Mishra,44,Female,573179.0,INR,61,Basic,2023-05-11,2026-06-25,Monthly,776.94,14,5,9,Electronics,Jaipur,India,gmail.com,iOS,Wallet,1507,3,Yes,0,1
CUST101900,Diya Sinha,23,Female,278936.0,INR,72,Platinum,2025-08-08,2026-04-18,Daily,457.71,22,11,12,Beauty,Delhi,India,company.com,Android,Upi,494,2,No,0,1
CUST101901,Ira Reddy,25,Male,675350.0,INR,76,Silver,2023-05-28,2023-05-28,Monthly,4641.37,40,28,13,Fashion,Chennai,India,rediffmail.com,Web,Credit Card,1629,3,Yes,0,0
CUST101902,Kiara Gupta,10,Male,724405.0,INR,90,Silver,2021-09-04,2023-05-13,Weekly,478.93,5,4,0,Fashion,Chennai,India,rediffmail.com,Web,Credit Card,200,4,No,1,1
CUST101903,Aarav Sharma,31,Female,990289.0,INR,30,Platinum,2024-02-03,2026-01-30,Rarely,1647.0,13,5,8,Gaming,Kolkata,India,company.com,iOS,Credit Card,855,3,Yes,1,1
CUST101904,Diya Joshi,0,Female,202358.0,USD,58,Silver,2021-09-03,2022-01-27,Rarely,1817.0349999999999,10,8,2,Sports,Hyderabad,India,rediffmail.com,Mobile,Debit Card,1297,4,Yes,0,1
CUST101905,Sara Iyer,55,Other,304726.0,INR,48,Platinum,2021-05-04,2021-12-01,Rarely,6576.55,37,17,19,Beauty,Pune,India,hotmail.com,iOS,Debit Card,549,4,No,0,1
CUST101906,Amit Sinha,32,Female,685165.0,INR,52,Gold,2024-10-20,2025-11-20,Monthly,4379.89,9,0,9,Books,Delhi,India,gmail.com,Android,Wallet,1616,1,Yes,0,1
CUST101907,Ayaan Rao,24,Male,535650.0,INR,58,Silver,2023-12-26,2025-02-05,Daily,1795.52,16,8,7,Sports,Kolkata,India,rediffmail.com,iOS,Cash,1491,4,No,0,1
CUST101908,Meera Sinha,31,Female,521045.0,INR,43,Gold,2021-09-02,2023-02-10,Rarely,1671.08,62,2,61,Electronics,Jaipur,India,rediffmail.com,Web,Card,1533,5,No,0,1
CUST101909,Sara Joshi,30,Female,370595.0,INR,57,Silver,2022-11-05,2024-04-03,Weekly,849.67,2,0,1,Sports,Delhi,India,company.com,iOS,Upi,1761,3,Yes,1,1
CUST101910,Meera Chopra,52,Male,1099252.0,INR,64,Gold,2025-01-09,2026-03-23,Monthly,1817.0349999999999,12,4,8,Electronics,Hyderabad,India,gmail.com,Web,Debit Card,1541,1,No,0,1
CUST101911,Priya Singh,42,Female,648622.0,INR,61,Platinum,2023-01-19,2024-11-12,Weekly,3117.67,2,1,1,Grocery,Lucknow,India,gmail.com,iOS,Cash,602,1,No,0,1
CUST101912,Priya Sharma,26,Male,435099.0,INR,46,Gold,2022-03-10,2024-06-11,Weekly,1817.0349999999999,22,14,8,Grocery,Pune,India,yahoo.com,Android,Card,1249,5,Yes,0,1
CUST101914,Diya Singh,33,Female,1085602.0,INR,44,Gold,2025-02-23,2026-08-04,Rarely,1590.23,1,0,2,Home Decor,Kolkata,India,outlook.com,Desktop,Card,0,1,No,0,1
CUST101915,Myra Kumar,32,Male,648622.0,INR,89,Gold,2021-06-12,2022-06-04,Rarely,3133.25,32,26,7,Sports,Mumbai,India,gmail.com,Android,Debit Card,1217,2,No,0,1
CUST101916,Saanvi Verma,33,Male,216000.0,INR,31,Basic,2024-12-31,2026-06-24,Rarely,1158.8,25,3,22,Food Court,Jaipur,India,yahoo.com,iOS,Wallet,1358,1,No,1,1
CUST101917,Arjun Kumar,27,Male,358161.0,INR,55,Platinum,2024-11-23,2025-01-05,Rarely,8673.83,22,13,8,Beauty,Bangalore,India,gmail.com,iOS,Wallet,1877,1,No,0,1
CUST101918,Rahul Khan,39,Female,845223.0,INR,53,Gold,2021-04-12,2023-05-25,Daily,1817.35,9,0,10,Kids,Jaipur,India,gmail.com,Desktop,Credit Card,1533,3,No,0,1
CUST101919,Reyansh Singh,24,Male,551636.0,INR,42,Gold,2024-11-23,2025-08-30,Weekly,558.08,4,2,2,Sports,Hyderabad,India,outlook.com,Android,Card,84,3,Yes,0,1
CUST101920,Arjun Patel,53,Other,731445.0,INR,49,Gold,2025-01-01,2026-05-26,Rarely,2551.56,31,3,28,Grocery,Bengaluru,India,company.com,Desktop,Cash,2111,3,No,0,1
CUST101921,Neha Reddy,51,Female,2245399.0,INR,59,Gold,2023-10-13,2025-04-10,Rarely,2279.27,3,1,2,Food Court,Pune,India,company.com,Mobile,Upi,1689,5,Yes,0,1
CUST101922,Krishna Khan,15,Female,753788.0,USD,44,Platinum,2021-01-16,2021-12-28,Monthly,4004.01,40,18,23,Sports,Hyderabad,India,gmail.com,iOS,Upi,995,3,No,0,1
CUST101923,Priya Singh,33,Female,1080799.0,USD,46,Silver,2022-08-14,2023-01-11,Weekly,1367.67,33,31,2,Books,Chennai,India,hotmail.com,Mobile,Debit Card,1500,3,Yes,1,1
CUST101924,Aditya Verma,29,Other,683822.0,INR,32,Silver,2023-10-22,2026-01-06,Weekly,1731.14,30,21,9,Gaming,Delhi,India,rediffmail.com,Web,Card,973,2,No,0,1
CUST101925,Kiara Patel,23,Male,206115.0,INR,47,Gold,2024-07-31,2025-02-08,Daily,1035.27,2,1,1,Gaming,Pune,India,company.com,Android,Cash,0,4,Yes,0,1
CUST101926,Arjun Kumar,32,Female,737344.0,INR,88,Silver,2023-10-30,2024-04-11,Rarely,2112.7,9,2,7,Grocery,Lucknow,India,outlook.com,Web,Card,1809,5,No,1,1
CUST101927,Pooja Kumar,48,Male,482593.0,USD,47,Basic,2024-12-24,2025-05-10,Rarely,324.17,0,0,0,Beauty,Lucknow,India,yahoo.com,Android,Upi,1935,3,Yes,0,1
CUST_NEW0043,Aarav Sharma,33,Female,301230.0,INR,64,Basic,2021-04-04,2023-04-05,Weekly,1750.7,7,3,5,Gaming,Bangalore,India,rediffmail.com,iOS,Upi,890,2,No,0,1
CUST_NEW0044,Sai Rao,33,Female,648622.0,INR,79,Gold,2022-05-23,2023-08-10,Daily,839.87,14,11,4,Grocery,Hyderabad,India,rediffmail.com,iOS,Upi,1858,2,No,0,1
CUST101930,Ayaan Verma,38,Male,294996.0,INR,61,Silver,2024-11-22,2025-04-11,Monthly,3586.21,12,11,15,Sports,Ahmedabad,India,hotmail.com,Web,Upi,2098,5,Yes,0,1
CUST101931,Saanvi Patel,33,Female,991094.0,INR,52,Silver,2025-01-17,2026-02-23,Monthly,4784.22,26,2,23,Food Court,Bangalore,India,gmail.com,iOS,Credit Card,758,4,Yes,0,1
CUST101932,Pooja Kumar,45,Female,383379.0,INR,42,Silver,2023-05-11,2022-03-23,Monthly,2067.67,62,58,4,Food Court,Mumbai,India,yahoo.com,iOS,Upi,836,2,No,0,1
CUST101933,Aadhya Gupta,35,Male,1848207.0,INR,50,Platinum,2023-05-21,2025-02-19,Rarely,2525.98,6,4,3,Books,Kolkata,India,outlook.com,iOS,Credit Card,735,1,No,0,1
CUST101934,Vivaan Chopra,47,Male,535028.0,INR,59,Silver,2022-07-28,2022-09-07,Monthly,3291.33,8,6,2,Gaming,Kolkata,India,rediffmail.com,Web,Card,1575,1,Yes,0,1
CUST101935,Ishaan Mehta,37,Male,865304.0,INR,69,Platinum,2022-01-24,2024-05-11,Rarely,1065.15,4,3,0,Kids,Chennai,India,outlook.com,iOS,Wallet,256,3,No,0,1
CUST101936,Aditya Khan,49,Female,649635.0,INR,92,Silver,2022-09-19,2023-01-13,Rarely,245.48,7,4,3,Food Court,Chennai,India,rediffmail.com,Web,Credit Card,877,1,Yes,0,1
CUST101937,Kiara Patel,39,Male,1208018.0,USD,45,Basic,2022-01-02,2024-02-15,Weekly,1848.62,25,12,13,Fashion,Bengaluru,India,company.com,Android,Cash,979,1,Yes,0,1
CUST101938, Aditya Patel ,45,Female,580393.0,INR,54,Basic,2023-01-13,2024-02-25,Monthly,1224.57,24,8,16,Sports,Hyderabad,India,gmail.com,Desktop,Upi,1189,3,Yes,0,1
CUST101939,Diya Patel,45,Male,369928.0,USD,19,Gold,2022-05-11,2024-01-27,Rarely,2476.07,1,0,0,Home Decor,Chennai,India,hotmail.com,iOS,Upi,1732,4,Yes,1,1
CUST101940,Neha Sharma,35,Female,652337.0,INR,44,Silver,2023-11-27,2025-10-12,Daily,2591.51,14,2,12,Kids,Delhi,India,hotmail.com,Web,Debit Card,648,2,Yes,0,1
CUST101941,Amit Rao,43,Female,648622.0,INR,51,Platinum,2023-02-18,2024-01-06,Monthly,1689.56,34,16,19,Food Court,Bengaluru,India,yahoo.com,Mobile,Upi,1219,3,Yes,0,1
CUST101942,Arjun Chopra,52,Male,995719.0,INR,89,Gold,2025-03-01,2025-03-19,Rarely,3414.44,10,5,4,Grocery,Kolkata,India,gmail.com,iOS,Upi,612,1,Yes,0,1
CUST101943,Ananya Das,37,Female,691560.0,INR,64,Platinum,2025-08-20,2026-02-04,Rarely,4920.71,33,9,25,Fashion,Hyderabad,India,gmail.com,Android,Credit Card,715,5,No,0,1
CUST101944,Priya Joshi,15,Female,137900.0,INR,45,Gold,2022-03-14,2022-12-19,Monthly,763.22,24,21,2,Home Decor,Bengaluru,India,hotmail.com,Mobile,Debit Card,1239,3,No,0,1
CUST101945,Kiara Patel,37,Other,700921.0,INR,77,Gold,2024-07-18,2025-05-27,Rarely,1956.87,1,0,0,Food Court,Ahmedabad,India,outlook.com,Android,Upi,0,2,Yes,0,1
CUST101946,Aditya Mishra,23,Female,762254.0,INR,44,Basic,2021-05-22,2022-11-06,Daily,11369.22,0,0,1,Beauty,Lucknow,India,company.com,Android,Upi,964,2,No,0,1
CUST101947,Aditya Rao,33,Male,960963.0,USD,22,Platinum,2024-10-11,2026-03-19,Weekly,3039.35,1,0,0,Home Decor,Bangalore,India,outlook.com,Mobile,Credit Card,2454,3,Yes,1,1
CUST101948,Kiara Mishra,38,Female,702144.0,USD,20,Gold,2024-08-01,2026-01-05,Rarely,8009.5,31,10,21,Sports,Delhi,India,yahoo.com,iOS,Upi,785,4,Yes,0,1
CUST101949,Aditya Kumar,39,Female,160700.0,INR,75,Basic,2023-05-11,2025-06-28,Monthly,1757.71,24,2,21,Sports,Kolkata,India,rediffmail.com,Desktop,Upi,150,3,Yes,0,1
CUST101950,Ayaan Khan,33,Female,1424033.0,INR,61,Silver,2025-01-16,2025-07-01,Rarely,4400.93,31,13,19,Beauty,Hyderabad,India,hotmail.com,iOS,Credit Card,637,3,No,0,1
CUST101951,Ira Joshi,37,Male,431435.0,INR,39,Platinum,2021-09-21,2022-08-26,Rarely,3794.54,0,0,1,Sports,Mumbai,India,gmail.com,Web,Debit Card,0,1,Yes,0,1
CUST101952,Diya Nair,19,Male,255071.0,INR,53,Silver,2024-10-06,2024-10-06,Rarely,1268.85,12,5,7,Sports,Kolkata,India,hotmail.com,Web,Wallet,892,2,No,0,0
CUST101953,Aarav Rao,36,Female,657018.0,INR,58,Silver,2021-05-07,2023-05-29,Weekly,3520.06,30,29,1,Fashion,Chennai,India,rediffmail.com,Android,Upi,187,3,Yes,1,1
CUST101954,Ishaan Das,34,Male,2202002.0,INR,9,Platinum,2025-08-22,2026-01-15,Rarely,4132.16,20,1,19,Books,Jaipur,India,gmail.com,Android,Card,762,5,No,0,1
CUST101955,Vihaan Mehta,38,Other,400093.0,USD,70,Basic,2023-05-11,2026-03-16,Weekly,1123.59,22,16,6,Gaming,Kolkata,India,gmail.com,iOS,Upi,1686,2,No,0,1
CUST101956,Sara Mishra,19,Female,902612.0,INR,80,Gold,2023-05-04,2025-10-03,Weekly,340.55,33,18,16,Grocery,Jaipur,India,yahoo.com,Android,Upi,1083,5,Yes,0,1
CUST101957,Sai Chopra,29,Female,471233.0,INR,30,Silver,2023-05-24,2025-11-01,Monthly,2399.39,28,23,6,Electronics,Ahmedabad,India,company.com,Android,Upi,2273,2,Yes,1,1
CUST101958,Neha Joshi,51,Other,598347.0,INR,68,Gold,2023-12-06,2025-02-27,Rarely,915.27,16,1,16,Beauty,Chennai,India,yahoo.com,iOS,Card,362,5,Yes,1,1
CUST101959,Aditya Mishra,26,Female,576624.0,USD,72,Basic,2022-08-06,2023-04-25,Weekly,3186.78,30,25,5,Kids,Lucknow,India,gmail.com,Desktop,Wallet,1426,4,No,0,1
CUST101960,Kiara Reddy,29,Male,419816.0,INR,70,Platinum,2024-11-22,2025-05-25,Rarely,1145.76,6,0,7,Beauty,Hyderabad,India,gmail.com,Mobile,Credit Card,1597,1,No,0,1
CUST101961,Krishna Patel,17,Male,826973.0,INR,41,Platinum,2022-06-11,2022-06-17,Monthly,1278.47,21,0,21,Beauty,Delhi,India,gmail.com,Web,Credit Card,1282,1,No,1,1
CUST101962,Sai Iyer,46,Female,407291.0,USD,78,Platinum,2022-06-26,2023-12-03,Rarely,1340.71,1,0,2,Sports,Mumbai,India,gmail.com,iOS,Credit Card,1004,4,Yes,0,1
CUST101963,Pooja Patel,44,Male,1214616.0,INR,100,Silver,2023-09-21,2024-05-11,Monthly,2624.78,54,7,46,Grocery,Chennai,India,gmail.com,Web,Cash,1840,1,Yes,0,1
CUST101964,Neha Reddy,28,Female,696332.0,INR,38,Basic,2025-09-06,2026-03-20,Rarely,661.43,7,1,7,Grocery,Lucknow,India,hotmail.com,iOS,Credit Card,2067,2,Yes,0,1
CUST101965,Saanvi Rao,32,Female,697789.0,USD,72,Basic,2023-05-11,2023-05-31,Rarely,3947.69,0,0,1,Books,Hyderabad,India,yahoo.com,Web,Card,1638,5,No,0,1
CUST101966,Aditya Sinha,34,Other,691457.0,INR,17,Platinum,2022-07-11,2023-03-03,Rarely,996.48,21,18,2,Electronics,Mumbai,India,rediffmail.com,Android,Upi,845,3,Yes,1,1
CUST101967, Reyansh Khan ,33,Female,701838.0,INR,67,Basic,2025-08-13,2026-05-30,Rarely,1804.16,12,32,67,Gaming,Delhi,India,gmail.com,iOS,Debit Card,1772,1,No,0,1
CUST101968,Sara Kapoor,28,Other,1752127.0,INR,52,Gold,2022-11-23,2024-09-01,Monthly,2629.01,3,0,2,Kids,Bengaluru,India,company.com,Web,Debit Card,1592,1,No,0,1
CUST101969,Ayaan Nair,33,Male,1210893.0,USD,80,Platinum,2023-08-29,2024-03-22,Monthly,1296.13,12,1,15,Gaming,Bengaluru,India,rediffmail.com,iOS,Credit Card,1189,2,Yes,0,1
CUST101970,Sara Iyer,28,Male,1399542.0,INR,79,Platinum,2024-08-15,2025-07-03,Monthly,1417.89,8,0,8,Beauty,Delhi,India,rediffmail.com,Web,Credit Card,1173,5,No,0,1
CUST101971,Sai Das,31,Male,603155.0,INR,64,Platinum,2021-04-06,2023-06-02,Monthly,1113.4,35,16,20,Kids,Delhi,India,gmail.com,Android,Upi,495,5,Yes,0,1
CUST101972,Sara Chopra,33,Female,714938.0,INR,23,Platinum,2023-11-16,2024-01-10,Rarely,5242.95,1,0,1,Kids,Mumbai,India,hotmail.com,iOS,Upi,0,2,Yes,1,1
CUST101973,Pooja Khan,26,Other,1297380.0,USD,33,Silver,2021-04-16,2022-03-09,Rarely,2233.49,0,0,0,Gaming,Bengaluru,India,gmail.com,iOS,Upi,1017,2,Yes,1,1
CUST101974,Vihaan Kapoor,32,Female,648622.0,INR,35,Silver,2023-01-07,2023-03-20,Daily,3581.29,12,0,12,Grocery,Jaipur,India,outlook.com,iOS,Card,2672,3,Yes,0,1
CUST101975,Arjun Mehta,0,Male,1363866.0,INR,51,Silver,2022-11-29,2025-05-13,Rarely,1067.64,14,0,13,Gaming,Chennai,India,gmail.com,Android,Credit Card,1656,3,No,0,1
CUST101976,Krishna Chopra,56,Female,488068.0,INR,1,Silver,2022-11-14,2024-02-13,Monthly,700.29,25,22,3,Home Decor,Jaipur,India,gmail.com,Android,Credit Card,1721,3,No,0,1
CUST101977,Saanvi Chopra,39,Female,1413517.0,INR,37,Silver,2021-09-07,2022-08-14,Monthly,2183.34,0,0,0,Sports,Chennai,India,gmail.com,Web,Upi,1601,3,No,0,1
CUST101978,Vivaan Sinha,37,Female,648412.0,INR,69,Basic,2023-05-07,2024-03-01,Monthly,1797.59,4,3,1,Home Decor,Chennai,India,outlook.com,Desktop,Credit Card,104,3,No,1,1
CUST101979,Diya Sinha,47,Other,598992.0,INR,36,Gold,2023-08-14,2025-08-24,Monthly,631.59,4,1,3,Fashion,Mumbai,India,company.com,iOS,Upi,310,2,No,0,1
CUST101981,Myra Khan,31,Other,774879.0,INR,100,Basic,2021-06-08,2021-10-17,Rarely,2460.93,19,8,11,Electronics,Mumbai,India,company.com,iOS,Card,937,4,No,0,1
CUST101983,Krishna Singh,38,Female,771661.0,INR,64,Silver,2021-08-16,2023-06-20,Weekly,740.79,9,7,2,Home Decor,Mumbai,India,rediffmail.com,iOS,Credit Card,1386,1,Yes,0,1
CUST101984,Myra Gupta,48,Male,727098.0,INR,75,Gold,2021-09-22,2023-09-24,Rarely,4740.58,1,0,1,Electronics,Ahmedabad,India,hotmail.com,Android,Credit Card,576,1,No,0,1
CUST101985,Reyansh Gupta,54,Male,388726.0,INR,49,Basic,2024-12-23,2025-07-25,Monthly,2762.04,14,8,5,Fashion,Ahmedabad,India,gmail.com,Android,Upi,1318,2,No,0,1
CUST101986, Sara Kapoor ,37,Male,949979.0,USD,29,Platinum,2024-12-03,2026-01-26,Daily,815.35,27,5,22,Electronics,Jaipur,India,company.com,Mobile,Credit Card,1449,5,Yes,0,1
CUST101987,Meera Joshi,42,Male,395137.0,INR,84,Silver,2022-12-14,2023-02-02,Monthly,1968.25,5,4,2,Electronics,Kolkata,India,gmail.com,Mobile,Credit Card,871,5,Yes,0,1
CUST101988,Vihaan Chopra,34,Male,449288.0,INR,63,Basic,2022-07-27,2023-11-23,Rarely,863.63,14,7,7,Fashion,Jaipur,India,gmail.com,Mobile,Upi,687,2,Yes,0,1
CUST101989,Krishna Nair,48,Female,138342.0,INR,21,Gold,2024-11-25,2026-02-15,Monthly,1353.17,31,9,23,Home Decor,Hyderabad,India,gmail.com,Desktop,Cash,1578,4,No,0,1
CUST101990,Myra Gupta,21,Female,501950.0,INR,62,Silver,2024-08-26,2025-10-12,Monthly,3572.81,1,0,1,Grocery,Lucknow,India,outlook.com,Mobile,Debit Card,1508,4,No,0,1
CUST101991,Neha Verma,30,Female,389381.0,INR,89,Platinum,2021-03-22,2022-09-23,Rarely,2579.19,13,5,9,Grocery,Bengaluru,India,rediffmail.com,Android,Credit Card,1488,2,Yes,0,1
CUST101992,Rahul Rao,15,Female,823460.0,INR,22,Gold,2024-04-18,2025-09-08,Rarely,6753.58,0,0,0,Kids,Lucknow,India,gmail.com,iOS,Upi,861,4,Yes,1,1
CUST101993,Kiara Chopra,34,Female,1476741.0,USD,42,Gold,2024-03-13,2026-04-16,Rarely,1945.38,22,13,10,Home Decor,Kolkata,India,hotmail.com,iOS,Upi,676,1,No,0,1
CUST101994,Aditya Singh,54,Male,231304.0,INR,100,Silver,2021-06-19,2023-11-19,Rarely,3189.66,16,2,13,Electronics,Mumbai,India,hotmail.com,iOS,Upi,556,3,Yes,0,1
CUST101995,Arjun Iyer,46,Female,1091158.0,INR,46,Silver,2024-01-11,2024-11-07,Rarely,1458.35,12,11,1,Grocery,Hyderabad,India,gmail.com,Desktop,Cash,348,5,Yes,0,1
CUST101997,Meera Reddy,25,Female,648622.0,INR,22,Silver,2024-11-09,2025-05-14,Weekly,1681.79,10,7,3,Books,Delhi,India,gmail.com,iOS,Card,679,3,Yes,0,1
CUST101998,Vivaan Iyer,33,Male,379198.0,INR,25,Silver,2021-01-30,2022-02-01,Rarely,929.05,44,19,25,Food Court,Mumbai,India,gmail.com,Web,Wallet,975,3,Yes,0,1
CUST101999,Aditya Kumar,44,Male,596705.0,INR,19,Basic,2024-08-15,2025-07-22,Rarely,2431.38,14,10,4,Home Decor,Jaipur,India,outlook.com,iOS,Card,2254,1,Yes,0,1
CUST102000,Sai Das,27,Female,703213.0,INR,57,Silver,2025-01-28,2025-03-22,Monthly,4433.44,9,6,3,Electronics,Ahmedabad,India,gmail.com,Web,Upi,1015,2,No,0,1
CUST102001,Krishna Das,40,Female,440847.0,INR,80,Silver,2021-08-11,2022-04-21,Rarely,3027.17,1,0,0,Home Decor,Pune,India,gmail.com,Android,Card,1748,2,No,1,1
CUST102002, Riya Kumar ,21,Female,648622.0,INR,46,Silver,2023-01-12,2024-08-03,Monthly,938.4,23,13,10,Fashion,Ahmedabad,India,gmail.com,Desktop,Upi,1432,2,Yes,0,1
CUST102003,Saanvi Reddy,38,Female,1218146.0,INR,47,Basic,2021-05-25,2023-07-26,Weekly,1585.99,31,8,23,Home Decor,Lucknow,India,yahoo.com,Android,Cash,1228,1,No,0,1
CUST_NEW0045,Pooja Patel,39,Female,875225.0,INR,71,Platinum,2024-07-29,2026-04-28,Rarely,624.18,0,0,1,Kids,Hyderabad,India,gmail.com,Android,Wallet,1471,3,Yes,0,1
CUST102005,Ananya Kapoor,25,Male,829158.0,INR,85,Basic,2023-06-07,2024-05-21,Monthly,384.52,3,0,2,Sports,Kolkata,India,gmail.com,Web,Upi,1565,5,No,0,1
CUST102006,Myra Nair,35,Female,1106409.0,INR,14,Platinum,2021-12-18,2023-11-01,Rarely,4023.25,11,8,4,Kids,Hyderabad,India,gmail.com,Web,Upi,645,3,No,0,1
CUST102007,Vihaan Das,31,Other,1043641.0,INR,93,Gold,2023-08-27,2025-04-28,Monthly,2901.69,10,0,11,Books,Kolkata,India,gmail.com,Android,Credit Card,715,1,No,0,1
CUST102008,Aadhya Nair,48,Female,515533.0,INR,46,Platinum,2025-10-06,2026-05-17,Weekly,2493.94,1,0,0,Grocery,Jaipur,India,company.com,Web,Cash,1043,1,No,0,1
CUST102009,Sara Nair,33,Female,866647.0,INR,66,Basic,2023-02-17,2025-03-28,Monthly,350.39,2,1,2,Food Court,Chennai,India,gmail.com,Desktop,Upi,1822,3,No,0,1
CUST102010,Diya Das,38,Other,613605.0,INR,28,Gold,2022-08-31,2024-08-14,Rarely,4436.55,12,10,9,Fashion,Ahmedabad,India,outlook.com,Android,Debit Card,2287,3,No,0,1
CUST102011,Sara Mehta,39,Female,256121.0,INR,45,Platinum,2025-04-11,2025-11-22,Rarely,754.13,4,0,4,Food Court,Jaipur,India,company.com,iOS,Cash,403,5,No,0,1
CUST102012,Aditya Joshi,59,Male,1178498.0,INR,91,Gold,2023-12-30,2024-07-03,Daily,617.3,23,2,22,Sports,Lucknow,India,yahoo.com,Mobile,Debit Card,1537,3,Yes,0,1
CUST102013,Reyansh Nair,34,Female,788113.0,INR,96,Basic,2022-03-15,2023-08-28,Monthly,418.42,6,4,2,Home Decor,Jaipur,India,company.com,Android,Wallet,943,2,Yes,0,1
CUST102014,Ira Mishra,43,Male,275246.0,INR,44,Gold,2022-06-07,2022-08-06,Monthly,2446.04,4,3,0,Beauty,Mumbai,India,gmail.com,iOS,Upi,941,2,Yes,1,1
CUST102015,Sara Mishra,25,Female,266176.0,INR,34,Silver,2021-10-05,2021-12-15,Weekly,2444.6,0,0,1,Food Court,Bangalore,India,gmail.com,Web,Card,2275,3,No,1,1
CUST102016,Aadhya Sinha,30,Female,825190.0,USD,47,Silver,2023-12-17,2025-01-23,Weekly,1140.29,2,0,2,Sports,Mumbai,India,gmail.com,Desktop,Credit Card,998,1,Yes,0,1
CUST102017,Arjun Sinha,38,Male,286726.0,INR,38,Silver,2025-01-29,2026-10-06,Weekly,1144.98,32,15,16,Home Decor,Lucknow,India,gmail.com,iOS,Upi,1271,1,Yes,0,1
CUST102018,Meera Patel,33,Female,673390.0,INR,44,Silver,2023-10-27,2024-11-30,Weekly,1442.13,3,1,2,Food Court,Jaipur,India,gmail.com,iOS,Card,1199,1,Yes,0,1
CUST102020,Diya Rao,31,Male,447038.0,USD,45,Platinum,2023-11-07,2025-05-27,Rarely,2591.94,55,18,37,Electronics,Delhi,India,yahoo.com,Web,Wallet,1298,1,Yes,0,1
CUST102021,Sai Sinha,27,Female,672518.0,INR,64,Basic,2024-04-09,2025-05-30,Weekly,674.09,39,7,32,Kids,Mumbai,India,outlook.com,Android,Card,626,4,No,0,1
CUST102022,Sai Rao,44,Male,548903.0,INR,53,Silver,2025-11-08,2025-11-08,Monthly,4332.21,13,3,10,Gaming,Jaipur,India,yahoo.com,iOS,Upi,740,4,No,0,0
CUST102023,Reyansh Iyer,25,Male,674199.0,INR,75,Gold,2024-02-07,2024-03-21,Rarely,6151.78,1,0,2,Electronics,Hyderabad,India,outlook.com,iOS,Card,1211,5,Yes,0,1
CUST102024,Krishna Singh,37,Male,905183.0,INR,74,Silver,2021-07-05,2021-07-12,Daily,421.41,0,0,0,Sports,Mumbai,India,yahoo.com,iOS,Wallet,1415,3,Yes,0,1
CUST102025,Ananya Sinha,0,Female,387419.0,INR,9,Platinum,2023-05-11,2026-03-30,Weekly,4801.92,10,7,2,Sports,Delhi,India,gmail.com,Android,Debit Card,2153,4,Yes,0,1
CUST102026,Ayaan Iyer,28,Female,360087.0,INR,68,Silver,2021-12-03,2023-04-12,Rarely,1572.21,18,16,3,Sports,Jaipur,India,outlook.com,Web,Debit Card,778,5,No,0,1
CUST102027,Vihaan Joshi,47,Female,435630.0,INR,36,Platinum,2024-05-15,2025-09-20,Weekly,1259.1,25,16,9,Kids,Kolkata,India,gmail.com,iOS,Cash,293,5,Yes,0,1
CUST102028,Arjun Gupta,40,Female,1131329.0,USD,36,Silver,2024-09-14,2025-12-09,Monthly,884.61,0,0,0,Beauty,Lucknow,India,rediffmail.com,Mobile,Credit Card,1020,3,No,0,1
CUST102029,Krishna Kumar,15,Male,290562.0,INR,42,Silver,2022-06-27,2024-09-12,Weekly,1364.44,37,27,9,Beauty,Ahmedabad,India,rediffmail.com,Android,Upi,1858,3,Yes,0,1
CUST102030,Aarav Sinha,38,Female,551379.0,INR,36,Platinum,2023-09-08,2023-10-28,Rarely,436.48,5,4,0,Electronics,Hyderabad,India,gmail.com,Mobile,Credit Card,1538,3,No,0,1
CUST102031,Krishna Kumar,47,Male,2073308.0,USD,51,Silver,2022-02-28,2022-04-09,Weekly,2358.11,8,3,4,Home Decor,Mumbai,India,gmail.com,Desktop,Credit Card,871,3,No,0,1
CUST_NEW0046,Meera Singh,22,Female,648622.0,INR,72,Silver,2023-05-07,2024-09-12,Rarely,2571.61,23,14,9,Fashion,Hyderabad,India,gmail.com,iOS,Cash,673,5,No,0,1
CUST102033,Ayaan Kumar,31,Other,892679.0,INR,77,Platinum,2023-10-26,2026-01-17,Monthly,6091.21,1,0,1,Grocery,Jaipur,India,rediffmail.com,iOS,Upi,1837,2,Yes,0,1
CUST102034,Amit Das,57,Male,1062459.0,USD,47,Basic,2024-11-09,2025-01-07,Monthly,792.57,30,22,9,Fashion,Hyderabad,India,company.com,Web,Upi,910,5,Yes,1,1
CUST102035,Saanvi Mehta,16,Female,270080.0,INR,59,Platinum,2021-11-09,2023-07-04,Weekly,1491.86,4,3,1,Grocery,Ahmedabad,India,company.com,Android,Upi,539,5,No,0,1
CUST102036,Kiara Joshi,43,Female,673528.0,USD,34,Silver,2022-12-14,2024-09-07,Rarely,3614.02,10,2,9,Books,Delhi,India,company.com,Desktop,Card,1288,4,No,0,1
CUST102037,Riya Singh,33,Male,393462.0,INR,37,Basic,2021-02-03,2023-07-12,Weekly,1817.0349999999999,67,65,3,Beauty,Jaipur,India,yahoo.com,iOS,Upi,347,3,Yes,0,1
CUST102038,Krishna Kumar,28,Female,465399.0,INR,35,Silver,2023-05-11,2025-08-30,Weekly,1817.0349999999999,3,1,3,Food Court,Chennai,India,gmail.com,Mobile,Debit Card,0,5,Yes,0,1
CUST102039, Diya Das ,40,Male,895126.0,INR,21,Platinum,2022-05-12,2023-11-21,Monthly,1035.64,3,0,4,Gaming,Pune,India,yahoo.com,iOS,Card,2583,4,Yes,1,1
CUST102040,Kiara Iyer,35,Female,358832.0,INR,46,Silver,2021-10-03,2022-06-05,Monthly,2551.65,12,0,6,Fashion,Mumbai,India,yahoo.com,Mobile,Debit Card,1252,4,Yes,0,1
CUST102041,Neha Patel,23,Female,980579.0,INR,71,Gold,2024-04-19,2024-06-02,Rarely,2344.57,18,2,17,Grocery,Pune,India,yahoo.com,Mobile,Card,0,5,Yes,1,1
CUST102042,Amit Khan,33,Other,879726.0,INR,100,Platinum,2024-02-13,2026-05-03,Rarely,1534.7,17,8,9,Gaming,Pune,India,gmail.com,Android,Wallet,886,5,Yes,0,1
CUST102043,Diya Chopra,54,Female,324642.0,INR,49,Gold,2022-05-29,2022-09-17,Weekly,1784.02,3,2,2,Gaming,Jaipur,India,gmail.com,Mobile,Credit Card,1311,5,Yes,1,1
CUST102044,Riya Chopra,43,Female,967194.0,INR,50,Platinum,2025-01-16,2026-04-24,Weekly,3839.34,31,12,19,Kids,Hyderabad,India,outlook.com,Desktop,Upi,1256,1,No,1,1
CUST102045,Vivaan Khan,40,Female,387390.0,INR,45,Basic,2025-01-16,2025-05-22,Monthly,584.18,8,3,6,Fashion,Lucknow,India,yahoo.com,Android,Upi,1927,5,No,1,1
CUST102046,Reyansh Kumar,28,Male,384974.0,INR,54,Basic,2021-07-18,2023-09-30,Monthly,3371.63,38,30,7,Electronics,Pune,India,outlook.com,Web,Credit Card,1104,5,Yes,0,1
CUST102047,Pooja Mehta,33,Female,1014775.0,INR,61,Silver,2023-01-26,2025-02-01,Daily,654.73,6,5,2,Home Decor,Jaipur,India,gmail.com,Android,Credit Card,2090,3,No,0,1
CUST102048,Kiara Kumar,40,Female,354207.0,INR,70,Basic,2025-02-11,2026-01-01,Daily,10728.31,3,2,2,Beauty,Chennai,India,hotmail.com,Mobile,Card,1762,3,No,0,1
CUST102049,Myra Patel,33,Female,930311.0,INR,65,Gold,2024-05-08,2025-12-18,Rarely,773.04,9,0,10,Gaming,Pune,India,rediffmail.com,Mobile,Upi,1421,4,Yes,1,1
CUST102050,Vihaan Kumar,44,Male,1922142.0,INR,69,Platinum,2023-08-27,2024-04-16,Rarely,1350.35,26,13,13,Home Decor,Delhi,India,gmail.com,iOS,Upi,1202,2,Yes,0,1
CUST102051,Vihaan Gupta,46,Male,494150.0,INR,19,Platinum,2024-06-04,2024-12-16,Monthly,1579.02,45,36,9,Home Decor,Bengaluru,India,yahoo.com,Android,Upi,439,3,No,0,1
CUST102052,Aditya Sharma,35,Female,657888.0,INR,17,Basic,2024-12-06,2026-03-12,Daily,1817.0349999999999,0,0,1,Sports,Hyderabad,India,rediffmail.com,iOS,Debit Card,1883,4,Yes,1,1
CUST102053,Riya Kumar,30,Male,648622.0,INR,63,Gold,2024-01-13,2024-02-08,Weekly,1049.28,12,5,40,Books,Chennai,India,outlook.com,iOS,Wallet,1064,1,Yes,0,1
CUST102054,Rahul Rao,45,Female,1560609.0,INR,24,Silver,2021-07-18,2021-10-05,Monthly,1528.59,5,1,4,Home Decor,Kolkata,India,outlook.com,iOS,Wallet,1298,3,Yes,1,1
CUST102055,Saanvi Singh,12,Female,261472.0,INR,61,Basic,2024-08-18,2025-11-12,Weekly,2279.52,4,2,2,Home Decor,Ahmedabad,India,company.com,iOS,Upi,2452,2,Yes,1,1
CUST102056,Arjun Das,45,Male,993433.0,INR,62,Platinum,2023-05-11,2022-12-29,Rarely,1870.78,14,6,8,Books,Bengaluru,India,outlook.com,Desktop,Upi,896,3,No,0,1
CUST102057,Priya Nair,33,Male,759606.0,INR,31,Basic,2024-01-11,2024-06-03,Rarely,670.15,0,0,0,Books,Jaipur,India,yahoo.com,Android,Cash,1495,3,No,1,1
CUST102058,Reyansh Nair,14,Female,648622.0,INR,56,Platinum,2021-04-08,2021-06-27,Daily,1532.56,32,10,21,Home Decor,Chennai,India,outlook.com,iOS,Wallet,1086,4,Yes,1,1
CUST102059,Sai Verma,22,Female,688034.0,INR,40,Silver,2021-01-09,2022-07-26,Monthly,2893.79,6,0,7,Home Decor,Lucknow,India,gmail.com,Mobile,Credit Card,0,2,No,0,1
CUST102060,Amit Kapoor,42,Female,3370898.0,INR,40,Silver,2021-11-30,2023-02-10,Monthly,1871.86,10,1,9,Fashion,Mumbai,India,outlook.com,Desktop,Upi,537,4,Yes,0,1
CUST102061,Saanvi Das,36,Other,449661.0,INR,32,Basic,2023-07-08,2024-06-17,Monthly,1500.34,40,33,7,Kids,Hyderabad,India,rediffmail.com,Web,Debit Card,710,1,No,0,1
CUST102063,Ayaan Das,33,Male,688648.0,INR,35,Silver,2022-03-31,2022-12-31,Daily,1845.92,23,1,22,Beauty,Chennai,India,gmail.com,Desktop,Upi,1937,4,Yes,0,1
CUST102064, Reyansh Sharma ,37,Female,754283.0,INR,40,Gold,2022-01-22,2023-10-23,Monthly,792.65,12,3,8,Home Decor,Ahmedabad,India,gmail.com,iOS,Credit Card,1525,1,Yes,0,1
CUST102065,Ira Nair,58,Male,291099.0,USD,55,Gold,2022-05-10,2025-02-21,Monthly,2862.76,3,0,3,Kids,Pune,India,rediffmail.com,Desktop,Credit Card,1662,2,Yes,0,1
CUST102066,Ishaan Gupta,25,Female,589167.0,INR,80,Silver,2021-07-14,2023-01-27,Monthly,3146.8,14,8,6,Fashion,Kolkata,India,company.com,Android,Card,2205,2,Yes,0,1
CUST102067,Priya Nair,21,Female,772898.0,INR,26,Silver,2023-11-11,2025-01-08,Weekly,3126.86,8,4,5,Fashion,Mumbai,India,outlook.com,Web,Upi,1523,1,No,1,1
CUST102068,Amit Patel,22,Male,262636.0,INR,68,Silver,2024-05-14,2024-05-14,Monthly,1033.15,3,0,3,Food Court,Delhi,India,gmail.com,iOS,Upi,2761,4,Yes,0,0
CUST102069,Ira Sharma,29,Male,548877.0,INR,38,Platinum,2022-02-28,2022-06-01,Weekly,1575.56,9,3,5,Food Court,Chennai,India,rediffmail.com,iOS,Cash,1681,3,No,1,1
CUST102070,Meera Rao,24,Female,617216.0,INR,14,Gold,2022-09-17,2022-11-28,Weekly,5479.22,23,16,6,Food Court,Hyderabad,India,rediffmail.com,Web,Upi,1623,4,Yes,1,1
CUST102071,Diya Joshi,40,Female,552393.0,INR,62,Silver,2023-04-14,2024-03-03,Daily,11011.41,16,1,15,Fashion,Lucknow,India,company.com,Web,Upi,1439,3,Yes,1,1
CUST102072, Riya Nair ,29,Female,682084.0,INR,61,Gold,2022-05-30,2022-09-30,Monthly,11898.91,42,11,30,Gaming,Chennai,India,gmail.com,Android,Upi,1341,4,No,0,1
CUST102073,Krishna Kapoor,46,Male,379872.0,INR,47,Basic,2021-08-07,2022-08-09,Daily,1149.4,12,4,8,Home Decor,Jaipur,India,hotmail.com,iOS,Debit Card,1255,2,Yes,1,1
CUST102074,Arjun Kumar,26,Male,1143139.0,INR,47,Basic,2024-12-02,2025-10-09,Rarely,2309.6,25,19,7,Beauty,Chennai,India,gmail.com,Android,Upi,708,3,Yes,1,1
CUST102075,Saanvi Sharma,33,Male,1587174.0,INR,81,Silver,2024-07-22,2025-03-21,Weekly,1641.2,38,21,18,Beauty,Delhi,India,gmail.com,iOS,Card,1159,2,Yes,0,1
CUST102076,Neha Nair,18,Female,648622.0,INR,99,Platinum,2021-02-06,2023-03-18,Monthly,1721.86,6,2,5,Gaming,Lucknow,India,outlook.com,iOS,Credit Card,956,1,Yes,0,1
CUST_NEW0047, Neha Joshi ,21,Female,652456.0,INR,82,Basic,2022-05-18,2024-01-01,Daily,1297.32,29,20,9,Books,Bangalore,India,hotmail.com,iOS,Upi,168,2,Yes,0,1
CUST102079,Ira Gupta,31,Female,664985.0,INR,50,Basic,2024-05-28,2025-04-04,Daily,1210.74,14,12,1,Sports,Pune,India,gmail.com,Android,Cash,128,3,Yes,0,1
CUST102080,Myra Mishra,34,Female,320085.0,INR,46,Platinum,2024-10-20,2026-04-07,Monthly,3765.33,11,9,1,Books,Hyderabad,India,company.com,iOS,Upi,2657,2,Yes,0,1
CUST102081,Rahul Rao,32,Male,1412698.0,INR,54,Platinum,2025-08-12,2025-10-25,Weekly,1257.69,0,0,0,Gaming,Chennai,India,outlook.com,Android,Credit Card,591,1,Yes,0,1
CUST102082,Reyansh Khan,38,Male,648622.0,INR,50,Silver,2023-07-22,2024-05-16,Rarely,1161.9,28,17,11,Beauty,Mumbai,India,gmail.com,iOS,Credit Card,1432,2,No,0,1
CUST102083,Rahul Verma,31,Male,513730.0,INR,84,Basic,2022-10-15,2024-01-25,Rarely,1309.61,0,0,1,Electronics,Lucknow,India,gmail.com,Web,Credit Card,2001,3,Yes,0,1
CUST102084,Arjun Kapoor,36,Male,276099.0,INR,36,Basic,2022-01-22,2023-08-12,Monthly,2333.12,52,19,34,Sports,Delhi,India,rediffmail.com,Desktop,Card,1406,4,Yes,1,1
CUST102085,Ayaan Verma,33,Female,386261.0,INR,43,Silver,2023-02-06,2023-02-06,Rarely,1465.12,30,28,2,Electronics,Jaipur,India,gmail.com,Android,Credit Card,1081,5,No,0,0
CUST102086,Sai Sharma,48,Male,826087.0,INR,73,Silver,2024-10-28,2026-06-25,Daily,899.51,10,1,10,Food Court,Bengaluru,India,gmail.com,iOS,Upi,1108,2,No,0,1
CUST102087,Kiara Nair,38,Other,632357.0,INR,89,Silver,2024-02-23,2024-11-05,Weekly,1696.72,35,8,27,Home Decor,Bengaluru,India,gmail.com,Web,Upi,1280,3,Yes,0,1
CUST102088,Pooja Rao,26,Female,648622.0,INR,44,Silver,2025-01-18,2025-01-18,Rarely,497.77,51,23,29,Sports,Delhi,India,gmail.com,iOS,Upi,560,2,No,0,1
CUST102089,Ira Reddy,31,Male,889373.0,INR,66,Silver,2021-04-15,2022-06-04,Rarely,1216.63,8,1,7,Kids,Jaipur,India,gmail.com,Web,Upi,1757,3,No,0,1
CUST102090,Aarav Gupta,43,Female,340199.0,INR,43,Basic,2022-10-04,2024-07-21,Rarely,1398.33,13,6,7,Beauty,Lucknow,India,gmail.com,Android,Cash,1321,2,Yes,0,1
CUST102091,Meera Joshi,33,Male,787973.0,INR,58,Silver,2021-07-12,2021-09-24,Weekly,1241.77,13,3,9,Kids,Pune,India,gmail.com,Android,Credit Card,854,5,Yes,0,1
CUST102092, Riya Chopra ,23,Male,670338.0,INR,82,Gold,2021-02-22,2021-02-22,Weekly,2166.64,55,30,26,Home Decor,Pune,India,hotmail.com,Web,Credit Card,1062,1,No,0,0
CUST102093,Pooja Kapoor,54,Female,862451.0,USD,74,Silver,2024-01-15,2024-11-15,Rarely,1597.56,9,1,7,Sports,Ahmedabad,India,company.com,Android,Card,1837,3,No,0,1
CUST102094,Krishna Patel,32,Other,1232404.0,INR,45,Platinum,2024-02-20,2024-02-20,Rarely,871.69,21,19,1,Kids,Hyderabad,India,yahoo.com,Desktop,Debit Card,380,2,No,1,0
CUST102095,Kiara Khan,26,Female,490239.0,INR,34,Gold,2025-07-29,2025-08-20,Rarely,475.65,10,2,8,Beauty,Chennai,India,gmail.com,Mobile,Credit Card,1014,4,Yes,0,1
CUST102096,Aarav Nair,49,Female,1025735.0,INR,34,Basic,2021-11-05,2021-11-05,Weekly,1750.42,76,75,1,Books,Pune,India,gmail.com,Web,Card,768,2,Yes,0,0
CUST102097,Saanvi Verma,33,Other,499243.0,INR,80,Basic,2022-04-25,2022-04-25,Weekly,1055.43,0,0,1,Beauty,Bengaluru,India,gmail.com,iOS,Card,1963,2,No,1,0
CUST102098,Aditya Iyer,52,Female,322626.0,INR,59,Gold,2021-06-24,2022-03-20,Rarely,1027.08,24,23,0,Grocery,Jaipur,India,hotmail.com,Web,Upi,1153,4,No,0,1
CUST102099,Amit Singh,34,Male,631392.0,INR,27,Gold,2021-08-25,2022-01-16,Rarely,1833.09,25,4,21,Books,Jaipur,India,yahoo.com,Web,Card,1458,5,No,0,1
CUST102100,Vivaan Mehta,51,Female,630845.0,INR,55,Silver,2021-08-20,2021-08-20,Monthly,2338.89,5,0,5,Grocery,Pune,India,gmail.com,iOS,Upi,97,5,Yes,0,0
CUST102101,Pooja Mehta,30,Other,542245.0,INR,77,Silver,2021-06-11,2023-12-16,Rarely,735.89,0,0,1,Books,Lucknow,India,gmail.com,Android,Upi,1713,1,Yes,0,1
CUST102102,Arjun Iyer,53,Female,299086.0,USD,41,Basic,2022-02-13,2023-02-20,Rarely,1478.44,52,40,13,Food Court,Jaipur,India,gmail.com,iOS,Debit Card,104,1,No,0,1
CUST102103,Ayaan Patel,33,Female,2769132.0,INR,44,Platinum,2023-10-10,2024-07-02,Rarely,1361.13,45,10,34,Home Decor,Bengaluru,India,gmail.com,Mobile,Wallet,1492,1,Yes,1,1
CUST102104,Neha Verma,41,Male,647042.0,INR,41,Gold,2023-02-18,2023-12-05,Daily,5560.33,3,1,2,Electronics,Jaipur,India,gmail.com,iOS,Upi,1808,3,Yes,0,1
CUST102105,Vivaan Nair,27,Female,922164.0,INR,43,Platinum,2021-01-09,2022-09-27,Rarely,1141.25,11,6,5,Electronics,Mumbai,India,company.com,Mobile,Upi,2048,5,Yes,0,1
CUST102106, Saanvi Joshi ,33,Female,1026454.0,INR,69,Silver,2023-08-13,2024-02-29,Monthly,1817.0349999999999,15,1,14,Kids,Delhi,India,outlook.com,iOS,Cash,649,4,Yes,0,1
CUST102107,Ananya Gupta,43,Male,570672.0,INR,56,Silver,2023-03-28,2023-07-10,Rarely,1015.66,62,32,31,Home Decor,Hyderabad,India,hotmail.com,Mobile,Credit Card,1220,4,Yes,0,1
CUST102108,Priya Sharma,30,Male,730727.0,INR,52,Silver,2022-10-22,2024-10-03,Monthly,1926.1,72,43,29,Grocery,Ahmedabad,India,hotmail.com,iOS,Cash,614,2,No,1,1
CUST102109,Diya Patel,26,Female,205630.0,INR,38,Basic,2023-08-11,2025-12-28,Monthly,1817.0349999999999,14,3,11,Electronics,Chennai,India,yahoo.com,iOS,Upi,1018,5,Yes,1,1
CUST_NEW0048, Reyansh Gupta ,31,Female,648622.0,INR,51,Platinum,2022-06-08,2022-09-30,Weekly,10114.75,1,0,0,Sports,Chennai,India,hotmail.com,iOS,Upi,2482,5,Yes,0,1
CUST102111, Ayaan Das ,40,Female,1165891.0,INR,66,Platinum,2023-06-29,2025-10-19,Weekly,3062.44,1,0,1,Kids,Hyderabad,India,yahoo.com,iOS,Upi,1271,4,Yes,0,1
CUST102112,Ayaan Kapoor,18,Male,429285.0,INR,1,Silver,2022-01-03,2023-02-22,Weekly,5033.4,46,23,24,Food Court,Pune,India,gmail.com,iOS,Wallet,1056,4,Yes,0,1
CUST102113,Ananya Gupta,30,Male,416200.0,INR,35,Silver,2025-11-02,2025-11-02,Daily,1148.95,26,14,12,Food Court,Hyderabad,India,outlook.com,Mobile,Card,1214,1,Yes,1,0
CUST102114,Diya Chopra,23,Male,292272.0,INR,31,Silver,2021-10-14,2021-11-13,Monthly,654.44,36,34,2,Kids,Ahmedabad,India,yahoo.com,Web,Upi,907,2,No,0,1
CUST102115,Ira Khan,22,Female,586818.0,USD,15,Gold,2024-08-13,2025-11-18,Monthly,2894.87,11,10,1,Grocery,Kolkata,India,outlook.com,Web,Credit Card,939,3,Yes,0,1
CUST102116, Reyansh Sinha ,19,Female,1106698.0,USD,36,Silver,2023-04-19,2025-02-08,Monthly,2893.05,15,4,12,Electronics,Jaipur,India,gmail.com,Web,Upi,1928,3,Yes,0,1
CUST102117,Krishna Nair,26,Other,1450231.0,INR,100,Basic,2023-09-02,2025-09-28,Monthly,2294.72,9,5,4,Grocery,Ahmedabad,India,gmail.com,iOS,Credit Card,1778,1,Yes,0,1
CUST102118,Ira Singh,40,Male,562528.0,INR,20,Silver,2022-11-16,2024-10-12,Rarely,1194.96,25,0,24,Sports,Jaipur,India,outlook.com,Web,Card,1065,4,Yes,1,1
CUST102119,Ayaan Patel,26,Male,496487.0,USD,33,Silver,2023-08-24,2023-12-16,Weekly,1966.21,9,0,9,Books,Kolkata,India,hotmail.com,iOS,Credit Card,2001,3,No,0,1
CUST102120,Aarav Patel,36,Male,827277.0,INR,100,Silver,2025-01-28,2026-06-10,Daily,822.93,24,11,12,Gaming,Jaipur,India,rediffmail.com,Web,Upi,1558,3,Yes,0,1
CUST102121,Pooja Das,24,Female,575830.0,INR,46,Silver,2021-07-04,2021-08-02,Monthly,1122.47,4,1,2,Gaming,Ahmedabad,India,outlook.com,iOS,Upi,1703,2,No,0,1
CUST102122,Neha Gupta,30,Female,679026.0,INR,35,Silver,2025-01-24,2026-03-25,Monthly,2740.83,36,27,10,Beauty,Kolkata,India,gmail.com,Android,Card,1994,1,Yes,0,1
CUST102123,Krishna Khan,22,Male,772333.0,INR,50,Silver,2022-01-16,2024-02-18,Weekly,3183.69,23,9,14,Electronics,Chennai,India,rediffmail.com,Desktop,Upi,1256,5,Yes,0,1
CUST102124, Reyansh Mishra ,12,Female,522653.0,INR,39,Basic,2024-10-06,2026-03-15,Weekly,999.21,13,10,4,Home Decor,Bengaluru,India,outlook.com,Android,Credit Card,903,4,Yes,0,1
CUST102125,Riya Nair,31,Female,370189.0,INR,27,Silver,2023-01-05,2024-12-31,Weekly,1348.57,49,36,13,Kids,Ahmedabad,India,yahoo.com,Web,Upi,885,3,Yes,0,1
CUST102126,Vivaan Rao,38,Female,567120.0,INR,60,Silver,2021-08-07,2022-04-29,Rarely,1839.83,96,70,25,Sports,Jaipur,India,gmail.com,Desktop,Wallet,1170,4,Yes,0,1
CUST102127,Rahul Gupta,38,Female,332805.0,INR,50,Silver,2024-08-07,2024-10-09,Monthly,2769.26,0,0,1,Electronics,Kolkata,India,gmail.com,Web,Wallet,572,4,No,0,1
CUST102128,Aarav Joshi,48,Male,912929.0,INR,86,Basic,2021-12-04,2022-03-09,Rarely,1240.37,1,0,1,Beauty,Bengaluru,India,gmail.com,Android,Credit Card,891,1,Yes,0,1
CUST102129,Priya Verma,33,Female,754823.0,INR,53,Gold,2021-03-22,2021-10-03,Monthly,2910.52,0,0,0,Electronics,Hyderabad,India,gmail.com,Web,Credit Card,2080,2,Yes,0,1
CUST102130,Arjun Sinha,31,Female,531168.0,INR,12,Gold,2022-05-18,2023-05-02,Rarely,1211.98,15,1,15,Grocery,Lucknow,India,hotmail.com,iOS,Upi,271,3,Yes,0,1
CUST102131,Arjun Das,22,Other,594440.0,INR,57,Gold,2024-12-28,2025-03-04,Daily,1256.02,2,1,0,Beauty,Kolkata,India,gmail.com,Android,Credit Card,1166,2,Yes,0,1
CUST102132,Myra Mishra,17,Female,382576.0,INR,30,Platinum,2022-01-04,2022-09-13,Monthly,3689.6,45,25,20,Sports,Lucknow,India,gmail.com,Android,Credit Card,514,5,Yes,0,1
CUST102133,Rahul Kumar,26,Female,703018.0,INR,62,Platinum,2024-03-22,2025-10-19,Rarely,2137.4,9,8,1,Gaming,Kolkata,India,yahoo.com,Desktop,Upi,1735,3,Yes,1,1
CUST102134,Riya Sharma,49,Other,421359.0,INR,77,Basic,2022-10-20,2024-06-16,Rarely,3317.4,11,2,9,Kids,Mumbai,India,hotmail.com,Web,Upi,1790,4,No,0,1
CUST102135,Ananya Mishra,42,Male,871456.0,USD,70,Silver,2024-02-19,2024-12-18,Weekly,1136.19,55,50,5,Beauty,Ahmedabad,India,company.com,iOS,Credit Card,1217,5,Yes,0,1
CUST102136,Vihaan Reddy,44,Male,483031.0,INR,50,Platinum,2022-03-03,2022-09-04,Monthly,4273.97,19,17,3,Home Decor,Hyderabad,India,gmail.com,Mobile,Cash,1087,2,Yes,0,1
CUST102137,Ira Iyer,33,Other,368174.0,USD,37,Silver,2024-03-10,2024-04-13,Rarely,601.73,41,0,41,Food Court,Ahmedabad,India,yahoo.com,iOS,Upi,1124,4,No,0,1
CUST102138,Sara Gupta,34,Female,324744.0,INR,66,Silver,2025-03-22,2025-04-06,Rarely,1892.24,24,20,3,Electronics,Mumbai,India,company.com,iOS,Debit Card,104,4,Yes,0,1
CUST102140,Ananya Mehta,30,Male,959976.0,INR,47,Platinum,2023-04-04,2025-07-20,Rarely,2687.5,7,6,2,Food Court,Ahmedabad,India,hotmail.com,iOS,Upi,0,2,Yes,0,1
CUST102141,Ananya Iyer,20,Male,1038156.0,USD,57,Silver,2024-12-21,2025-02-21,Rarely,5747.65,10,5,4,Kids,Kolkata,India,gmail.com,Web,Upi,1637,5,No,0,1
CUST102142,Vihaan Iyer,31,Female,436253.0,INR,50,Basic,2025-04-26,2026-05-16,Weekly,574.69,0,0,0,Sports,Jaipur,India,gmail.com,Web,Upi,1276,5,Yes,1,1
CUST102143,Aditya Joshi,42,Male,563169.0,INR,38,Platinum,2022-06-17,2024-03-10,Monthly,1981.3,5,2,2,Beauty,Ahmedabad,India,rediffmail.com,Web,Credit Card,664,3,No,0,1
CUST102144,Vihaan Patel,22,Female,604885.0,INR,87,Silver,2023-04-17,2024-06-07,Daily,1650.71,50,20,30,Grocery,Ahmedabad,India,gmail.com,Web,Wallet,715,2,No,0,1
CUST102145,Pooja Verma,37,Female,808782.0,INR,68,Silver,2021-06-22,2021-08-11,Monthly,1233.22,4,2,2,Beauty,Jaipur,India,company.com,Mobile,Debit Card,1273,4,No,0,1
CUST102146,Ira Reddy,46,Female,223335.0,INR,78,Basic,2024-12-28,2025-10-07,Monthly,1062.29,65,62,3,Kids,Delhi,India,rediffmail.com,Mobile,Credit Card,342,4,Yes,1,1
CUST102147,Krishna Chopra,30,Other,1012083.0,INR,62,Basic,2023-06-25,2023-10-13,Rarely,833.12,9,3,6,Electronics,Ahmedabad,India,yahoo.com,iOS,Debit Card,728,3,No,0,1
CUST102148,Vihaan Chopra,25,Male,858348.0,INR,64,Platinum,2022-05-23,2023-01-27,Rarely,1237.36,13,5,9,Kids,Mumbai,India,gmail.com,Desktop,Cash,963,3,No,0,1
CUST102149, Aadhya Gupta ,34,Male,434587.0,INR,99,Platinum,2024-02-20,2024-02-20,Weekly,1608.03,75,60,16,Fashion,Hyderabad,India,outlook.com,Desktop,Cash,1161,3,No,0,0
CUST102150,Myra Kapoor,23,Male,266308.0,INR,46,Basic,2023-05-11,2024-08-05,Monthly,2237.88,2,0,1,Books,Delhi,India,gmail.com,Mobile,Upi,900,5,No,0,1
CUST102151,Meera Reddy,22,Male,795799.0,INR,40,Gold,2025-07-11,2025-11-26,Weekly,2718.71,23,11,12,Home Decor,Kolkata,India,outlook.com,iOS,Upi,1162,5,Yes,0,1
CUST101532,Riya Nair,35,Female,648622.0,INR,79,Gold,2024-09-25,2025-06-26,Daily,2255.18,47,13,35,Fashion,Hyderabad,India,company.com,iOS,Cash,1760,1,No,0,1
CUST102156,Rahul Kapoor,49,Female,648622.0,INR,71,Silver,2022-09-08,2024-05-10,Rarely,1153.02,9,5,4,Sports,Bangalore,India,gmail.com,Android,Credit Card,728,1,No,0,1
CUST102157,Aadhya Sinha,36,Male,321048.0,USD,76,Gold,2021-09-16,2022-01-04,Rarely,586.75,10,1,10,Home Decor,Hyderabad,India,gmail.com,iOS,Upi,301,1,Yes,0,1
CUST102158,Neha Iyer,45,Male,268822.0,INR,77,Silver,2025-01-19,2025-06-20,Rarely,649.38,54,32,23,Kids,Jaipur,India,gmail.com,Web,Credit Card,1565,3,Yes,0,1
CUST102159,Ayaan Das,33,Other,1050231.0,INR,55,Silver,2023-06-03,2023-06-03,Weekly,1471.23,18,16,2,Books,Mumbai,India,yahoo.com,iOS,Upi,528,5,Yes,0,0
CUST102161,Ayaan Reddy,39,Female,160554.0,INR,47,Silver,2024-05-29,2024-07-24,Weekly,1062.94,4,2,3,Food Court,Kolkata,India,yahoo.com,iOS,Upi,1575,5,Yes,0,1
CUST102162,Reyansh Verma,11,Male,554642.0,INR,61,Platinum,2023-06-14,2024-03-13,Weekly,1759.56,15,5,10,Sports,Bengaluru,India,gmail.com,iOS,Upi,956,2,Yes,0,1
CUST102163,Riya Mishra,44,Male,568903.0,USD,48,Platinum,2024-05-19,2024-09-18,Monthly,7780.23,39,5,35,Gaming,Chennai,India,company.com,iOS,Cash,1014,3,Yes,0,1
CUST102164,Ayaan Reddy,24,Female,747394.0,INR,64,Platinum,2022-10-21,2024-06-20,Daily,2209.33,21,13,8,Sports,Kolkata,India,yahoo.com,iOS,Cash,0,3,No,0,1
CUST102165,Myra Iyer,40,Female,843433.0,INR,32,Gold,2023-05-11,2023-05-11,Rarely,1836.25,9,0,9,Books,Pune,India,outlook.com,iOS,Credit Card,603,1,Yes,0,0
CUST102166,Arjun Khan,33,Female,441528.0,INR,51,Platinum,2025-08-19,2025-08-19,Rarely,2638.82,6,3,2,Home Decor,Chennai,India,gmail.com,Mobile,Upi,568,1,Yes,0,0
CUST102167,Neha Kapoor,34,Female,648622.0,INR,55,Basic,2021-10-22,2023-12-29,Weekly,4185.23,8,3,4,Grocery,Kolkata,India,outlook.com,Desktop,Upi,1081,3,Yes,0,1
CUST102168,Pooja Mishra,41,Other,282324.0,INR,66,Basic,2025-08-17,2025-09-22,Weekly,1933.83,34,29,5,Kids,Pune,India,company.com,Android,Credit Card,447,5,Yes,0,1
CUST102169,Aadhya Nair,20,Female,1562015.0,INR,18,Basic,2022-05-19,2024-08-03,Daily,1977.67,6,4,3,Fashion,Jaipur,India,gmail.com,iOS,Upi,1254,5,No,0,1
CUST102170,Reyansh Nair,24,Female,865177.0,INR,63,Silver,2024-07-19,2026-05-15,Monthly,1975.61,43,35,8,Electronics,Mumbai,India,gmail.com,Android,Upi,2384,5,Yes,0,1
CUST102171,Rahul Joshi,44,Male,648622.0,INR,56,Basic,2023-10-29,2024-05-08,Monthly,840.61,12,4,9,Fashion,Hyderabad,India,gmail.com,Android,Card,875,4,No,0,1
CUST102172,Ayaan Mishra,27,Other,279694.0,USD,83,Gold,2024-03-31,2025-10-25,Monthly,1510.18,9,0,9,Sports,Bengaluru,India,hotmail.com,Web,Credit Card,1661,4,Yes,0,1
CUST102173,Sara Verma,29,Female,1273047.0,USD,38,Silver,2022-01-13,2024-07-02,Weekly,2396.58,0,0,0,Beauty,Bengaluru,India,gmail.com,Web,Debit Card,1448,3,Yes,1,1
CUST102174,Myra Verma,18,Female,420537.0,INR,54,Platinum,2025-01-08,2025-02-02,Daily,909.43,5,2,4,Electronics,Mumbai,India,gmail.com,Android,Card,1023,2,Yes,0,1
CUST102175,Vivaan Kumar,30,Female,648622.0,INR,60,Platinum,2025-04-08,2026-06-18,Rarely,2829.71,0,0,0,Grocery,Chennai,India,gmail.com,Desktop,Credit Card,2112,3,Yes,1,1
CUST_NEW0049,Meera Mehta,22,Male,648622.0,INR,27,Basic,2023-12-10,2024-01-11,Daily,2829.25,3,2,0,Books,Bangalore,India,gmail.com,Android,Debit Card,336,3,No,1,1
CUST102177,Pooja Das,33,Female,1463278.0,INR,71,Gold,2021-02-28,2022-07-12,Monthly,2026.29,36,25,11,Electronics,Pune,India,gmail.com,iOS,Upi,2091,3,No,0,1
CUST102178,Diya Khan,47,Female,320300.0,INR,15,Platinum,2022-11-29,2023-10-28,Weekly,2615.66,16,10,7,Beauty,Hyderabad,India,gmail.com,iOS,Upi,1566,3,No,0,1
CUST102179,Reyansh Mehta,36,Male,506541.0,INR,38,Basic,2023-07-24,2023-11-09,Monthly,2815.88,17,4,13,Home Decor,Jaipur,India,yahoo.com,iOS,Credit Card,1302,2,No,0,1
CUST102180,Arjun Sharma,0,Female,481848.0,INR,90,Gold,2021-08-13,2022-01-04,Daily,275.75,0,0,1,Fashion,Bengaluru,India,hotmail.com,Android,Upi,1232,1,Yes,1,1
CUST102181,Ayaan Sharma,51,Female,740368.0,INR,83,Platinum,2022-03-15,2023-10-25,Monthly,11256.36,8,1,7,Beauty,Chennai,India,hotmail.com,Mobile,Cash,1489,4,No,1,1
CUST102182,Arjun Sharma,55,Female,540808.0,INR,43,Platinum,2021-11-11,2024-02-25,Rarely,3431.51,62,0,61,Gaming,Bengaluru,India,yahoo.com,Desktop,Wallet,1255,1,Yes,0,1
CUST102183,Ananya Kapoor,33,Male,655960.0,INR,60,Silver,2024-11-10,2024-12-12,Rarely,10830.43,12,5,6,Electronics,Bengaluru,India,gmail.com,iOS,Debit Card,769,1,Yes,0,1
CUST102184,Rahul Kumar,18,Male,609416.0,INR,60,Basic,2021-06-15,2021-10-24,Weekly,1374.4,11,8,3,Gaming,Delhi,India,gmail.com,Mobile,Credit Card,1944,1,Yes,1,1
CUST102185,Diya Das,37,Female,532595.0,INR,75,Silver,2021-01-17,2022-08-24,Rarely,797.16,25,15,11,Beauty,Delhi,India,company.com,Web,Credit Card,1002,3,No,0,1
CUST102186, Kiara Mehta ,24,Male,747703.0,INR,62,Basic,2021-06-06,2021-06-17,Weekly,2581.77,0,0,0,Grocery,Lucknow,India,yahoo.com,iOS,Upi,1190,4,Yes,0,1
CUST102187, Vivaan Verma ,39,Male,607968.0,INR,59,Platinum,2024-07-21,2024-09-14,Daily,3530.75,54,1,53,Sports,Hyderabad,India,gmail.com,Android,Wallet,515,4,No,0,1
CUST102188,Sara Kumar,59,Other,368050.0,USD,84,Gold,2024-02-17,2024-06-29,Weekly,695.5,9,8,0,Sports,Bengaluru,India,yahoo.com,Android,Card,0,4,No,0,1
CUST102189,Myra Gupta,36,Other,736438.0,INR,32,Silver,2021-09-05,2024-01-31,Daily,1214.99,4,2,2,Electronics,Jaipur,India,yahoo.com,Android,Upi,680,5,No,1,1
CUST102190,Ishaan Joshi,33,Female,608420.0,INR,44,Platinum,2021-04-27,2022-06-04,Rarely,1703.09,30,26,5,Sports,Ahmedabad,India,yahoo.com,Android,Upi,2291,5,No,0,1
CUST102191,Pooja Chopra,43,Female,648622.0,INR,55,Platinum,2024-08-21,2025-09-06,Daily,2138.43,3,2,1,Grocery,Hyderabad,India,gmail.com,iOS,Credit Card,1394,1,Yes,0,1
CUST102192,Ira Singh,54,Female,426617.0,INR,50,Silver,2022-11-19,2024-03-12,Monthly,2316.33,7,5,1,Sports,Kolkata,India,gmail.com,Mobile,Credit Card,1191,4,Yes,0,1
CUST102193,Priya Mishra,25,Female,1127644.0,INR,13,Silver,2023-09-08,2024-10-27,Weekly,1027.22,15,14,1,Fashion,Hyderabad,India,outlook.com,Web,Cash,1311,2,Yes,0,1
CUST102194,Krishna Singh,36,Female,482387.0,USD,94,Platinum,2023-02-03,2023-02-03,Weekly,2171.15,24,17,8,Kids,Mumbai,India,outlook.com,iOS,Wallet,2022,1,No,0,0
CUST102195,Meera Joshi,25,Male,1037539.0,USD,76,Silver,2021-06-02,2023-03-07,Daily,5014.8,2,1,1,Sports,Bengaluru,India,company.com,iOS,Cash,2021,3,No,0,1
CUST102197,Aadhya Nair,44,Female,338938.0,INR,27,Silver,2022-09-09,2022-11-20,Daily,2096.34,14,7,7,Beauty,Jaipur,India,rediffmail.com,iOS,Wallet,1621,4,No,0,1
CUST102198,Sai Mehta,33,Female,1111635.0,INR,50,Silver,2025-01-02,2025-10-08,Weekly,2369.82,0,0,0,Books,Jaipur,India,gmail.com,Desktop,Credit Card,280,2,No,0,1
CUST102199,Priya Rao,33,Female,389565.0,INR,60,Silver,2023-03-16,2025-03-19,Weekly,1735.92,47,18,30,Kids,Hyderabad,India,rediffmail.com,Desktop,Credit Card,1523,3,Yes,0,1
CUST102200,Krishna Sinha,43,Male,1381249.0,INR,44,Silver,2021-08-31,2024-12-02,Rarely,2456.84,53,44,9,Fashion,Kolkata,India,gmail.com,iOS,Card,1695,3,Yes,1,1
